canonical_id,type,name_ko,name_ko_primary,is_alias,name_en,name_display,tier,key_ko,key_en,key_len,region_group,ko_source,wikidata
gra00105,grape,가르가네가,가르가네가,0,Garganega,Garganega,,가르가네가,garganega,10,,manual,
gra00106,grape,가르나차 틴타,가르나차 틴타,0,Garnacha Tinta,Garnacha Tinta,,가르나자디ᄂ다,garnacha tinta,13,,manual,
gra00103,grape,가마레,가마레,0,Gamaret,Gamaret,,가마레,gamaret,6,,wikidata,
gra00104,grape,가메,가메,0,Gamay,Gamay,,가메,gamay,4,,manual,
gra00104,grape,갸메,가메,1,Gamay,Gamay,,가메,gamay,4,,alias,
gra00104,grape,가메이,가메,1,Gamay,Gamay,,가메ᅵ,gamay,5,,alias,
gra00102,grape,갈리오포,갈리오포,0,Gaglioppo,Gaglioppo,,가ᄅ리ᅩ보,gaglioppo,8,,manual,
gra00102,grape,가리오포,갈리오포,1,Gaglioppo,Gaglioppo,,가리ᅩ보,gaglioppo,7,,alias,
gra00134,grape,거봉,거봉,0,Kyoho,Kyoho,,거봉,kyoho,5,,wikidata,
gra00107,grape,게뷔르츠트라미너,게뷔르츠트라미너,0,Gewürztraminer,Gewürztraminer,,게뷔르즈드라미너,gewurztraminer,16,,manual,
gra00107,grape,게부르츠트라미너,게뷔르츠트라미너,1,Gewürztraminer,Gewürztraminer,,게부르즈드라미너,gewurztraminer,16,,alias,
gra00109,grape,고델로,고델로,0,Godello,Godello,,고데ᄅ로,godello,7,,manual,
gra00135,grape,고슈,고슈,0,Kōshū,Kōshū,,고수,koshu,4,,manual,
gra00110,grape,그라시아노,그라시아노,0,Graciano,Graciano,,그라시ᅡ노,graciano,9,,manual,
gra00111,grape,그라우부르군더,그라우부르군더,0,Grauburgunder,Grauburgunder,,그라ᅮ부르구ᄂ더,grauburgunder,14,,added,
gra00112,grape,그레카니코,그레카니코,0,Grecanico,Grecanico,,그레가니고,grecanico,10,,added,
gra00113,grape,그레케토,그레케토,0,Grechetto,Grechetto,,그레게도,grechetto,8,,manual,
gra00114,grape,그레코,그레코,0,Greco,Greco,,그레고,greco,6,,manual,
gra00114,grape,그레코 디 투포,그레코,1,Greco,Greco,,그레고디두보,greco,12,,alias,
gra00115,grape,그레코 네로,그레코 네로,0,Greco Nero,Greco Nero,,그레고네로,greco nero,10,,manual,
gra00122,grape,그로 망생,그로 망생,0,Gros Manseng,Gros Manseng,,그로망셍,gros manseng,10,,manual,
gra00121,grape,그로펠로,그로펠로,0,Groppello,Groppello,,그로베ᄅ로,groppello,9,,manual,
gra00120,grape,그롤로,그롤로,0,Grolleau,Grolleau,,그로ᄅ로,grolleau,7,,wikidata,
gra00123,grape,그뤼너 벨트리너,그뤼너 벨트리너,0,Grüner Veltliner,Grüner Veltliner,,그뤼너베ᄅ드리너,gruner veltliner,15,,manual,
gra00123,grape,그루너 벨트리너,그뤼너 벨트리너,1,Grüner Veltliner,Grüner Veltliner,,그루너베ᄅ드리너,gruner veltliner,15,,alias,
gra00116,grape,그르나슈,그르나슈,0,Grenache,Grenache,,그르나수,grenache,8,,manual,
gra00116,grape,가르나차,그르나슈,1,Grenache,Grenache,,가르나자,grenache,8,,alias,
gra00116,grape,가르나챠,그르나슈,1,Grenache,Grenache,,가르나자,grenache,8,,alias,
gra00116,grape,그르나쉬,그르나슈,1,Grenache,Grenache,,그르나쉬,grenache,8,,alias,
gra00117,grape,그르나슈 누아,그르나슈 누아,0,Grenache noir,Grenache noir,,그르나수누ᅡ,grenache noir,11,,added,
gra00118,grape,그리뇰리노,그리뇰리노,0,Grignolino,Grignolino,,그리노ᄅ리노,grignolino,11,,manual,
gra00119,grape,그릴로,그릴로,0,Grillo,Grillo,,그리ᄅ로,grillo,7,,manual,
gra00108,grape,글레라,글레라,0,Glera,Glera,,그ᄅ레라,glera,7,,manual,
gra00108,grape,프로세코,글레라,1,Glera,Glera,,브로세고,glera,8,,alias,
gra00181,grape,나셰타,나셰타,0,Nascetta,Nascetta,,나세다,nascetta,6,,manual,
gra00188,grape,나이아가라,나이아가라,0,Niagara,Niagara,,나ᅵᅡ가라,niagara,8,,auto,
gra00193,grape,네그레트,네그레트,0,Négrette,Négrette,,네그레드,negrette,8,,manual,
gra00183,grape,네그로아마로,네그로아마로,0,Negroamaro,Negroamaro,,네그로ᅡ마로,negroamaro,11,,manual,
gra00185,grape,네렐로 마스칼레제,네렐로 마스칼레제,0,Nerello Mascalese,Nerello Mascalese,,네레ᄅ로마스가ᄅ레제,nerello mascalese,18,,manual,
gra00184,grape,네렐로 카푸초,네렐로 카푸초,0,Nerello Cappuccio,Nerello Cappuccio,,네레ᄅ로가부조,nerello cappuccio,13,,manual,
gra00186,grape,네로 다볼라,네로 다볼라,0,Nero d'Avola,Nero d'Avola,,네로다보ᄅ라,nero davola,11,,manual,
gra00186,grape,네로다볼라,네로 다볼라,1,Nero d'Avola,Nero d'Avola,,네로다보ᄅ라,nero davola,11,,alias,
gra00187,grape,네로 디 트로이아,네로 디 트로이아,0,Nero di Troia,Nero di Troia,,네로디드로ᅵᅡ,nero di troia,12,,added,
gra00182,grape,네비올로,네비올로,0,Nebbiolo,Nebbiolo,,네비ᅩᄅ로,nebbiolo,8,,manual,
gra00182,grape,네비올라,네비올로,1,Nebbiolo,Nebbiolo,,네비ᅩᄅ라,nebbiolo,8,,alias,
gra00182,grape,네비욜로,네비올로,1,Nebbiolo,Nebbiolo,,네비ᅩᄅ로,nebbiolo,8,,alias,
gra00191,grape,노시올라,노시올라,0,Nosiola,Nosiola,,노시ᅩᄅ라,nosiola,8,,manual,
gra00189,grape,노체라,노체라,0,Nocera,Nocera,,노제라,nocera,6,,manual,
gra00190,grape,노턴,노턴,0,Norton,Norton,,노더ᄂ,norton,5,,added,
gra00192,grape,누라구스,누라구스,0,Nuragus,Nuragus,,누라구스,nuragus,8,,manual,
gra00080,grape,다이아몬드,다이아몬드,0,Diamond,Diamond,,다ᅵᅡ모ᄂ드,diamond,9,,auto,
gra00078,grape,데다투르제니,데다투르제니,0,Dedatyurdzeni,Dedatyurdzeni,,데다두르제니,dedatyurdzeni,12,,wikidata,
gra00079,grape,델라웨어,델라웨어,0,Delaware,Delaware,,데ᄅ라ᅰᅥ,delaware,7,,wikidata,
gra00082,grape,도른펠더,도른펠더,0,Dornfelder,Dornfelder,,도르ᄂ베ᄅ더,dornfelder,10,,manual,
gra00081,grape,돌체토,돌체토,0,Dolcetto,Dolcetto,,도ᄅ제도,dolcetto,7,,manual,
gra00081,grape,돌체또,돌체토,1,Dolcetto,Dolcetto,,도ᄅ제도,dolcetto,7,,alias,
gra00085,grape,두렐라,두렐라,0,Durella,Durella,,두레ᄅ라,durella,7,,manual,
gra00084,grape,뒤라스,뒤라스,0,Duras,Duras,,뒤라스,duras,6,,manual,
gra00086,grape,뒤리프,뒤리프,0,Durif,Durif,,뒤리브,durif,6,,manual,
gra00137,grape,라그레인,라그레인,0,Lagrein,Lagrein,,라그레ᅵᄂ,lagrein,8,,manual,
gra00223,grape,라치나 피콜라,라치나 피콜라,0,Racina Piccola,Racina Piccola,,라지나비고ᄅ라,racina piccola,13,,wikidata,
gra00136,grape,라크리마,라크리마,0,Lacrima,Lacrima,,라그리마,lacrima,8,,manual,
gra00138,grape,람브루스코,람브루스코,0,Lambrusco,Lambrusco,,라ᄆ브루스고,lambrusco,11,,added,
gra00224,grape,레드 이글,레드 이글,0,Red Eagle,Red Eagle,,레드ᅵ그ᄅ,red eagle,8,,auto,
gra00227,grape,레지넬라,레지넬라,0,Reginella,Reginella,,레지네ᄅ라,reginella,9,,wikidata,
gra00139,grape,레쿠리 유르제니,레쿠리 유르제니,0,Lekuri Yurdzeni,Lekuri Yurdzeni,,레구리ᅮ르제니,lekuri yurdzeni,13,,wikidata,
gra00225,grape,레포스코,레포스코,0,Refosco,Refosco,,레보스고,refosco,8,,manual,
gra00226,grape,레포스코 달 페둔콜로 로소,레포스코 달 페둔콜로 로소,0,Refosco dal Peduncolo Rosso,Refosco dal Peduncolo Rosso,,레보스고다ᄅ베두ᄂ고ᄅ로로소,refosco dal peduncolo rosso,25,,manual,
gra00232,grape,로디티스,로디티스,0,Roditis,Roditis,,로디디스,roditis,8,,added,
gra00140,grape,로레이루,로레이루,0,Loureiro,Loureiro,,로레ᅵ루,loureiro,7,,manual,
gra00234,grape,로세제,로세제,0,Rossese nero,Rossese nero,,로세제,rossese nero,6,,manual,
gra00233,grape,론디넬라,론디넬라,0,Rondinella,Rondinella,,로ᄂ디네ᄅ라,rondinella,10,,manual,
gra00237,grape,루비 시들리스,루비 시들리스,0,Ruby Seedless,Ruby Seedless,,루비시드ᄅ리스,ruby seedless,13,,wikidata,
gra00235,grape,루산,루산,0,Roussanne,Roussanne,,루사ᄂ,roussanne,5,,manual,
gra00235,grape,루싼느,루산,1,Roussanne,Roussanne,,루사ᄂ느,roussanne,7,,alias,
gra00236,grape,루시,루시,0,Roussi,Roussi,,루시,roussi,4,,wikidata,
gra00239,grape,루엔,루엔,0,Ruen,Ruen,,루ᅦᄂ,ruen,4,,wikidata,
gra00238,grape,루케,루케,0,Ruché,Ruché,,루게,ruche,4,,manual,
gra00231,grape,르카치텔리,르카치텔리,0,Rkatsiteli,Rkatsiteli,,르가지데ᄅ리,rkatsiteli,11,,manual,
gra00228,grape,리볼라 지알라,리볼라 지알라,0,Ribolla Gialla,Ribolla Gialla,,리보ᄅ라지ᅡᄅ라,ribolla gialla,13,,manual,
gra00228,grape,리볼라 좔라,리볼라 지알라,1,Ribolla Gialla,Ribolla Gialla,,리보ᄅ라좌ᄅ라,ribolla gialla,12,,alias,
gra00229,grape,리슬라너,리슬라너,0,Rieslaner,Rieslaner,,리스ᄅ라너,rieslaner,9,,manual,
gra00230,grape,리슬링,리슬링,0,Riesling,Riesling,,리스ᄅ링,riesling,8,,manual,
gra00230,grape,리스링,리슬링,1,Riesling,Riesling,,리스링,riesling,7,,alias,
gra00230,grape,리즐링,리슬링,1,Riesling,Riesling,,리즈ᄅ링,riesling,8,,alias,
gra00150,grape,마르산,마르산,0,Marsanne,Marsanne,,마르사ᄂ,marsanne,7,,manual,
gra00150,grape,마르싼느,마르산,1,Marsanne,Marsanne,,마르사ᄂ느,marsanne,9,,alias,
gra00152,grape,마르체미노,마르체미노,0,Marzemino,Marzemino,,마르제미노,marzemino,10,,manual,
gra00151,grape,마사,마사,0,Martha,Martha,,마사,martha,4,,auto,
gra00153,grape,마수엘로,마수엘로,0,Mazuelo,Mazuelo,,마수ᅦᄅ로,mazuelo,8,,added,
gra00141,grape,마카베오,마카베오,0,Macabeo,Macabeo,,마가베ᅩ,macabeo,7,,manual,
gra00141,grape,비우라,마카베오,1,Macabeo,Macabeo,,비ᅮ라,macabeo,5,,alias,
gra00142,grape,마카뵈,마카뵈,0,Maccabeu,Maccabeu,,마가붸,maccabeu,6,,added,
gra00149,grape,마켓,마켓,0,Marquette,Marquette,,마게ᄉ,marquette,5,,added,
gra00144,grape,말라구시아,말라구시아,0,Malagousia,Malagousia,,마ᄅ라구시ᅡ,malagousia,10,,manual,
gra00143,grape,말리오코,말리오코,0,Magliocco Dolce,Magliocco Dolce,,마ᄅ리ᅩ고,magliocco dolce,8,,manual,
gra00146,grape,말바지아,말바지아,0,Malvasia,Malvasia,,마ᄅ바지ᅡ,malvasia,8,,manual,
gra00147,grape,말바지아 디 카소르초,말바지아 디 카소르초,0,Malvasia di Casorzo,Malvasia di Casorzo,,마ᄅ바지ᅡ디가소르조,malvasia di casorzo,18,,manual,
gra00145,grape,말벡,말벡,0,Malbec,Malbec,,마ᄅ베ᄀ,malbec,6,,manual,
gra00145,grape,꼬뜨,말벡,1,Malbec,Malbec,,고드,malbec,4,,alias,
gra00145,grape,말백,말벡,1,Malbec,Malbec,,마ᄅ베ᄀ,malbec,6,,alias,
gra00145,grape,말베크,말벡,1,Malbec,Malbec,,마ᄅ베그,malbec,7,,alias,
gra00148,grape,맘몰로,맘몰로,0,Mammolo,Mammolo,,마ᄆ모ᄅ로,mammolo,8,,manual,
gra00309,grape,머루,머루,0,Vitis coignetiae,Vitis coignetiae,,머루,vitis coignetiae,4,,wikidata,
gra00179,grape,머스캣 오브 알렉산드리아,머스캣 오브 알렉산드리아,0,Muscat of Alexandria,Muscat of Alexandria,,머스게소브ᅡᄅ레ᄀ사ᄂ드리ᅡ,muscat of alexandria,23,,manual,
gra00157,grape,메를로,메를로,0,Merlot,Merlot,,메르ᄅ로,merlot,7,,manual,
gra00157,grape,멀롯,메를로,1,Merlot,Merlot,,머ᄅ로ᄉ,merlot,6,,alias,
gra00157,grape,멜로,메를로,1,Merlot,Merlot,,메ᄅ로,merlot,5,,alias,
gra00157,grape,멜롯,메를로,1,Merlot,Merlot,,메ᄅ로ᄉ,merlot,6,,alias,
gra00157,grape,메를롯,메를로,1,Merlot,Merlot,,메르ᄅ로ᄉ,merlot,8,,alias,
gra00156,grape,메를리크,메를리크,0,Merlic,Merlic,,메르ᄅ리그,merlic,9,,wikidata,
gra00155,grape,멘시아,멘시아,0,Mencia,Mencia,,메ᄂ시ᅡ,mencia,6,,manual,
gra00165,grape,모니카,모니카,0,Monica,Monica,,모니가,monica,6,,manual,
gra00168,grape,모스카텔,모스카텔,0,Moscatel,Moscatel,,모스가데ᄅ,moscatel,9,,added,
gra00169,grape,모스카토,모스카토,0,Moscato,Moscato,,모스가도,moscato,8,,added,
gra00169,grape,머스캣,모스카토,1,Moscato,Moscato,,머스게ᄉ,moscato,7,,alias,
gra00169,grape,뮈스까,모스카토,1,Moscato,Moscato,,뮈스가,moscato,6,,alias,
gra00171,grape,모스카토 다스티,모스카토 다스티,0,Moscato d'Asti,Moscato d'Asti,,모스가도다스디,moscato dasti,14,,added,
gra00171,grape,모스카토 아스티,모스카토 다스티,1,Moscato d'Asti,Moscato d'Asti,,모스가도ᅡ스디,moscato dasti,13,,alias,
gra00171,grape,무스카토 다스티,모스카토 다스티,1,Moscato d'Asti,Moscato d'Asti,,무스가도다스디,moscato dasti,14,,alias,
gra00171,grape,무스카토 아스티,모스카토 다스티,1,Moscato d'Asti,Moscato d'Asti,,무스가도ᅡ스디,moscato dasti,13,,alias,
gra00170,grape,모스카토 비앙코,모스카토 비앙코,0,Moscato Bianco,Moscato Bianco,,모스가도비ᅡᆼ고,moscato bianco,14,,added,
gra00172,grape,모스코필레로,모스코필레로,0,Moschofilero,Moschofilero,,모스고비ᄅ레로,moschofilero,13,,manual,
gra00167,grape,몬테풀차노 다브루초,몬테풀차노 다브루초,0,Montepulciano d'Abruzzo,Montepulciano d'Abruzzo,,모ᄂ데부ᄅ자노다브루조,montepulciano dabruzzo,20,,added,
gra00167,grape,다부루쪼,몬테풀차노 다브루초,1,Montepulciano d'Abruzzo,Montepulciano d'Abruzzo,,다부루조,montepulciano dabruzzo,8,,alias,
gra00167,grape,다부루초,몬테풀차노 다브루초,1,Montepulciano d'Abruzzo,Montepulciano d'Abruzzo,,다부루조,montepulciano dabruzzo,8,,alias,
gra00167,grape,다부르쪼,몬테풀차노 다브루초,1,Montepulciano d'Abruzzo,Montepulciano d'Abruzzo,,다부르조,montepulciano dabruzzo,8,,alias,
gra00167,grape,다부르쬬,몬테풀차노 다브루초,1,Montepulciano d'Abruzzo,Montepulciano d'Abruzzo,,다부르조,montepulciano dabruzzo,8,,alias,
gra00167,grape,다부르초,몬테풀차노 다브루초,1,Montepulciano d'Abruzzo,Montepulciano d'Abruzzo,,다부르조,montepulciano dabruzzo,8,,alias,
gra00167,grape,다부르쵸,몬테풀차노 다브루초,1,Montepulciano d'Abruzzo,Montepulciano d'Abruzzo,,다부르조,montepulciano dabruzzo,8,,alias,
gra00167,grape,다브루쪼,몬테풀차노 다브루초,1,Montepulciano d'Abruzzo,Montepulciano d'Abruzzo,,다브루조,montepulciano dabruzzo,8,,alias,
gra00167,grape,다브루쬬,몬테풀차노 다브루초,1,Montepulciano d'Abruzzo,Montepulciano d'Abruzzo,,다브루조,montepulciano dabruzzo,8,,alias,
gra00167,grape,다브루쵸,몬테풀차노 다브루초,1,Montepulciano d'Abruzzo,Montepulciano d'Abruzzo,,다브루조,montepulciano dabruzzo,8,,alias,
gra00167,grape,디아부르초,몬테풀차노 다브루초,1,Montepulciano d'Abruzzo,Montepulciano d'Abruzzo,,디ᅡ부르조,montepulciano dabruzzo,9,,alias,
gra00167,grape,디아부르쵸,몬테풀차노 다브루초,1,Montepulciano d'Abruzzo,Montepulciano d'Abruzzo,,디ᅡ부르조,montepulciano dabruzzo,9,,alias,
gra00167,grape,몬테풀차노 다부르쪼,몬테풀차노 다브루초,1,Montepulciano d'Abruzzo,Montepulciano d'Abruzzo,,모ᄂ데부ᄅ자노다부르조,montepulciano dabruzzo,20,,alias,
gra00167,grape,몬테풀치아노 다부르쪼,몬테풀차노 다브루초,1,Montepulciano d'Abruzzo,Montepulciano d'Abruzzo,,모ᄂ데부ᄅ지ᅡ노다부르조,montepulciano dabruzzo,21,,alias,
gra00167,grape,몬테풀치아노 다부르초,몬테풀차노 다브루초,1,Montepulciano d'Abruzzo,Montepulciano d'Abruzzo,,모ᄂ데부ᄅ지ᅡ노다부르조,montepulciano dabruzzo,21,,alias,
gra00167,grape,몬테풀치아노 다브루쪼,몬테풀차노 다브루초,1,Montepulciano d'Abruzzo,Montepulciano d'Abruzzo,,모ᄂ데부ᄅ지ᅡ노다브루조,montepulciano dabruzzo,21,,alias,
gra00166,grape,몬테풀치아노,몬테풀치아노,0,Montepulciano,Montepulciano,,모ᄂ데부ᄅ지ᅡ노,montepulciano,13,,manual,
gra00166,grape,몬테풀차노,몬테풀치아노,1,Montepulciano,Montepulciano,,모ᄂ데부ᄅ자노,montepulciano,12,,alias,
gra00166,grape,몬떼뿔치아노,몬테풀치아노,1,Montepulciano,Montepulciano,,모ᄂ데부ᄅ지ᅡ노,montepulciano,13,,alias,
gra00163,grape,몰리나라,몰리나라,0,Molinara,Molinara,,모ᄅ리나라,molinara,9,,manual,
gra00164,grape,몽되즈 누아르,몽되즈 누아르,0,Mondeuse Noire,Mondeuse Noire,,몽뒈즈누ᅡ르,mondeuse noire,12,,manual,
gra00173,grape,무르베드르,무르베드르,0,Mourvèdre,Mourvèdre,,무르베드르,mourvedre,10,,manual,
gra00173,grape,마타로,무르베드르,1,Mourvèdre,Mourvèdre,,마다로,mourvedre,6,,alias,
gra00173,grape,모나스트렐,무르베드르,1,Mourvèdre,Mourvèdre,,모나스드레ᄅ,mourvedre,11,,alias,
gra00176,grape,무스카,무스카,0,Muscat,Muscat,,무스가,muscat,6,,alias,
gra00178,grape,뮈스카,뮈스카,0,Muscat Ottonel,Muscat Ottonel,,뮈스가,muscat ottonel,6,,manual,
gra00177,grape,뮈스카 블랑 아 프티 그랭,뮈스카 블랑 아 프티 그랭,0,Muscat Blanc à Petits Grains,Muscat Blanc à Petits Grains,,뮈스가브ᄅ랑ᅡ브디그렝,muscat blanc a petits grains,22,,manual,
gra00175,grape,뮈스카델,뮈스카델,0,Muscadelle,Muscadelle,,뮈스가데ᄅ,muscadelle,9,,manual,
gra00180,grape,뮐러 투르가우,뮐러 투르가우,0,Müller-Thurgau,Müller-Thurgau,,뮈ᄅ러두르가ᅮ,mullerthurgau,12,,manual,
gra00180,grape,뮬러 투르가우,뮐러 투르가우,1,Müller-Thurgau,Müller-Thurgau,,무ᄅ러두르가ᅮ,mullerthurgau,12,,alias,
gra00174,grape,므츠바네,므츠바네,0,Mtsvane,Mtsvane,,므즈바네,mtsvane,8,,manual,
gra00162,grape,므크비비 유르제니,므크비비 유르제니,0,Mkvivi Yurdzeni,Mkvivi Yurdzeni,,므그비비ᅮ르제니,mkvivi yurdzeni,15,,wikidata,
gra00154,grape,믈롱 드 부르고뉴,믈롱 드 부르고뉴,0,Melon de Bourgogne,Melon de Bourgogne,,므ᄅ롱드부르고누,melon de bourgogne,16,,manual,
gra00154,grape,뮈스카데,믈롱 드 부르고뉴,1,Melon de Bourgogne,Melon de Bourgogne,,뮈스가데,melon de bourgogne,8,,alias,
gra00310,grape,미국포도,미국포도,0,Vitis labrusca,Vitis labrusca,,미구ᄀ보도,vitis labrusca,9,,wikidata,
gra00159,grape,미누톨로,미누톨로,0,Minutolo,Minutolo,,미누도ᄅ로,minutolo,9,,manual,
gra00161,grape,미션,미션,0,Mission,Mission,,미서ᄂ,mission,5,,wikidata,
gra00160,grape,미스케트 트라키이스키,미스케트 트라키이스키,0,Misket Trakiyski,Misket Trakiyski,,미스게드드라기ᅵ스기,misket trakiyski,19,,wikidata,
gra00158,grape,민넬라,민넬라,0,Minnella,Minnella,,미ᄂ네ᄅ라,minnella,8,,added,
gra00022,grape,바가,바가,0,Baga,Baga,,바가,baga,4,,manual,
gra00023,grape,바기스 유르제니,바기스 유르제니,0,Baghis Yurdzeni,Baghis Yurdzeni,,바기스ᅮ르제니,baghis yurdzeni,13,,wikidata,
gra00295,grape,바르디스페리 유르제니,바르디스페리 유르제니,0,Vardisperi Yurdzeni,Vardisperi Yurdzeni,,바르디스베리ᅮ르제니,vardisperi yurdzeni,19,,wikidata,
gra00024,grape,바르베라,바르베라,0,Barbera,Barbera,,바르베라,barbera,8,,manual,
gra00313,grape,바이스부르군더,바이스부르군더,0,Weissburgunder,Weissburgunder,,바ᅵ스부르구ᄂ더,weissburgunder,14,,added,
gra00313,grape,피노 블랑,바이스부르군더,1,Weissburgunder,Weissburgunder,,비노브ᄅ랑,weissburgunder,10,,alias,
gra00021,grape,바코 누아,바코 누아,0,Baco Noir,Baco Noir,,바고누ᅡ,baco noir,7,,added,
gra00020,grape,바쿠스,바쿠스,0,Bacchus,Bacchus,,바구스,bacchus,6,,added,
gra00038,grape,버베아스커 네아그러,버베아스커 네아그러,0,Băbească Neagră,Băbească Neagră,,버베ᅡ스거네ᅡ그러,babeasca neagra,16,,wikidata,
gra00025,grape,베글라리스 유르제니,베글라리스 유르제니,0,Beglaris Yurdzeni,Beglaris Yurdzeni,,베그ᄅ라리스ᅮ르제니,beglaris yurdzeni,18,,wikidata,
gra00301,grape,베르나차,베르나차,0,Vernaccia,Vernaccia,,베르나자,vernaccia,8,,manual,
gra00302,grape,베르나차 네라,베르나차 네라,0,Vernaccia Nera,Vernaccia Nera,,베르나자네라,vernaccia nera,12,,manual,
gra00303,grape,베르나차 디 오리스타노,베르나차 디 오리스타노,0,Vernaccia di Oristano,Vernaccia di Oristano,,베르나자디ᅩ리스다노,vernaccia di oristano,19,,manual,
gra00304,grape,베르나치,베르나치,0,Vernatsch,Vernatsch,,베르나지,vernatsch,8,,added,
gra00296,grape,베르데카,베르데카,0,Verdeca,Verdeca,,베르데가,verdeca,8,,manual,
gra00297,grape,베르데호,베르데호,0,Verdejo,Verdejo,,베르데호,verdejo,8,,manual,
gra00297,grape,베르데초,베르데호,1,Verdejo,Verdejo,,베르데조,verdejo,8,,alias,
gra00299,grape,베르두초,베르두초,0,Verduzzo,Verduzzo,,베르두조,verduzzo,8,,manual,
gra00298,grape,베르디키오,베르디키오,0,Verdicchio,Verdicchio,,베르디기ᅩ,verdicchio,9,,manual,
gra00298,grape,베르디끼오,베르디키오,1,Verdicchio,Verdicchio,,베르디기ᅩ,verdicchio,9,,alias,
gra00298,grape,베르딕키오,베르디키오,1,Verdicchio,Verdicchio,,베르디ᄀ기ᅩ,verdicchio,10,,alias,
gra00300,grape,베르멘티노,베르멘티노,0,Vermentino,Vermentino,,베르메ᄂ디노,vermentino,11,,manual,
gra00300,grape,롤,베르멘티노,1,Vermentino,Vermentino,,로ᄅ,vermentino,3,,alias,
gra00305,grape,베스폴리나,베스폴리나,0,Vespolina,Vespolina,,베스보ᄅ리나,vespolina,11,,manual,
gra00026,grape,벨로네,벨로네,0,Bellone,Bellone,,베ᄅ로네,bellone,7,,manual,
gra00314,grape,벨쉬리슬링,벨쉬리슬링,0,Welschriesling,Welschriesling,,베ᄅ쉬리스ᄅ링,welschriesling,13,,added,
gra00314,grape,웰쉬리슬링,벨쉬리슬링,1,Welschriesling,Welschriesling,,ᅰᄅ쉬리스ᄅ링,welschriesling,12,,alias,
gra00083,grape,보나르다,보나르다,0,Douce noir,Douce noir,,보나르다,douce noir,8,,manual,
gra00312,grape,보도린,보도린,0,Vodorin,Vodorin,,보도리ᄂ,vodorin,7,,wikidata,
gra00031,grape,보발,보발,0,Bobal,Bobal,,보바ᄅ,bobal,5,,manual,
gra00036,grape,보발레,보발레,0,Bovale,Bovale,,보바ᄅ레,bovale,7,,manual,
gra00034,grape,보스코,보스코,0,Bosco,Bosco,,보스고,bosco,6,,manual,
gra00033,grape,봄비노 네로,봄비노 네로,0,Bombino Nero,Bombino Nero,,보ᄆ비노네로,bombino nero,11,,manual,
gra00032,grape,봄비노 비앙코,봄비노 비앙코,0,Bombino Bianco,Bombino Bianco,,보ᄆ비노비ᅡᆼ고,bombino bianco,13,,manual,
gra00035,grape,부르불랑,부르불랑,0,Bourboulenc,Bourboulenc,,부르부ᄅ랑,bourboulenc,10,,manual,
gra00037,grape,브라케토,브라케토,0,Brachetto,Brachetto,,브라게도,brachetto,8,,manual,
gra00030,grape,블라우프렌키슈,블라우프렌키슈,0,Blaufränkisch,Blaufränkisch,,브ᄅ라ᅮ브레ᄂ기수,blaufrankisch,15,,manual,
gra00030,grape,렘버거,블라우프렌키슈,1,Blaufränkisch,Blaufränkisch,,레ᄆ버거,blaufrankisch,7,,alias,
gra00030,grape,블라우프랜키시,블라우프렌키슈,1,Blaufränkisch,Blaufränkisch,,브ᄅ라ᅮ브레ᄂ기시,blaufrankisch,15,,alias,
gra00029,grape,블랙 이글,블랙 이글,0,Black Eagle,Black Eagle,,브ᄅ레기그ᄅ,black eagle,10,,auto,
gra00306,grape,비달 블랑,비달 블랑,0,Vidal Blanc,Vidal Blanc,,비다ᄅ브ᄅ랑,vidal blanc,11,,manual,
gra00306,grape,비달,비달 블랑,1,Vidal Blanc,Vidal Blanc,,비다ᄅ,vidal blanc,5,,alias,
gra00027,grape,비앙코 달레사노,비앙코 달레사노,0,Bianco d'Alessano,Bianco d'Alessano,,비ᅡᆼ고다ᄅ레사노,bianco dalessano,15,,manual,
gra00028,grape,비앙콜렐라,비앙콜렐라,0,Biancolella,Biancolella,,비ᅡᆼ고ᄅ레ᄅ라,biancolella,12,,manual,
gra00307,grape,비오니에,비오니에,0,Viognier,Viognier,,비ᅩ니ᅦ,viognier,6,,manual,
gra00307,grape,비오녜,비오니에,1,Viognier,Viognier,,비ᅩ네,viognier,5,,alias,
gra00307,grape,비오니에르,비오니에,1,Viognier,Viognier,,비ᅩ니ᅦ르,viognier,8,,alias,
gra00311,grape,비토브스카,비토브스카,0,Vitovska,Vitovska,,비도브스가,vitovska,10,,manual,
gra00240,grape,사그란티노,사그란티노,0,Sagrantino,Sagrantino,,사그라ᄂ디노,sagrantino,11,,manual,
gra00240,grape,싸그란띠노,사그란티노,1,Sagrantino,Sagrantino,,사그라ᄂ디노,sagrantino,11,,alias,
gra00315,grape,사렐로,사렐로,0,Xarel·lo,Xarel·lo,,사레ᄅ로,xarel lo,7,,manual,
gra00315,grape,자렐로,사렐로,1,Xarel-lo,Xarel-lo,,자레ᄅ로,xarello,7,,added,
gra00315,grape,차렐로,사렐로,1,Xarel-lo,Xarel-lo,,자레ᄅ로,xarello,7,,alias,
gra00246,grape,사바냉,사바냉,0,Savagnin,Savagnin,,사바넹,savagnin,7,,manual,
gra00243,grape,사페라비,사페라비,0,Saperavi,Saperavi,,사베라비,saperavi,8,,manual,
gra00241,grape,산지오베제,산지오베제,0,Sangiovese,Sangiovese,,사ᄂ지ᅩ베제,sangiovese,10,,manual,
gra00241,grape,산조베제,산지오베제,1,Sangiovese,Sangiovese,,사ᄂ조베제,sangiovese,9,,alias,
gra00241,grape,산죠베제,산지오베제,1,Sangiovese,Sangiovese,,사ᄂ조베제,sangiovese,9,,alias,
gra00241,grape,산지오베세,산지오베제,1,Sangiovese,Sangiovese,,사ᄂ지ᅩ베세,sangiovese,10,,alias,
gra00241,grape,상지오베제,산지오베제,1,Sangiovese,Sangiovese,,상지ᅩ베제,sangiovese,10,,alias,
gra00242,grape,산타 마리아,산타 마리아,0,Santa Maria,Santa Maria,,사ᄂ다마리ᅡ,santa maria,10,,auto,
gra00067,grape,생소,생소,0,Cinsaut,Cinsaut,,셍소,cinsaut,5,,manual,
gra00067,grape,신소,생소,1,Cinsaut,Cinsaut,,시ᄂ소,cinsaut,5,,alias,
gra00067,grape,쌩소,생소,1,Cinsaut,Cinsaut,,셍소,cinsaut,5,,alias,
gra00057,grape,샤르도네,샤르도네,0,Chardonnay,Chardonnay,,사르도네,chardonnay,8,,manual,
gra00057,grape,샤도네,샤르도네,1,Chardonnay,Chardonnay,,사도네,chardonnay,6,,alias,
gra00057,grape,샤도네이,샤르도네,1,Chardonnay,Chardonnay,,사도네ᅵ,chardonnay,7,,alias,
gra00255,grape,샤비 유르제니,샤비 유르제니,0,Shavi Yurdzeni,Shavi Yurdzeni,,사비ᅮ르제니,shavi yurdzeni,11,,wikidata,
gra00058,grape,샤슬라,샤슬라,0,Chasselas,Chasselas,,사스ᄅ라,chasselas,7,,wikidata,
gra00254,grape,샤슬라 미스케토바,샤슬라 미스케토바,0,Shasla Misketova,Shasla Misketova,,사스ᄅ라미스게도바,shasla misketova,17,,wikidata,
gra00256,grape,샤인머스캣,샤인머스캣,0,Shine Muscat,Shine Muscat,,사ᅵᄂ머스게ᄉ,shine muscat,11,,wikidata,
gra00056,grape,샹부르생,샹부르생,0,Chambourcin,Chambourcin,,상부르셍,chambourcin,10,,added,
gra00321,grape,설태너,설태너,0,sultana,sultana,,서ᄅ데너,sultana,7,,wikidata,
gra00251,grape,세네카,세네카,0,Seneca,Seneca,,세네가,seneca,6,,auto,
gra00250,grape,세미다노,세미다노,0,Semidano,Semidano,,세미다노,semidano,8,,manual,
gra00265,grape,세미용,세미용,0,Sémillon,Sémillon,,세미ᅩᆼ,semillon,6,,manual,
gra00265,grape,세미뇽,세미용,1,Sémillon,Sémillon,,세미농,semillon,7,,alias,
gra00265,grape,세밀론,세미용,1,Sémillon,Sémillon,,세미ᄅ로ᄂ,semillon,8,,alias,
gra00265,grape,쎄미용,세미용,1,Sémillon,Sémillon,,세미ᅩᆼ,semillon,6,,alias,
gra00253,grape,세이발 블랑,세이발 블랑,0,Seyval Blanc,Seyval Blanc,,세ᅵ바ᄅ브ᄅ랑,seyval blanc,12,,manual,
gra00252,grape,셉템브리스키 루빈,셉템브리스키 루빈,0,Septemvriyski Rubin,Septemvriyski Rubin,,세ᄇ데ᄆ브리스기루비ᄂ,septemvriyski rubin,19,,wikidata,
gra00244,grape,소비뇽 블랑,소비뇽 블랑,0,Sauvignon blanc,Sauvignon blanc,,소비농브ᄅ랑,sauvignon blanc,13,,manual,
gra00244,grape,소비뇽블랑,소비뇽 블랑,1,Sauvignon blanc,Sauvignon blanc,,소비농브ᄅ랑,sauvignon blanc,13,,alias,
gra00244,grape,쇼비뇽 블랑,소비뇽 블랑,1,Sauvignon blanc,Sauvignon blanc,,소비농브ᄅ랑,sauvignon blanc,13,,alias,
gra00259,grape,소자웅,소자웅,0,Sousao,Sousao,,소자ᅮᆼ,sousao,6,,added,
gra00259,grape,수장,소자웅,1,Sousao,Sousao,,수장,sousao,5,,alias,
gra00247,grape,쇼이레베,쇼이레베,0,Scheurebe,Scheurebe,,소ᅵ레베,scheurebe,7,,manual,
gra00262,grape,수수마니엘로,수수마니엘로,0,Susumaniello,Susumaniello,,수수마니ᅦᄅ로,susumaniello,12,,manual,
gra00261,grape,순구를라르스키 비세르,순구를라르스키 비세르,0,Sungurlarski Biser,Sungurlarski Biser,,수ᄂ구르ᄅ라르스기비세르,sungurlarski biser,22,,wikidata,
gra00060,grape,슈냉 블랑,슈냉 블랑,0,Chenin blanc,Chenin blanc,,수넹브ᄅ랑,chenin blanc,11,,manual,
gra00060,grape,슈낭 블랑,슈냉 블랑,1,Chenin blanc,Chenin blanc,,수낭브ᄅ랑,chenin blanc,11,,alias,
gra00248,grape,스키아바,스키아바,0,Schiava,Schiava,,스기ᅡ바,schiava,7,,manual,
gra00249,grape,스키오페티노,스키오페티노,0,Schioppettino,Schioppettino,,스기ᅩ베디노,schioppettino,11,,manual,
gra00316,grape,시노마브로,시노마브로,0,Xinomavro,Xinomavro,,시노마브로,xinomavro,10,,manual,
gra00264,grape,시라,시라,0,Syrah,Syrah,,시라,syrah,4,,manual,
gra00264,grape,쉬라,시라,1,Syrah,Syrah,,쉬라,syrah,4,,alias,
gra00264,grape,쉬라즈,시라,1,Syrah,Syrah,,쉬라즈,syrah,6,,alias,
gra00264,grape,시라즈,시라,1,Syrah,Syrah,,시라즈,syrah,6,,alias,
gra00257,grape,시시벨리,시시벨리,0,Shishveli,Shishveli,,시시베ᄅ리,shishveli,9,,wikidata,
gra00322,grape,식용,식용,0,table grape variety,table grape variety,,시공,table grape variety,5,,wikidata,
gra00258,grape,실바너,실바너,0,Silvaner,Silvaner,,시ᄅ바너,silvaner,7,,manual,
gra00258,grape,실바네르,실바너,1,Silvaner,Silvaner,,시ᄅ바네르,silvaner,9,,alias,
gra00263,grape,심포니,심포니,0,Symphony,Symphony,,시ᄆ보니,symphony,7,,added,
gra00014,grape,아레니,아레니,0,Areni,Areni,,ᅡ레니,areni,5,,added,
gra00016,grape,아르네이스,아르네이스,0,Arneis,Arneis,,ᅡ르네ᅵ스,arneis,8,,manual,
gra00015,grape,아린투,아린투,0,Arinto,Arinto,,ᅡ리ᄂ두,arinto,6,,manual,
gra00017,grape,아스프리니오,아스프리니오,0,Asprinio bianco,Asprinio bianco,,ᅡ스브리니ᅩ,asprinio bianco,10,,manual,
gra00018,grape,아시르티코,아시르티코,0,Assyrtiko,Assyrtiko,,ᅡ시르디고,assyrtiko,9,,manual,
gra00018,grape,아씨르띠꼬,아시르티코,1,Assyrtiko,Assyrtiko,,ᅡ시르디고,assyrtiko,9,,alias,
gra00001,grape,아요르기티코,아요르기티코,0,Agiorgitiko,Agiorgitiko,,ᅡᅩ르기디고,agiorgitiko,10,,manual,
gra00004,grape,아이렌,아이렌,0,Airén,Airén,,ᅡᅵ레ᄂ,airen,5,,manual,
gra00012,grape,안소니카,안소니카,0,Ansonica,Ansonica,,ᅡᄂ소니가,ansonica,8,,manual,
gra00013,grape,안탕 바스,안탕 바스,0,Antão Vaz,Antão Vaz,,ᅡᄂ당바스,antao vaz,9,,manual,
gra00007,grape,알렉산더,알렉산더,0,Alexander,Alexander,,ᅡᄅ레ᄀ사ᄂ더,alexander,10,,auto,
gra00010,grape,알리고테,알리고테,0,Aligoté,Aligoté,,ᅡᄅ리고데,aligote,8,,manual,
gra00010,grape,알리고떼,알리고테,1,Aligoté,Aligoté,,ᅡᄅ리고데,aligote,8,,alias,
gra00002,grape,알리아니코,알리아니코,0,Aglianico,Aglianico,,ᅡᄅ리ᅡ니고,aglianico,9,,manual,
gra00002,grape,알리아니꼬,알리아니코,1,Aglianico,Aglianico,,ᅡᄅ리ᅡ니고,aglianico,9,,alias,
gra00003,grape,알리아니코 델 불투레,알리아니코 델 불투레,0,Aglianico del Vulture,Aglianico del Vulture,,ᅡᄅ리ᅡ니고데ᄅ부ᄅ두레,aglianico del vulture,19,,manual,
gra00009,grape,알리칸테 부셰,알리칸테 부셰,0,Alicante Bouschet,Alicante Bouschet,,ᅡᄅ리가ᄂ데부세,alicante bouschet,13,,added,
gra00009,grape,알리칸테 부쉐,알리칸테 부셰,1,Alicante Bouschet,Alicante Bouschet,,ᅡᄅ리가ᄂ데부쉐,alicante bouschet,13,,alias,
gra00006,grape,알바롤라,알바롤라,0,Albarola,Albarola,,ᅡᄅ바로ᄅ라,albarola,9,,manual,
gra00005,grape,알바리뇨,알바리뇨,0,Albariño,Albariño,,ᅡᄅ바리노,albarino,8,,manual,
gra00005,grape,알바리뉴,알바리뇨,1,Albariño,Albariño,,ᅡᄅ바리누,albarino,8,,alias,
gra00011,grape,알테스,알테스,0,Altesse,Altesse,,ᅡᄅ데스,altesse,6,,manual,
gra00008,grape,알프로셰이루,알프로셰이루,0,Alfrocheiro,Alfrocheiro,,ᅡᄅ브로세ᅵ루,alfrocheiro,11,,manual,
gra00320,grape,양조용,양조용,0,grape variety,grape variety,,ᅡᆼ조ᅩᆼ,grape variety,6,,wikidata,
gra00089,grape,에르발루체,에르발루체,0,Erbaluce,Erbaluce,,ᅦ르바ᄅ루제,erbaluce,10,,manual,
gra00088,grape,엔크루자두,엔크루자두,0,Encruzado,Encruzado,,ᅦᄂ그루자두,encruzado,10,,manual,
gra00087,grape,엘블링,엘블링,0,Elbling,Elbling,,ᅦᄅ브ᄅ링,elbling,8,,manual,
gra00019,grape,오거스타,오거스타,0,Augusta,Augusta,,ᅩ거스다,augusta,7,,auto,
gra00194,grape,오르메아스코,오르메아스코,0,Ormeasco,Ormeasco,,ᅩ르메ᅡ스고,ormeasco,10,,added,
gra00195,grape,오셀레타,오셀레타,0,Oseleta,Oseleta,,ᅩ세ᄅ레다,oseleta,8,,manual,
gra00308,grape,왕머루,왕머루,0,Vitis amurensis,Vitis amurensis,,ᅪᆼ머루,vitis amurensis,6,,wikidata,
gra00294,grape,우바 디 트로이아,우바 디 트로이아,0,Uva di Troia,Uva di Troia,,ᅮ바디드로ᅵᅡ,uva di troia,11,,manual,
gra00293,grape,우바 라라,우바 라라,0,Uva Rara,Uva Rara,,ᅮ바라라,uva rara,7,,manual,
gra00292,grape,위니 블랑,위니 블랑,0,Ugni blanc,Ugni blanc,,ᅱ니브ᄅ랑,ugni blanc,9,,added,
gra00127,grape,인촐리아,인촐리아,0,Inzolia,Inzolia,,ᅵᄂ조ᄅ리ᅡ,inzolia,8,,added,
gra00128,grape,자케르,자케르,0,Jacquère,Jacquère,,자게르,jacquere,6,,manual,
gra00260,grape,장크트 라우렌트,장크트 라우렌트,0,St. Laurent,St. Laurent,,장그드라ᅮ레ᄂ드,st laurent,15,,manual,
gra00260,grape,생 로랑,장크트 라우렌트,1,St. Laurent,St. Laurent,,셍로랑,st laurent,8,,alias,
gra00317,grape,지비보,지비보,0,Zibibbo,Zibibbo,,지비보,zibibbo,6,,added,
gra00317,grape,지비뽀,지비보,1,Zibibbo,Zibibbo,,지비보,zibibbo,6,,alias,
gra00318,grape,진판델,진판델,0,Zinfandel,Zinfandel,,지ᄂ바ᄂ데ᄅ,zinfandel,9,,manual,
gra00318,grape,쁘리미티보,진판델,1,Zinfandel,Zinfandel,,브리미디보,zinfandel,10,,alias,
gra00318,grape,프리미티보,진판델,1,Zinfandel,Zinfandel,,브리미디보,zinfandel,10,,alias,
gra00059,grape,차부시,차부시,0,Chavush,Chavush,,자부시,chavush,6,,wikidata,
gra00062,grape,체르나 레제키에,체르나 레제키에,0,Cherna Rezekie,Cherna Rezekie,,제르나레제기ᅦ,cherna rezekie,13,,wikidata,
gra00061,grape,체르나 페를라,체르나 페를라,0,Cherna Perla,Cherna Perla,,제르나베르ᄅ라,cherna perla,13,,wikidata,
gra00063,grape,체르노모르스키 브리얀트,체르노모르스키 브리얀트,0,Chernomorski Briyant,Chernomorski Briyant,,제르노모르스기브리ᅡᄂ드,chernomorski briyant,22,,wikidata,
gra00064,grape,체르노모르스키 엘릭시르,체르노모르스키 엘릭시르,0,Chernomorski Eliksir,Chernomorski Eliksir,,제르노모르스기ᅦᄅ리ᄀ시르,chernomorski eliksir,23,,wikidata,
gra00055,grape,체사네세,체사네세,0,Cesanese,Cesanese,,제사네세,cesanese,8,,manual,
gra00065,grape,체시,체시,0,Cheshi,Cheshi,,제시,cheshi,4,,wikidata,
gra00054,grape,첸테시미노,첸테시미노,0,Centesimino,Centesimino,,제ᄂ데시미노,centesimino,11,,manual,
gra00319,grape,츠바이겔트,츠바이겔트,0,Zweigelt,Zweigelt,,즈바ᅵ게ᄅ드,zweigelt,10,,manual,
gra00289,grape,츠알렌지히스 테트리,츠알렌지히스 테트리,0,Tsalenjikhis Tetri,Tsalenjikhis Tetri,,즈ᅡᄅ레ᄂ지히스데드리,tsalenjikhis tetri,19,,wikidata,
gra00290,grape,치치리아니 카피스토니,치치리아니 카피스토니,0,Tsitsiliani Kapistoni,Tsitsiliani Kapistoni,,지지리ᅡ니가비스도니,tsitsiliani kapistoni,19,,wikidata,
gra00066,grape,칠리에졸로,칠리에졸로,0,Ciliegiolo,Ciliegiolo,,지ᄅ리ᅦ조ᄅ로,ciliegiolo,11,,manual,
gra00043,grape,카나이올로,카나이올로,0,Canaiolo,Canaiolo,,가나ᅵᅩᄅ로,canaiolo,9,,manual,
gra00129,grape,카다르카,카다르카,0,Kadarka,Kadarka,,가다르가,kadarka,8,,manual,
gra00047,grape,카르메네르,카르메네르,0,Carménère,Carménère,,가르메네르,carmenere,10,,manual,
gra00047,grape,카르메넬,카르메네르,1,Carménère,Carménère,,가르메네ᄅ,carmenere,9,,alias,
gra00047,grape,까르메네르,카르메네르,1,Carménère,Carménère,,가르메네르,carmenere,10,,alias,
gra00047,grape,카르미네르,카르메네르,1,Carménère,Carménère,,가르미네르,carmenere,10,,alias,
gra00046,grape,카리냐노,카리냐노,0,Carignano,Carignano,,가리나노,carignano,8,,added,
gra00045,grape,카리냥,카리냥,0,Carignan,Carignan,,가리낭,carignan,7,,manual,
gra00045,grape,마주엘로,카리냥,1,Carignan,Carignan,,마주ᅦᄅ로,carignan,8,,alias,
gra00048,grape,카리칸테,카리칸테,0,Carricante,Carricante,,가리가ᄂ데,carricante,9,,manual,
gra00040,grape,카베르네 소비뇽,카베르네 소비뇽,0,Cabernet Sauvignon,Cabernet Sauvignon,,가베르네소비농,cabernet sauvignon,15,,manual,
gra00040,grape,까쇼,카베르네 소비뇽,1,Cabernet Sauvignon,Cabernet Sauvignon,,가소,cabernet sauvignon,4,,alias,
gra00040,grape,카쇼,카베르네 소비뇽,1,Cabernet Sauvignon,Cabernet Sauvignon,,가소,cabernet sauvignon,4,,alias,
gra00040,grape,까베르네,카베르네 소비뇽,1,Cabernet Sauvignon,Cabernet Sauvignon,,가베르네,cabernet sauvignon,8,,alias,
gra00040,grape,카베르네,카베르네 소비뇽,1,Cabernet Sauvignon,Cabernet Sauvignon,,가베르네,cabernet sauvignon,8,,alias,
gra00039,grape,카베르네 프랑,카베르네 프랑,0,Cabernet Franc,Cabernet Franc,,가베르네브랑,cabernet franc,13,,manual,
gra00039,grape,까프,카베르네 프랑,1,Cabernet Franc,Cabernet Franc,,가브,cabernet franc,4,,alias,
gra00039,grape,카프,카베르네 프랑,1,Cabernet Franc,Cabernet Franc,,가브,cabernet franc,4,,alias,
gra00049,grape,카사베키아,카사베키아,0,Casavecchia,Casavecchia,,가사베기ᅡ,casavecchia,9,,manual,
gra00050,grape,카스텔랑,카스텔랑,0,Castelão,Castelão,,가스데ᄅ랑,castelao,10,,manual,
gra00050,grape,카스텔라오,카스텔랑,1,Castelão,Castelão,,가스데ᄅ라ᅩ,castelao,10,,alias,
gra00053,grape,카유가 화이트,카유가 화이트,0,Cayuga White,Cayuga White,,가ᅮ가화ᅵ드,cayuga white,10,,auto,
gra00051,grape,카타라토,카타라토,0,Catarratto,Catarratto,,가다라도,catarratto,8,,manual,
gra00051,grape,까따라또,카타라토,1,Catarratto,Catarratto,,가다라도,catarratto,8,,alias,
gra00052,grape,카토바,카토바,0,Catawba,Catawba,,가도바,catawba,6,,added,
gra00052,grape,카타우바,카토바,1,Catawba,Catawba,,가다ᅮ바,catawba,7,,alias,
gra00131,grape,카피스토니 치치리아니,카피스토니 치치리아니,0,Kapistoni Tsitsiliani,Kapistoni Tsitsiliani,,가비스도니지지리ᅡ니,kapistoni tsitsiliani,19,,wikidata,
gra00130,grape,카히스 유르제니,카히스 유르제니,0,Kakhis Yurdzeni,Kakhis Yurdzeni,,가히스ᅮ르제니,kakhis yurdzeni,13,,wikidata,
gra00044,grape,칸노나우,칸노나우,0,Cannonau,Cannonau,,가ᄂ노나ᅮ,cannonau,8,,added,
gra00044,grape,칸논나우,칸노나우,1,Cannonau,Cannonau,,가ᄂ노ᄂ나ᅮ,cannonau,9,,alias,
gra00041,grape,캠벨포도,캠벨포도,0,Campbell Early,Campbell Early,,게ᄆ베ᄅ보도,campbell early,10,,wikidata,
gra00132,grape,케르너,케르너,0,Kerner,Kerner,,게르너,kerner,6,,manual,
gra00076,grape,코,코,0,Cot,Cot,,고,cot,2,,added,
gra00069,grape,코다 디 볼페,코다 디 볼페,0,Coda di Volpe,Coda di Volpe,,고다디보ᄅ베,coda di volpe,11,,manual,
gra00074,grape,코르비나,코르비나,0,Corvina,Corvina,,고르비나,corvina,8,,manual,
gra00074,grape,꼬르비나,코르비나,1,Corvina,Corvina,,고르비나,corvina,8,,alias,
gra00075,grape,코르비노네,코르비노네,0,Corvinone,Corvinone,,고르비노네,corvinone,10,,manual,
gra00073,grape,코르테제,코르테제,0,Cortese,Cortese,,고르데제,cortese,8,,manual,
gra00073,grape,꼬르테제,코르테제,1,Cortese,Cortese,,고르데제,cortese,8,,alias,
gra00071,grape,콜로리노,콜로리노,0,Colorino,Colorino,,고ᄅ로리노,colorino,9,,manual,
gra00133,grape,콜로키타스 아불라토스,콜로키타스 아불라토스,0,Kolokitas Avgulatos,Kolokitas Avgulatos,,고ᄅ로기다스ᅡ부ᄅ라도스,kolokitas avgulatos,21,,wikidata,
gra00070,grape,콜롱바르,콜롱바르,0,Colombard,Colombard,,고ᄅ롱바르,colombard,10,,manual,
gra00070,grape,콜롬바드,콜롱바르,1,Colombard,Colombard,,고ᄅ로ᄆ바드,colombard,10,,alias,
gra00072,grape,콩코드 포도,콩코드 포도,0,Concord,Concord,,공고드보도,concord,11,,wikidata,
gra00077,grape,크로아티나,크로아티나,0,Croatina,Croatina,,그로ᅡ디나,croatina,9,,manual,
gra00068,grape,클레레트,클레레트,0,Clairette,Clairette,,그ᄅ레레드,clairette,9,,manual,
gra00068,grape,끌레레뜨,클레레트,1,Clairette,Clairette,,그ᄅ레레드,clairette,9,,alias,
gra00266,grape,타나,타나,0,Tannat,Tannat,,다나,tannat,4,,manual,
gra00266,grape,타낫,타나,1,Tannat,Tannat,,다나ᄉ,tannat,5,,alias,
gra00267,grape,타첼렌게,타첼렌게,0,Tazzelenghe,Tazzelenghe,,다제ᄅ레ᄂ게,tazzelenghe,10,,manual,
gra00269,grape,테롤데고,테롤데고,0,Teroldego,Teroldego,,데로ᄅ데고,teroldego,9,,manual,
gra00323,grape,테스트 와인,테스트 와인,0,test wine,test wine,,데스드ᅪᅵᄂ,test wine,9,,manual,
gra00268,grape,템프라니요,템프라니요,0,Tempranillo,Tempranillo,,데ᄆ브라니ᅩ,tempranillo,10,,manual,
gra00268,grape,뗌쁘라니요,템프라니요,1,Tempranillo,Tempranillo,,데ᄆ브라니ᅩ,tempranillo,10,,alias,
gra00268,grape,템프라니오,템프라니요,1,Tempranillo,Tempranillo,,데ᄆ브라니ᅩ,tempranillo,10,,alias,
gra00268,grape,틴토 피호,템프라니요,1,Tempranillo,Tempranillo,,디ᄂ도비호,tempranillo,9,,alias,
gra00279,grape,토론테스,토론테스,0,Torrontés,Torrontés,,도로ᄂ데스,torrontes,9,,manual,
gra00279,grape,또론떼스,토론테스,1,Torrontés,Torrontés,,도로ᄂ데스,torrontes,9,,alias,
gra00278,grape,토르바토,토르바토,0,Torbato,Torbato,,도르바도,torbato,8,,manual,
gra00291,grape,투르비아나,투르비아나,0,Turbiana,Turbiana,,두르비ᅡ나,turbiana,9,,added,
gra00281,grape,투리가 나시오날,투리가 나시오날,0,Touriga Nacional,Touriga Nacional,,두리가나시ᅩ나ᄅ,touriga nacional,14,,manual,
gra00281,grape,뚜리가 나씨오날,투리가 나시오날,1,Touriga Nacional,Touriga Nacional,,두리가나시ᅩ나ᄅ,touriga nacional,14,,alias,
gra00280,grape,투리가 프랑카,투리가 프랑카,0,Touriga Franca,Touriga Franca,,두리가브랑가,touriga franca,13,,added,
gra00280,grape,뚜리가 프랑카,투리가 프랑카,1,Touriga Franca,Touriga Franca,,두리가브랑가,touriga franca,13,,alias,
gra00282,grape,트라자두라,트라자두라,0,Trajadura,Trajadura,,드라자두라,trajadura,10,,added,
gra00283,grape,트라키스카 슬라바,트라키스카 슬라바,0,Trakiyska Slava,Trakiyska Slava,,드라기스가스ᄅ라바,trakiyska slava,17,,wikidata,
gra00284,grape,트레비아노,트레비아노,0,Trebbiano,Trebbiano,,드레비ᅡ노,trebbiano,9,,manual,
gra00284,grape,우니 블랑,트레비아노,1,Trebbiano,Trebbiano,,ᅮ니브ᄅ랑,trebbiano,9,,alias,
gra00285,grape,트레비아노 스폴레티노,트레비아노 스폴레티노,0,Trebbiano Spoletino,Trebbiano Spoletino,,드레비ᅡ노스보ᄅ레디노,trebbiano spoletino,20,,manual,
gra00287,grape,트롤링거,트롤링거,0,Trollinger,Trollinger,,드로ᄅ링거,trollinger,10,,manual,
gra00288,grape,트루소,트루소,0,Trousseau,Trousseau,,드루소,trousseau,6,,manual,
gra00286,grape,트린카데이라,트린카데이라,0,Trincadeira,Trincadeira,,드리ᄂ가데ᅵ라,trincadeira,12,,added,
gra00277,grape,트크빌리 유르제니,트크빌리 유르제니,0,Tkbili Yurdzeni,Tkbili Yurdzeni,,드그비ᄅ리ᅮ르제니,tkbili yurdzeni,16,,wikidata,
gra00273,grape,티모라소,티모라소,0,Timorasso,Timorasso,,디모라소,timorasso,8,,manual,
gra00272,grape,티타 라출리,티타 라출리,0,Thita Rachuli,Thita Rachuli,,디다라주ᄅ리,thita rachuli,11,,wikidata,
gra00271,grape,티타 카르틀루리,티타 카르틀루리,0,Thita Kartluri,Thita Kartluri,,디다가르드ᄅ루리,thita kartluri,15,,wikidata,
gra00270,grape,티타 카후리,티타 카후리,0,Thita Kakhuri,Thita Kakhuri,,디다가후리,thita kakhuri,10,,wikidata,
gra00275,grape,틴타 까웅,틴타 까웅,0,Tinta Cao,Tinta Cao,,디ᄂ다가ᅮᆼ,tinta cao,9,,added,
gra00276,grape,틴타 로리스,틴타 로리스,0,Tinta Roriz,Tinta Roriz,,디ᄂ다로리스,tinta roriz,11,,added,
gra00276,grape,아라고네즈,틴타 로리스,1,Tinta Roriz,Tinta Roriz,,ᅡ라고네즈,tinta roriz,9,,alias,
gra00274,grape,틴타 바로카,틴타 바로카,0,Tinta Barroca,Tinta Barroca,,디ᄂ다바로가,tinta barroca,11,,added,
gra00274,grape,띤따 바로까,틴타 바로카,1,Tinta Barroca,Tinta Barroca,,디ᄂ다바로가,tinta barroca,11,,alias,
gra00199,grape,파레야다,파레야다,0,Parellada,Parellada,,바레ᅡ다,parellada,7,,manual,
gra00199,grape,파렐라다,파레야다,1,Parellada,Parellada,,바레ᄅ라다,parellada,9,,alias,
gra00200,grape,파르켄트 포도,파르켄트 포도,0,Parkent grape,Parkent grape,,바르게ᄂ드보도,parkent grape,13,,wikidata,
gra00091,grape,파보리타,파보리타,0,Favorita,Favorita,,바보리다,favorita,8,,manual,
gra00201,grape,파세리나,파세리나,0,Passerina,Passerina,,바세리나,passerina,8,,manual,
gra00197,grape,팔라그렐로 네로,팔라그렐로 네로,0,Pallagrello nero,Pallagrello nero,,바ᄅ라그레ᄅ로네로,pallagrello nero,16,,manual,
gra00196,grape,팔라그렐로 비앙코,팔라그렐로 비앙코,0,Pallagrello bianco,Pallagrello bianco,,바ᄅ라그레ᄅ로비ᅡᆼ고,pallagrello bianco,18,,manual,
gra00090,grape,팔랑기나,팔랑기나,0,Falanghina,Falanghina,,바ᄅ랑기나,falanghina,10,,manual,
gra00198,grape,팔로미노,팔로미노,0,Palomino,Palomino,,바ᄅ로미노,palomino,9,,manual,
gra00203,grape,페드로 히메네스,페드로 히메네스,0,Pedro Ximénez,Pedro Ximénez,,베드로히메네스,pedro ximenez,14,,manual,
gra00203,grape,피엑스,페드로 히메네스,1,Pedro Ximénez,Pedro Ximénez,,비ᅦᄀ스,pedro ximenez,6,,alias,
gra00092,grape,페르,페르,0,Fer,Fer,,베르,fer,4,,manual,
gra00093,grape,페르낭 피르스,페르낭 피르스,0,Fernão Pires,Fernão Pires,,베르낭비르스,fernao pires,13,,manual,
gra00093,grape,마리아 고메스,페르낭 피르스,1,Fernão Pires,Fernão Pires,,마리ᅡ고메스,fernao pires,11,,alias,
gra00205,grape,페리코네,페리코네,0,Perricone,Perricone,,베리고네,perricone,8,,manual,
gra00202,grape,페코리노,페코리노,0,Pecorino,Pecorino,,베고리노,pecorino,8,,manual,
gra00204,grape,펠라베르가,펠라베르가,0,Pelaverga,Pelaverga,,베ᄅ라베르가,pelaverga,11,,manual,
gra00097,grape,포라스테라,포라스테라,0,Forastera,Forastera,,보라스데라,forastera,10,,manual,
gra00220,grape,포르투기저,포르투기저,0,Portugieser,Portugieser,,보르두기저,portugieser,10,,added,
gra00096,grape,폴 블랑슈,폴 블랑슈,0,Folle blanche,Folle blanche,,보ᄅ브ᄅ랑수,folle blanche,11,,manual,
gra00095,grape,폴리아 톤다,폴리아 톤다,0,Foglia Tonda,Foglia Tonda,,보ᄅ리ᅡ도ᄂ다,foglia tonda,11,,manual,
gra00222,grape,푸니텔로,푸니텔로,0,Pugnitello,Pugnitello,,부니데ᄅ로,pugnitello,9,,manual,
gra00101,grape,푸르민트,푸르민트,0,Furmint,Furmint,,부르미ᄂ드,furmint,9,,manual,
gra00221,grape,풀사르,풀사르,0,Poulsard,Poulsard,,부ᄅ사르,poulsard,7,,manual,
gra00098,grape,프라파토,프라파토,0,Frappato,Frappato,,브라바도,frappato,8,,manual,
gra00099,grape,프레이사,프레이사,0,Freisa,Freisa,,브레ᅵ사,freisa,7,,manual,
gra00100,grape,프론테낙,프론테낙,0,Frontenac,Frontenac,,브로ᄂ데나ᄀ,frontenac,10,,added,
gra00245,grape,프리울라노,프리울라노,0,Sauvignon vert,Sauvignon vert,,브리ᅮᄅ라노,sauvignon vert,10,,manual,
gra00206,grape,프티 망생,프티 망생,0,Petit Manseng,Petit Manseng,,브디망셍,petit manseng,10,,manual,
gra00206,grape,프티 망상,프티 망생,1,Petit Manseng,Petit Manseng,,브디망상,petit manseng,10,,alias,
gra00207,grape,프티 베르도,프티 베르도,0,Petit Verdot,Petit Verdot,,브디베르도,petit verdot,10,,manual,
gra00207,grape,쁘띠 베르도,프티 베르도,1,Petit Verdot,Petit Verdot,,브디베르도,petit verdot,10,,alias,
gra00208,grape,프티트 시라,프티트 시라,0,Petite Sirah,Petite Sirah,,브디드시라,petite sirah,10,,added,
gra00219,grape,플라바츠 말리,플라바츠 말리,0,Plavac Mali,Plavac Mali,,브ᄅ라바즈마ᄅ리,plavac mali,14,,manual,
gra00211,grape,피가토,피가토,0,Pigato,Pigato,,비가도,pigato,6,,manual,
gra00214,grape,피노 그리,피노 그리,0,Pinot gris,Pinot gris,,비노그리,pinot gris,8,,manual,
gra00214,grape,피노 그리지오,피노 그리,1,Pinot gris,Pinot gris,,비노그리지ᅩ,pinot gris,11,,alias,
gra00216,grape,피노 누아,피노 누아,0,Pinot noir,Pinot noir,,비노누ᅡ,pinot noir,7,,manual,
gra00216,grape,피노,피노 누아,1,Pinot noir,Pinot noir,,비노,pinot noir,4,,alias,
gra00216,grape,피노누아,피노 누아,1,Pinot noir,Pinot noir,,비노누ᅡ,pinot noir,7,,alias,
gra00216,grape,삐노 누아,피노 누아,1,Pinot noir,Pinot noir,,비노누ᅡ,pinot noir,7,,alias,
gra00216,grape,피노 누아르,피노 누아,1,Pinot noir,Pinot noir,,비노누ᅡ르,pinot noir,9,,alias,
gra00216,grape,슈페트부르군더,피노 누아,1,Pinot noir,Pinot noir,,수베드부르구ᄂ더,pinot noir,15,,alias,
gra00213,grape,피노 도니,피노 도니,0,Pineau d'Aunis,Pineau d'Aunis,,비노도니,pineau daunis,8,,manual,
gra00215,grape,피노 뫼니에,피노 뫼니에,0,Pinot meunier,Pinot meunier,,비노뭬니ᅦ,pinot meunier,9,,manual,
gra00217,grape,피노타지,피노타지,0,Pinotage,Pinotage,,비노다지,pinotage,8,,manual,
gra00217,grape,피노타쥬,피노타지,1,Pinotage,Pinotage,,비노다주,pinotage,8,,alias,
gra00212,grape,피뇰로,피뇰로,0,Pignolo,Pignolo,,비노ᄅ로,pignolo,7,,manual,
gra00094,grape,피아노,피아노,0,Fiano,Fiano,,비ᅡ노,fiano,5,,manual,
gra00042,grape,피에디로소,피에디로소,0,Campi Flegrei Piedirosso,Campi Flegrei Piedirosso,,비ᅦ디로소,campi flegrei piedirosso,9,,manual,
gra00218,grape,피오네,피오네,0,Pione,Pione,,비ᅩ네,pione,5,,wikidata,
gra00209,grape,피콜리트,피콜리트,0,Picolit,Picolit,,비고ᄅ리드,picolit,9,,manual,
gra00210,grape,픽풀,픽풀,0,Picpoul,Picpoul,,비ᄀ부ᄅ,picpoul,6,,added,
gra00210,grape,피크풀,픽풀,1,Picpoul,Picpoul,,비그부ᄅ,picpoul,7,,alias,
gra00124,grape,하디시,하디시,0,Hadisi,Hadisi,,하디시,hadisi,6,,wikidata,
gra00126,grape,하르슐레벨류,하르슐레벨류,0,Hárslevelű,Hárslevelű,,하르수ᄅ레베ᄅ루,harslevelu,14,,manual,
gra00125,grape,헤브로스,헤브로스,0,Hebros,Hebros,,헤브로스,hebros,8,,wikidata,
pro01281,producer,1865,1865,0,1865,1865,,1865,1865,4,South America,producer,
pro01281,producer,십팔육오,1865,1,1865,1865,,시ᄇ바루고,1865,9,,alias,
pro01281,producer,일팔육오,1865,1,1865,1865,,ᅵᄅ바루고,1865,8,,alias,
pro01842,producer,가르세스 실바,가르세스 실바,0,Garces Silva,Garces Silva,,가르세스시ᄅ바,garces silva,13,South America,producer,
pro01837,producer,가비아노,가비아노,0,Gabbiano,Gabbiano,,가비ᅡ노,gabbiano,7,Italy,producer,
pro01838,producer,가야,가야,0,Gaja,Gaja,,가ᅡ,gaja,3,Italy,producer,
pro01838,producer,가이아,가야,1,Gaja,Gaja,,가ᅵᅡ,gaja,4,,alias,
pro01848,producer,가이저빌 진판델,가이저빌 진판델,0,Geyserville Zinfandel,Geyserville Zinfandel,,가ᅵ저비ᄅ지ᄂ바ᄂ데ᄅ,geyserville zinfandel,17,,producer,
pro01844,producer,가젤라,가젤라,0,Gazela,Gazela,,가제ᄅ라,gazela,7,Iberia,producer,
pro01843,producer,가토 네그로,가토 네그로,0,Gato Negro,Gato Negro,,가도네그로,gato negro,10,South America,producer,
pro01843,producer,가또 네그로,가토 네그로,1,Gato Negro,Gato Negro,,가도네그로,gato negro,10,,alias,
pro01839,producer,갈라트로나,갈라트로나,0,Galatrona,Galatrona,,가ᄅ라드로나,galatrona,11,,producer,
pro01840,producer,갈로,갈로,0,Gallo,Gallo,,가ᄅ로,gallo,5,USA,producer,
pro01841,producer,갈로 패밀리,갈로 패밀리,0,Gallo Family,Gallo Family,,가ᄅ로베미ᄅ리,gallo family,12,New World,producer,
pro01845,producer,게오르크 브로이어,게오르크 브로이어,0,Georg Breuer,Georg Breuer,,게ᅩ르그브로ᅵᅥ,georg breuer,13,Germany/Austria,producer,
pro01857,producer,고세,고세,0,Gosset,Gosset,,고세,gosset,4,Champagne,producer,
pro01856,producer,곤잘레스 비아스,곤잘레스 비아스,0,Gonzalez Byass,Gonzalez Byass,,고ᄂ자ᄅ레스비ᅡ스,gonzalez byass,15,Iberia,producer,
pro01870,producer,구아도 알 타소,구아도 알 타소,0,Guado al Tasso,Guado al Tasso,,구ᅡ도ᅡᄅ다소,guado al tasso,11,Italy,producer,
pro01871,producer,구이달베르토,구이달베르토,0,Guidalberto,Guidalberto,,구ᅵ다ᄅ베르도,guidalberto,12,,producer,
pro01873,producer,군더로흐,군더로흐,0,Gunderloch,Gunderloch,,구ᄂ더로흐,gunderloch,9,Germany/Austria,producer,
pro01860,producer,그라모나,그라모나,0,Gramona,Gramona,,그라모나,gramona,8,Iberia,producer,
pro01867,producer,그라브너,그라브너,0,Gravner,Gravner,,그라브너,gravner,8,Italy,producer,
pro01859,producer,그라함스,그라함스,0,Graham's,Graham's,,그라하ᄆ스,grahams,9,Iberia,producer,
pro01861,producer,그란 레세르바 904,그란 레세르바 904,0,Gran Reserva 904,Gran Reserva 904,,그라ᄂ레세르바904,gran reserva 904,16,,producer,
pro01862,producer,그란 레세르바 세리에 리베라스,그란 레세르바 세리에 리베라스,0,Gran Reserva Serie Riberas,Gran Reserva Serie Riberas,,그라ᄂ레세르바세리ᅦ리베라스,gran reserva serie riberas,26,South America,producer,
pro01863,producer,그랑드 아네,그랑드 아네,0,Grande Annee,Grande Annee,,그랑드ᅡ네,grande annee,10,,producer,
pro01864,producer,그랑드 퀴베,그랑드 퀴베,0,Grande Cuvee,Grande Cuvee,,그랑드귀베,grande cuvee,11,,producer,
pro01865,producer,그랜지,그랜지,0,Grange,Grange,,그레ᄂ지,grange,7,Oceania/SA,producer,
pro01866,producer,그랜트 버지,그랜트 버지,0,Grant Burge,Grant Burge,,그레ᄂ드버지,grant burge,11,New World,producer,
pro01858,producer,그레이엄 벡,그레이엄 벡,0,Graham Beck,Graham Beck,,그레ᅵᅥᄆ베ᄀ,graham beck,10,New World,producer,
pro01868,producer,그레이웩,그레이웩,0,Greywacke,Greywacke,,그레ᅵᅰᄀ,greywacke,7,Oceania/SA,producer,
pro01869,producer,그로셋,그로셋,0,Grosset,Grosset,,그로세ᄉ,grosset,7,Oceania/SA,producer,
pro01855,producer,글렌 칼루,글렌 칼루,0,Glen Carlou,Glen Carlou,,그ᄅ레ᄂ가ᄅ루,glen carlou,11,New World,producer,
pro01779,producer,기갈,기갈,0,E. Guigal,E. Guigal,,기가ᄅ,e guigal,5,France,producer,
pro01872,producer,기갈,기갈,0,Guigal,Guigal,,기가ᄅ,guigal,5,France,producer,
pro01779,producer,이기갈,기갈,1,E. Guigal,E. Guigal,,ᅵ기가ᄅ,e guigal,6,,alias,
pro02056,producer,나이아,나이아,0,Naia,Naia,,나ᅵᅡ,naia,4,Iberia,producer,
pro01282,producer,나인틴 크라임스,나인틴 크라임스,0,19 Crimes,19 Crimes,,나ᅵᄂ디ᄂ그라ᅵᄆ스,19 crimes,15,New World,producer,
pro01282,producer,십구 크라임스,나인틴 크라임스,1,19 Crimes,19 Crimes,,시ᄇ구그라ᅵᄆ스,19 crimes,13,,alias,
pro02058,producer,네더버그,네더버그,0,Nederburg,Nederburg,,네더버그,nederburg,8,New World,producer,
pro02066,producer,노턴,노턴,0,Norton,Norton,,노더ᄂ,norton,5,South America,producer,
pro02057,producer,노틸러스,노틸러스,0,Nautilus,Nautilus,,노디ᄅ러스,nautilus,9,New World,producer,
pro02067,producer,누만시아,누만시아,0,Numanthia,Numanthia,,누마ᄂ시ᅡ,numanthia,8,Iberia,producer,
pro02059,producer,뉴튼 빈야드,뉴튼 빈야드,0,Newton Vineyard,Newton Vineyard,,누드ᄂ비나드,newton vineyard,11,USA,producer,
pro02065,producer,니노 프랑코,니노 프랑코,0,Nino Franco,Nino Franco,,니노브랑고,nino franco,11,Italy,producer,
pro02063,producer,니에토 세네티네르,니에토 세네티네르,0,Nieto Senetiner,Nieto Senetiner,,니ᅦ도세네디네르,nieto senetiner,15,South America,producer,
pro02061,producer,니콜라 포텔,니콜라 포텔,0,Nicolas Potel,Nicolas Potel,,니고ᄅ라보데ᄅ,nicolas potel,12,France,producer,
pro02060,producer,니콜라 푀야트,니콜라 푀야트,0,Nicolas Feuillatte,Nicolas Feuillatte,,니고ᄅ라붸ᅡ드,nicolas feuillatte,12,Champagne,producer,
pro02064,producer,니콜라이호프,니콜라이호프,0,Nikolaihof,Nikolaihof,,니고ᄅ라ᅵ호브,nikolaihof,12,Germany/Austria,producer,
pro02062,producer,니포르트,니포르트,0,Niepoort,Niepoort,,니보르드,niepoort,8,Iberia,producer,
pro02328,producer,다렌버그,다렌버그,0,d'Arenberg,d'Arenberg,,다레ᄂ버그,darenberg,9,Oceania/SA,producer,
pro01772,producer,다우스,다우스,0,Dow's,Dow's,,다ᅮ스,dows,5,Iberia,producer,
pro01684,producer,다이아몬드 크릭,다이아몬드 크릭,0,Diamond Creek,Diamond Creek,,다ᅵᅡ모ᄂ드그리ᄀ,diamond creek,14,USA,producer,
pro01678,producer,다인하르트,다인하르트,0,Deinhard,Deinhard,,다ᅵᄂ하르드,deinhard,10,Germany/Austria,producer,
pro01774,producer,닥터 루젠,닥터 루젠,0,Dr. Loosen,Dr. Loosen,,다ᄀ더루제ᄂ,dr loosen,10,Germany/Austria,producer,
pro01774,producer,닥터 누스,닥터 루젠,1,Dr. Loosen,Dr. Loosen,,다ᄀ더누스,dr loosen,9,,alias,
pro01773,producer,닥터 뷔르클린 볼프,닥터 뷔르클린 볼프,0,Dr. Burklin-Wolf,Dr. Burklin-Wolf,,다ᄀ더뷔르그ᄅ리ᄂ보ᄅ브,dr burklinwolf,20,Germany/Austria,producer,
pro01775,producer,닥터 젠젠,닥터 젠젠,0,Dr. Zenzen,Dr. Zenzen,,다ᄀ더제ᄂ제ᄂ,dr zenzen,11,Germany/Austria,producer,
pro01674,producer,달 포르노 로마노,달 포르노 로마노,0,Dal Forno Romano,Dal Forno Romano,,다ᄅ보르노로마노,dal forno romano,15,,producer,
pro02242,producer,더 복서 쉬라즈,더 복서 쉬라즈,0,The Boxer Shiraz,The Boxer Shiraz,,더보ᄀ서쉬라즈,the boxer shiraz,13,,producer,
pro02243,producer,더 초콜릿 블록,더 초콜릿 블록,0,The Chocolate Block,The Chocolate Block,,더조고ᄅ리ᄉ브ᄅ로ᄀ,the chocolate block,16,,producer,
pro02244,producer,더 프리즈너,더 프리즈너,0,The Prisoner,The Prisoner,,더브리즈너,the prisoner,10,USA,producer,
pro01777,producer,덕혼,덕혼,0,Duckhorn,Duckhorn,,더ᄀ호ᄂ,duckhorn,6,USA,producer,
pro01676,producer,데 마르티노,데 마르티노,0,De Martino,De Martino,,데마르디노,de martino,10,South America,producer,
pro01675,producer,데 보르톨리,데 보르톨리,0,De Bortoli,De Bortoli,,데보르도ᄅ리,de bortoli,11,New World,producer,
pro01679,producer,델라스,델라스,0,Delas,Delas,,데ᄅ라스,delas,7,France,producer,
pro01680,producer,델라스 프레르,델라스 프레르,0,Delas Freres,Delas Freres,,데ᄅ라스브레르,delas freres,13,France,producer,
pro01681,producer,델하임,델하임,0,Delheim,Delheim,,데ᄅ하ᅵᄆ,delheim,7,New World,producer,
pro01764,producer,도메니코 클레리코,도메니코 클레리코,0,Domenico Clerico,Domenico Clerico,,도메니고그ᄅ레리고,domenico clerico,17,Italy,producer,
pro01743,producer,도멘 다카하시,도멘 다카하시,0,Domaine Takahashi,Domaine Takahashi,,도메ᄂ다가하시,takahashi,13,,producer,
pro01743,producer,다카하시,도멘 다카하시,1,Domaine Takahashi,Domaine Takahashi,,다가하시,takahashi,8,,stripped,
pro01758,producer,도멘 데 콩트 라퐁,도멘 데 콩트 라퐁,0,Domaine des Comtes Lafon,Domaine des Comtes Lafon,,도메ᄂ데공드라봉,des comtes lafon,17,,producer,
pro01758,producer,데 콩트 라퐁,도멘 데 콩트 라퐁,1,Domaine des Comtes Lafon,Domaine des Comtes Lafon,,데공드라봉,des comtes lafon,12,,stripped,
pro01750,producer,도멘 도브네,도멘 도브네,0,Domaine d'Auvenay,Domaine d'Auvenay,,도메ᄂ도브네,dauvenay,11,,producer,
pro01750,producer,도브네,도멘 도브네,1,Domaine d'Auvenay,Domaine d'Auvenay,,도브네,dauvenay,6,,stripped,
pro01703,producer,도멘 도비사,도멘 도비사,0,Domaine Dauvissat,Domaine Dauvissat,,도메ᄂ도비사,dauvissat,11,Burgundy,producer,
pro01703,producer,도비사,도멘 도비사,1,Domaine Dauvissat,Domaine Dauvissat,,도비사,dauvissat,6,Burgundy,stripped,
pro01761,producer,도멘 뒤 비외 텔레그라프,도멘 뒤 비외 텔레그라프,0,Domaine du Vieux Telegraphe,Domaine du Vieux Telegraphe,,도메ᄂ뒤비ᅰ데ᄅ레그라브,du vieux telegraphe,21,France,producer,
pro01761,producer,뒤 비외 텔레그라프,도멘 뒤 비외 텔레그라프,1,Domaine du Vieux Telegraphe,Domaine du Vieux Telegraphe,,뒤비ᅰ데ᄅ레그라브,du vieux telegraphe,16,France,stripped,
pro01759,producer,도멘 뒤 파비용,도멘 뒤 파비용,0,Domaine du Pavillon,Domaine du Pavillon,,도메ᄂ뒤바비ᅩᆼ,du pavillon,13,,producer,
pro01759,producer,뒤 파비용,도멘 뒤 파비용,1,Domaine du Pavillon,Domaine du Pavillon,,뒤바비ᅩᆼ,du pavillon,8,,stripped,
pro01760,producer,도멘 뒤 페고,도멘 뒤 페고,0,Domaine du Pegau,Domaine du Pegau,,도메ᄂ뒤베고,du pegau,11,France,producer,
pro01760,producer,뒤 페고,도멘 뒤 페고,1,Domaine du Pegau,Domaine du Pegau,,뒤베고,du pegau,6,France,stripped,
pro01706,producer,도멘 뒤작,도멘 뒤작,0,Domaine Dujac,Domaine Dujac,,도메ᄂ뒤자ᄀ,dujac,10,Burgundy,producer,
pro01706,producer,도멘 드라가시,도멘 뒤작,1,Domaine Dujac,Domaine Dujac,,도메ᄂ드라가시,dujac,13,,alias,
pro01706,producer,뒤작,도멘 뒤작,1,Domaine Dujac,Domaine Dujac,,뒤자ᄀ,dujac,5,Burgundy,stripped,
pro01706,producer,드라가시,도멘 뒤작,1,Domaine Dujac,Domaine Dujac,,드라가시,dujac,8,,stripped,
pro01756,producer,도멘 드 라 로마네 콩티,도멘 드 라 로마네 콩티,0,Domaine de la Romanee-Conti,Domaine de la Romanee-Conti,,도메ᄂ드라로마네공디,de la romaneeconti,20,Burgundy,producer,
pro01756,producer,로마네 꽁띠,도멘 드 라 로마네 콩티,1,Domaine de la Romanee-Conti,Domaine de la Romanee-Conti,,로마네공디,de la romaneeconti,11,,alias,
pro01756,producer,도멘 드 라 로마네 꽁띠,도멘 드 라 로마네 콩티,1,Domaine de la Romanee-Conti,Domaine de la Romanee-Conti,,도메ᄂ드라로마네공디,de la romaneeconti,20,,alias,
pro01756,producer,드 라 로마네 콩티,도멘 드 라 로마네 콩티,1,Domaine de la Romanee-Conti,Domaine de la Romanee-Conti,,드라로마네공디,de la romaneeconti,15,Burgundy,stripped,
pro01756,producer,드 라 로마네 꽁띠,도멘 드 라 로마네 콩티,1,Domaine de la Romanee-Conti,Domaine de la Romanee-Conti,,드라로마네공디,de la romaneeconti,15,,stripped,
pro01755,producer,도멘 드 라 모르도레,도멘 드 라 모르도레,0,Domaine de la Mordoree,Domaine de la Mordoree,,도메ᄂ드라모르도레,de la mordoree,17,France,producer,
pro01755,producer,드 라 모르도레,도멘 드 라 모르도레,1,Domaine de la Mordoree,Domaine de la Mordoree,,드라모르도레,de la mordoree,12,France,stripped,
pro01757,producer,도멘 드 라 부주레,도멘 드 라 부주레,0,Domaine de la Vougeraie,Domaine de la Vougeraie,,도메ᄂ드라부주레,de la vougeraie,15,Burgundy,producer,
pro01757,producer,드 라 부주레,도멘 드 라 부주레,1,Domaine de la Vougeraie,Domaine de la Vougeraie,,드라부주레,de la vougeraie,10,Burgundy,stripped,
pro01754,producer,도멘 드 라 자나스,도멘 드 라 자나스,0,Domaine de la Janasse,Domaine de la Janasse,,도메ᄂ드라자나스,de la janasse,15,,producer,
pro01754,producer,드 라 자나스,도멘 드 라 자나스,1,Domaine de la Janasse,Domaine de la Janasse,,드라자나스,de la janasse,10,,stripped,
pro01752,producer,도멘 드 레글리즈,도멘 드 레글리즈,0,Domaine de L'Eglise,Domaine de L'Eglise,,도메ᄂ드레그ᄅ리즈,de leglise,16,Bordeaux,producer,
pro01752,producer,드 레글리즈,도멘 드 레글리즈,1,Domaine de L'Eglise,Domaine de L'Eglise,,드레그ᄅ리즈,de leglise,11,Bordeaux,stripped,
pro01753,producer,도멘 드 몽티유,도멘 드 몽티유,0,Domaine de Montille,Domaine de Montille,,도메ᄂ드몽디ᅮ,de montille,13,,producer,
pro01753,producer,도멘 몽티유,도멘 드 몽티유,1,Domaine de Montille,Domaine de Montille,,도메ᄂ몽디ᅮ,de montille,11,,alias,
pro01753,producer,몽티유,도멘 드 몽티유,1,Domaine de Montille,Domaine de Montille,,몽디ᅮ,de montille,6,,stripped,
pro01753,producer,드 몽티유,도멘 드 몽티유,1,Domaine de Montille,Domaine de Montille,,드몽디ᅮ,de montille,8,,stripped,
pro01751,producer,도멘 드 슈발리에,도멘 드 슈발리에,0,Domaine de Chevalier,Domaine de Chevalier,,도메ᄂ드수바ᄅ리ᅦ,de chevalier,15,Bordeaux,producer,
pro01751,producer,도멘드슈발리에,도멘 드 슈발리에,1,Domaine de Chevalier,Domaine de Chevalier,,도메ᄂ드수바ᄅ리ᅦ,de chevalier,15,,alias,
pro01751,producer,드 슈발리에,도멘 드 슈발리에,1,Domaine de Chevalier,Domaine de Chevalier,,드수바ᄅ리ᅦ,de chevalier,10,Bordeaux,stripped,
pro01704,producer,도멘 드니 모르테,도멘 드니 모르테,0,Domaine Denis Mortet,Domaine Denis Mortet,,도메ᄂ드니모르데,denis mortet,15,Burgundy,producer,
pro01704,producer,드니 모르테,도멘 드니 모르테,1,Domaine Denis Mortet,Domaine Denis Mortet,,드니모르데,denis mortet,10,Burgundy,stripped,
pro01705,producer,도멘 드루앙 오리건,도멘 드루앙 오리건,0,Domaine Drouhin Oregon,Domaine Drouhin Oregon,,도메ᄂ드루ᅡᆼᅩ리거ᄂ,drouhin oregon,17,USA,producer,
pro01705,producer,드루앙 오리건,도멘 드루앙 오리건,1,Domaine Drouhin Oregon,Domaine Drouhin Oregon,,드루ᅡᆼᅩ리거ᄂ,drouhin oregon,12,USA,stripped,
pro01721,producer,도멘 라로슈,도멘 라로슈,0,Domaine Laroche,Domaine Laroche,,도메ᄂ라로수,laroche,11,Burgundy,producer,
pro01721,producer,라로슈,도멘 라로슈,1,Domaine Laroche,Domaine Laroche,,라로수,laroche,6,Burgundy,stripped,
pro01735,producer,도멘 라모네,도멘 라모네,0,Domaine Ramonet,Domaine Ramonet,,도메ᄂ라모네,ramonet,11,Burgundy,producer,
pro01735,producer,도멘 라몽네,도멘 라모네,1,Domaine Ramonet,Domaine Ramonet,,도메ᄂ라몽네,ramonet,12,,alias,
pro01735,producer,라모네,도멘 라모네,1,Domaine Ramonet,Domaine Ramonet,,라모네,ramonet,6,Burgundy,stripped,
pro01735,producer,라몽네,도멘 라모네,1,Domaine Ramonet,Domaine Ramonet,,라몽네,ramonet,7,,stripped,
pro01736,producer,도멘 라브노,도멘 라브노,0,Domaine Raveneau,Domaine Raveneau,,도메ᄂ라브노,raveneau,11,Burgundy,producer,
pro01736,producer,라브노,도멘 라브노,1,Domaine Raveneau,Domaine Raveneau,,라브노,raveneau,6,Burgundy,stripped,
pro01720,producer,도멘 라파르주,도멘 라파르주,0,Domaine Lafarge,Domaine Lafarge,,도메ᄂ라바르주,lafarge,13,Burgundy,producer,
pro01720,producer,라파르주,도멘 라파르주,1,Domaine Lafarge,Domaine Lafarge,,라바르주,lafarge,8,Burgundy,stripped,
pro01719,producer,도멘 라파주,도멘 라파주,0,Domaine Lafage,Domaine Lafage,,도메ᄂ라바주,lafage,11,,producer,
pro01719,producer,라파주,도멘 라파주,1,Domaine Lafage,Domaine Lafage,,라바주,lafage,6,,stripped,
pro01738,producer,도멘 로베르 그로피에,도멘 로베르 그로피에,0,Domaine Robert Groffier,Domaine Robert Groffier,,도메ᄂ로베르그로비ᅦ,robert groffier,18,,producer,
pro01738,producer,로베르 그로피에,도멘 로베르 그로피에,1,Domaine Robert Groffier,Domaine Robert Groffier,,로베르그로비ᅦ,robert groffier,13,,stripped,
pro01739,producer,도멘 룰로,도멘 룰로,0,Domaine Roulot,Domaine Roulot,,도메ᄂ루ᄅ로,roulot,10,Burgundy,producer,
pro01739,producer,룰로,도멘 룰로,1,Domaine Roulot,Domaine Roulot,,루ᄅ로,roulot,5,Burgundy,stripped,
pro01724,producer,도멘 뤼시앵 르 무안,도멘 뤼시앵 르 무안,0,Domaine Lucien Le Moine,Domaine Lucien Le Moine,,도메ᄂ뤼시ᅦᆼ르무ᅡᄂ,lucien le moine,17,,producer,
pro01724,producer,도멘 루시앙 느샤를로,도멘 뤼시앵 르 무안,1,Domaine Lucien Le Moine,Domaine Lucien Le Moine,,도메ᄂ루시ᅡᆼ느사르ᄅ로,lucien le moine,20,,alias,
pro01724,producer,뤼시앵 르 무안,도멘 뤼시앵 르 무안,1,Domaine Lucien Le Moine,Domaine Lucien Le Moine,,뤼시ᅦᆼ르무ᅡᄂ,lucien le moine,12,,stripped,
pro01724,producer,루시앙 느샤를로,도멘 뤼시앵 르 무안,1,Domaine Lucien Le Moine,Domaine Lucien Le Moine,,루시ᅡᆼ느사르ᄅ로,lucien le moine,15,,stripped,
pro01737,producer,도멘 르나르다 파슈,도멘 르나르다 파슈,0,Domaine Renardat-Fache,Domaine Renardat-Fache,,도메ᄂ르나르다바수,renardatfache,17,,producer,
pro01737,producer,도멘 앙글로 세르동,도멘 르나르다 파슈,1,Domaine Renardat-Fache,Domaine Renardat-Fache,,도메낭그ᄅ로세르동,renardatfache,19,,alias,
pro01737,producer,르나르다 파슈,도멘 르나르다 파슈,1,Domaine Renardat-Fache,Domaine Renardat-Fache,,르나르다바수,renardatfache,12,,stripped,
pro01737,producer,앙글로 세르동,도멘 르나르다 파슈,1,Domaine Renardat-Fache,Domaine Renardat-Fache,,ᅡᆼ그ᄅ로세르동,renardatfache,14,,stripped,
pro01723,producer,도멘 르로이,도멘 르로이,0,Domaine Leroy,Domaine Leroy,,도메ᄂ르로ᅵ,leroy,10,Burgundy,producer,
pro01723,producer,도멘 르루아,도멘 르로이,1,Domaine Leroy,Domaine Leroy,,도메ᄂ르루ᅡ,leroy,10,,alias,
pro01723,producer,르로이,도멘 르로이,1,Domaine Leroy,Domaine Leroy,,르로ᅵ,leroy,5,Burgundy,stripped,
pro01723,producer,르루아,도멘 르로이,1,Domaine Leroy,Domaine Leroy,,르루ᅡ,leroy,5,,stripped,
pro01722,producer,도멘 르플레브,도멘 르플레브,0,Domaine Leflaive,Domaine Leflaive,,도메ᄂ르브ᄅ레브,leflaive,14,Burgundy,producer,
pro01722,producer,도멘느 르플레브,도멘 르플레브,1,Domaine Leflaive,Domaine Leflaive,,도메ᄂ느르브ᄅ레브,leflaive,16,,alias,
pro01722,producer,르플레브,도멘 르플레브,1,Domaine Leflaive,Domaine Leflaive,,르브ᄅ레브,leflaive,9,Burgundy,stripped,
pro01725,producer,도멘 마르셀 다이스,도멘 마르셀 다이스,0,Domaine Marcel Deiss,Domaine Marcel Deiss,,도메ᄂ마르세ᄅ다ᅵ스,marcel deiss,17,France,producer,
pro01725,producer,마르셀 다이스,도멘 마르셀 다이스,1,Domaine Marcel Deiss,Domaine Marcel Deiss,,마르세ᄅ다ᅵ스,marcel deiss,12,France,stripped,
pro01726,producer,도멘 마르키 당제르빌,도멘 마르키 당제르빌,0,Domaine Marquis d'Angerville,Domaine Marquis d'Angerville,,도메ᄂ마르기당제르비ᄅ,marquis dangerville,21,Burgundy,producer,
pro01726,producer,마르키 당제르빌,도멘 마르키 당제르빌,1,Domaine Marquis d'Angerville,Domaine Marquis d'Angerville,,마르기당제르비ᄅ,marquis dangerville,16,Burgundy,stripped,
pro01727,producer,도멘 메오 카뮈제,도멘 메오 카뮈제,0,Domaine Meo-Camuzet,Domaine Meo-Camuzet,,도메ᄂ메ᅩ가뮈제,meocamuzet,14,Burgundy,producer,
pro01727,producer,메오 카뮈제,도멘 메오 카뮈제,1,Domaine Meo-Camuzet,Domaine Meo-Camuzet,,메ᅩ가뮈제,meocamuzet,9,Burgundy,stripped,
pro01729,producer,도멘 뮈니에,도멘 뮈니에,0,Domaine Mugnier,Domaine Mugnier,,도메ᄂ뮈니ᅦ,mugnier,10,Burgundy,producer,
pro01729,producer,뮈니에,도멘 뮈니에,1,Domaine Mugnier,Domaine Mugnier,,뮈니ᅦ,mugnier,5,Burgundy,stripped,
pro01728,producer,도멘 미셸 콜랭 들레제,도멘 미셸 콜랭 들레제,0,Domaine Michel Colin-Deleger,Domaine Michel Colin-Deleger,,도메ᄂ미세ᄅ고ᄅ렝드ᄅ레제,michel colindeleger,23,,producer,
pro01728,producer,미셸 콜랭 들레제,도멘 미셸 콜랭 들레제,1,Domaine Michel Colin-Deleger,Domaine Michel Colin-Deleger,,미세ᄅ고ᄅ렝드ᄅ레제,michel colindeleger,18,,stripped,
pro01762,producer,도멘 바롱 드 로칠드,도멘 바롱 드 로칠드,0,Domaines Barons de Rothschild,Domaines Barons de Rothschild,,도메ᄂ바롱드로지ᄅ드,domaines barons de rothschild,19,France,producer,
pro01762,producer,바롱 드 로칠드,도멘 바롱 드 로칠드,1,Domaines Barons de Rothschild,Domaines Barons de Rothschild,,바롱드로지ᄅ드,domaines barons de rothschild,14,France,stripped,
pro01746,producer,도멘 바슈롱,도멘 바슈롱,0,Domaine Vacheron,Domaine Vacheron,,도메ᄂ바수롱,vacheron,12,France,producer,
pro01746,producer,바슈롱,도멘 바슈롱,1,Domaine Vacheron,Domaine Vacheron,,바수롱,vacheron,7,France,stripped,
pro01695,producer,도멘 바슐레,도멘 바슐레,0,Domaine Bachelet,Domaine Bachelet,,도메ᄂ바수ᄅ레,bachelet,12,Burgundy,producer,
pro01695,producer,바슐레,도멘 바슐레,1,Domaine Bachelet,Domaine Bachelet,,바수ᄅ레,bachelet,7,Burgundy,stripped,
pro01748,producer,도멘 바인바흐,도멘 바인바흐,0,Domaine Weinbach,Domaine Weinbach,,도메ᄂ바ᅵᄂ바흐,weinbach,13,France,producer,
pro01748,producer,바인바흐,도멘 바인바흐,1,Domaine Weinbach,Domaine Weinbach,,바ᅵᄂ바흐,weinbach,8,France,stripped,
pro01747,producer,도멘 뱅상 도비사,도멘 뱅상 도비사,0,Domaine Vincent Dauvissat,Domaine Vincent Dauvissat,,도메ᄂ벵상도비사,vincent dauvissat,17,,producer,
pro01747,producer,뱅상 도비사,도멘 뱅상 도비사,1,Domaine Vincent Dauvissat,Domaine Vincent Dauvissat,,벵상도비사,vincent dauvissat,12,,stripped,
pro01696,producer,도멘 보노 뒤 마르트레,도멘 보노 뒤 마르트레,0,Domaine Bonneau du Martray,Domaine Bonneau du Martray,,도메ᄂ보노뒤마르드레,bonneau du martray,19,Burgundy,producer,
pro01696,producer,도멘 본 두 마르트레이,도멘 보노 뒤 마르트레,1,Domaine Bonneau du Martray,Domaine Bonneau du Martray,,도메ᄂ보ᄂ두마르드레ᅵ,bonneau du martray,19,,alias,
pro01696,producer,보노 뒤 마르트레,도멘 보노 뒤 마르트레,1,Domaine Bonneau du Martray,Domaine Bonneau du Martray,,보노뒤마르드레,bonneau du martray,14,Burgundy,stripped,
pro01696,producer,본 두 마르트레이,도멘 보노 뒤 마르트레,1,Domaine Bonneau du Martray,Domaine Bonneau du Martray,,보ᄂ두마르드레ᅵ,bonneau du martray,14,,stripped,
pro01697,producer,도멘 브뤼노 클레르,도멘 브뤼노 클레르,0,Domaine Bruno Clair,Domaine Bruno Clair,,도메ᄂ브뤼노그ᄅ레르,bruno clair,18,Burgundy,producer,
pro01697,producer,브뤼노 클레르,도멘 브뤼노 클레르,1,Domaine Bruno Clair,Domaine Bruno Clair,,브뤼노그ᄅ레르,bruno clair,13,Burgundy,stripped,
pro01740,producer,도멘 생 콤,도멘 생 콤,0,Domaine Saint Cosme,Domaine Saint Cosme,,도메ᄂ셍고ᄆ,saint cosme,11,,producer,
pro01740,producer,생 콤,도멘 생 콤,1,Domaine Saint Cosme,Domaine Saint Cosme,,셍고ᄆ,saint cosme,6,,stripped,
pro01698,producer,도멘 샹동,도멘 샹동,0,Domaine Chandon,Domaine Chandon,,도메ᄂ상동,chandon,11,France,producer,
pro01698,producer,샹동,도멘 샹동,1,Domaine Chandon,Domaine Chandon,,상동,chandon,6,France,stripped,
pro01742,producer,도멘 세렌,도멘 세렌,0,Domaine Serene,Domaine Serene,,도메ᄂ세레ᄂ,serene,10,USA,producer,
pro01742,producer,세렌,도멘 세렌,1,Domaine Serene,Domaine Serene,,세레ᄂ,serene,5,USA,stripped,
pro01741,producer,도멘 슐룸베르거,도멘 슐룸베르거,0,Domaine Schlumberger,Domaine Schlumberger,,도메ᄂ수ᄅ루ᄆ베르거,schlumberger,17,,producer,
pro01741,producer,슐룸베르거,도멘 슐룸베르거,1,Domaine Schlumberger,Domaine Schlumberger,,수ᄅ루ᄆ베르거,schlumberger,12,,stripped,
pro01693,producer,도멘 아르망 루소,도멘 아르망 루소,0,Domaine Armand Rousseau,Domaine Armand Rousseau,,도메나르망루소,armand rousseau,15,Burgundy,producer,
pro01693,producer,아르망 루소,도멘 아르망 루소,1,Domaine Armand Rousseau,Domaine Armand Rousseau,,ᅡ르망루소,armand rousseau,10,Burgundy,stripped,
pro01691,producer,도멘 안 그로,도멘 안 그로,0,Domaine Anne Gros,Domaine Anne Gros,,도메나ᄂ그로,anne gros,11,Burgundy,producer,
pro01691,producer,안 그로,도멘 안 그로,1,Domaine Anne Gros,Domaine Anne Gros,,ᅡᄂ그로,anne gros,6,Burgundy,stripped,
pro01689,producer,도멘 알랭 뷔르게,도멘 알랭 뷔르게,0,Domaine Alain Burguet,Domaine Alain Burguet,,도메나ᄅ렝뷔르게,alain burguet,16,,producer,
pro01689,producer,알랭 뷔르게,도멘 알랭 뷔르게,1,Domaine Alain Burguet,Domaine Alain Burguet,,ᅡᄅ렝뷔르게,alain burguet,11,,stripped,
pro01690,producer,도멘 알맹,도멘 알맹,0,Domaine Alain Graillot,Domaine Alain Graillot,,도메나ᄅ멩,alain graillot,10,,alias,
pro01690,producer,알맹,도멘 알맹,1,Domaine Alain Graillot,Domaine Alain Graillot,,ᅡᄅ멩,alain graillot,5,,stripped,
pro01715,producer,도멘 앙리 구주,도멘 앙리 구주,0,Domaine Henri Gouges,Domaine Henri Gouges,,도메낭리구주,henri gouges,13,,producer,
pro01715,producer,앙리 구주,도멘 앙리 구주,1,Domaine Henri Gouges,Domaine Henri Gouges,,ᅡᆼ리구주,henri gouges,8,,stripped,
pro01714,producer,도멘 앙리 부아요,도멘 앙리 부아요,0,Domaine Henri Boillot,Domaine Henri Boillot,,도메낭리부ᅡᅩ,henri boillot,13,,producer,
pro01714,producer,도멘 앙리 보요,도멘 앙리 부아요,1,Domaine Henri Boillot,Domaine Henri Boillot,,도메낭리보ᅩ,henri boillot,12,,alias,
pro01714,producer,앙리 보요,도멘 앙리 부아요,1,Domaine Henri Boillot,Domaine Henri Boillot,,ᅡᆼ리보ᅩ,henri boillot,7,,stripped,
pro01714,producer,앙리 부아요,도멘 앙리 부아요,1,Domaine Henri Boillot,Domaine Henri Boillot,,ᅡᆼ리부ᅡᅩ,henri boillot,8,,stripped,
pro01692,producer,도멘 앙투안 조바르,도멘 앙투안 조바르,0,Domaine Antoine Jobard,Domaine Antoine Jobard,,도메낭두ᅡᄂ조바르,antoine jobard,17,,producer,
pro01692,producer,도멘 앙투안 요바르,도멘 앙투안 조바르,1,Domaine Antoine Jobard,Domaine Antoine Jobard,,도메낭두ᅡ노바르,antoine jobard,16,,alias,
pro01692,producer,앙투안 조바르,도멘 앙투안 조바르,1,Domaine Antoine Jobard,Domaine Antoine Jobard,,ᅡᆼ두ᅡᄂ조바르,antoine jobard,12,,stripped,
pro01692,producer,앙투안 요바르,도멘 앙투안 조바르,1,Domaine Antoine Jobard,Domaine Antoine Jobard,,ᅡᆼ두ᅡ노바르,antoine jobard,11,,stripped,
pro01707,producer,도멘 에티엔 소제,도멘 에티엔 소제,0,Domaine Etienne Sauzet,Domaine Etienne Sauzet,,도메네디ᅦᄂ소제,etienne sauzet,14,Burgundy,producer,
pro01707,producer,에티엔 소제,도멘 에티엔 소제,1,Domaine Etienne Sauzet,Domaine Etienne Sauzet,,ᅦ디ᅦᄂ소제,etienne sauzet,9,Burgundy,stripped,
pro01694,producer,도멘 오귀스트 클라프,도멘 오귀스트 클라프,0,Domaine Auguste Clape,Domaine Auguste Clape,,도메노귀스드그ᄅ라브,auguste clape,19,,producer,
pro01694,producer,오귀스트 클라프,도멘 오귀스트 클라프,1,Domaine Auguste Clape,Domaine Auguste Clape,,ᅩ귀스드그ᄅ라브,auguste clape,14,,stripped,
pro01731,producer,도멘 오스테르타그,도멘 오스테르타그,0,Domaine Ostertag,Domaine Ostertag,,도메노스데르다그,ostertag,16,France,producer,
pro01731,producer,오스테르타그,도멘 오스테르타그,1,Domaine Ostertag,Domaine Ostertag,,ᅩ스데르다그,ostertag,11,France,stripped,
pro01730,producer,도멘 오지에,도멘 오지에,0,Domaine Ogier,Domaine Ogier,,도메노지ᅦ,ogier,9,,producer,
pro01730,producer,오지에,도멘 오지에,1,Domaine Ogier,Domaine Ogier,,ᅩ지ᅦ,ogier,4,,stripped,
pro01732,producer,도멘 오트,도멘 오트,0,Domaine Ott,Domaine Ott,,도메노드,ott,8,France,producer,
pro01732,producer,오트,도멘 오트,1,Domaine Ott,Domaine Ott,,ᅩ드,ott,3,France,stripped,
pro01716,producer,도멘 위베르 리니에,도멘 위베르 리니에,0,Domaine Hubert Lignier,Domaine Hubert Lignier,,도메뉘베르리니ᅦ,hubert lignier,15,Burgundy,producer,
pro01716,producer,위베르 리니에,도멘 위베르 리니에,1,Domaine Hubert Lignier,Domaine Hubert Lignier,,ᅱ베르리니ᅦ,hubert lignier,10,Burgundy,stripped,
pro01717,producer,도멘 위에,도멘 위에,0,Domaine Huet,Domaine Huet,,도메뉘ᅦ,huet,7,France,producer,
pro01717,producer,위에,도멘 위에,1,Domaine Huet,Domaine Huet,,ᅱᅦ,huet,2,France,stripped,
pro01718,producer,도멘 자메,도멘 자메,0,Domaine Jamet,Domaine Jamet,,도메ᄂ자메,jamet,9,France,producer,
pro01718,producer,자메,도멘 자메,1,Domaine Jamet,Domaine Jamet,,자메,jamet,4,France,stripped,
pro01713,producer,도멘 조르주 루미에,도멘 조르주 루미에,0,Domaine Georges Roumier,Domaine Georges Roumier,,도메ᄂ조르주루미ᅦ,georges roumier,16,Burgundy,producer,
pro01713,producer,조르쥬 루미에,도멘 조르주 루미에,1,Domaine Georges Roumier,Domaine Georges Roumier,,조르주루미ᅦ,georges roumier,11,,alias,
pro01713,producer,도멘 조르주 후미에,도멘 조르주 루미에,1,Domaine Georges Roumier,Domaine Georges Roumier,,도메ᄂ조르주후미ᅦ,georges roumier,16,,alias,
pro01713,producer,조르주 루미에,도멘 조르주 루미에,1,Domaine Georges Roumier,Domaine Georges Roumier,,조르주루미ᅦ,georges roumier,11,Burgundy,stripped,
pro01713,producer,조르주 후미에,도멘 조르주 루미에,1,Domaine Georges Roumier,Domaine Georges Roumier,,조르주후미ᅦ,georges roumier,11,,stripped,
pro01749,producer,도멘 진트 훔브레히트,도멘 진트 훔브레히트,0,Domaine Zind-Humbrecht,Domaine Zind-Humbrecht,,도메ᄂ지ᄂ드후ᄆ브레히드,zindhumbrecht,21,France,producer,
pro01749,producer,진트 훔브레히트,도멘 진트 훔브레히트,1,Domaine Zind-Humbrecht,Domaine Zind-Humbrecht,,지ᄂ드후ᄆ브레히드,zindhumbrecht,16,France,stripped,
pro01700,producer,도멘 코슈 뒤리,도멘 코슈 뒤리,0,Domaine Coche-Dury,Domaine Coche-Dury,,도메ᄂ고수뒤리,cochedury,13,Burgundy,producer,
pro01700,producer,꼬슈 뒤리,도멘 코슈 뒤리,1,Domaine Coche-Dury,Domaine Coche-Dury,,고수뒤리,cochedury,8,,alias,
pro01700,producer,도멘 코슈 두리,도멘 코슈 뒤리,1,Domaine Coche-Dury,Domaine Coche-Dury,,도메ᄂ고수두리,cochedury,13,,alias,
pro01700,producer,코슈 뒤리,도멘 코슈 뒤리,1,Domaine Coche-Dury,Domaine Coche-Dury,,고수뒤리,cochedury,8,Burgundy,stripped,
pro01700,producer,코슈 두리,도멘 코슈 뒤리,1,Domaine Coche-Dury,Domaine Coche-Dury,,고수두리,cochedury,8,,stripped,
pro01702,producer,도멘 콩트 라퐁,도멘 콩트 라퐁,0,Domaine Comtes Lafon,Domaine Comtes Lafon,,도메ᄂ공드라봉,comtes lafon,15,Burgundy,producer,
pro01702,producer,콩트 라퐁,도멘 콩트 라퐁,1,Domaine Comtes Lafon,Domaine Comtes Lafon,,공드라봉,comtes lafon,10,Burgundy,stripped,
pro01701,producer,도멘 콩트 조르주 드 보귀에,도멘 콩트 조르주 드 보귀에,0,Domaine Comte Georges de Vogue,Domaine Comte Georges de Vogue,,도메ᄂ공드조르주드보귀ᅦ,comte georges de vogue,23,Burgundy,producer,
pro01701,producer,콩트 조르주 드 보귀에,도멘 콩트 조르주 드 보귀에,1,Domaine Comte Georges de Vogue,Domaine Comte Georges de Vogue,,공드조르주드보귀ᅦ,comte georges de vogue,18,Burgundy,stripped,
pro01699,producer,도멘 클로드 뒤가,도멘 클로드 뒤가,0,Domaine Claude Dugat,Domaine Claude Dugat,,도메ᄂ그ᄅ로드뒤가,claude dugat,16,,producer,
pro01699,producer,클로드 뒤가,도멘 클로드 뒤가,1,Domaine Claude Dugat,Domaine Claude Dugat,,그ᄅ로드뒤가,claude dugat,11,,stripped,
pro01744,producer,도멘 탕피에,도멘 탕피에,0,Domaine Tempier,Domaine Tempier,,도메ᄂ당비ᅦ,tempier,11,France,producer,
pro01744,producer,탕피에,도멘 탕피에,1,Domaine Tempier,Domaine Tempier,,당비ᅦ,tempier,6,France,stripped,
pro01745,producer,도멘 트라페,도멘 트라페,0,Domaine Trapet,Domaine Trapet,,도메ᄂ드라베,trapet,11,Burgundy,producer,
pro01745,producer,트라페,도멘 트라페,1,Domaine Trapet,Domaine Trapet,,드라베,trapet,6,Burgundy,stripped,
pro01708,producer,도멘 페블레,도멘 페블레,0,Domaine Faiveley,Domaine Faiveley,,도메ᄂ베브ᄅ레,faiveley,12,Burgundy,producer,
pro01708,producer,페블레,도멘 페블레,1,Domaine Faiveley,Domaine Faiveley,,베브ᄅ레,faiveley,7,Burgundy,stripped,
pro01734,producer,도멘 퐁소,도멘 퐁소,0,Domaine Ponsot,Domaine Ponsot,,도메ᄂ봉소,ponsot,10,Burgundy,producer,
pro01734,producer,퐁소,도멘 퐁소,1,Domaine Ponsot,Domaine Ponsot,,봉소,ponsot,5,Burgundy,stripped,
pro01709,producer,도멘 퐁텐 가냐르,도멘 퐁텐 가냐르,0,Domaine Fontaine-Gagnard,Domaine Fontaine-Gagnard,,도메ᄂ봉데ᄂ가나르,fontainegagnard,17,,producer,
pro01709,producer,도멘 폰텐 간타르,도멘 퐁텐 가냐르,1,Domaine Fontaine-Gagnard,Domaine Fontaine-Gagnard,,도메ᄂ보ᄂ데ᄂ가ᄂ다르,fontainegagnard,18,,alias,
pro01709,producer,퐁텐 가냐르,도멘 퐁텐 가냐르,1,Domaine Fontaine-Gagnard,Domaine Fontaine-Gagnard,,봉데ᄂ가나르,fontainegagnard,12,,stripped,
pro01709,producer,폰텐 간타르,도멘 퐁텐 가냐르,1,Domaine Fontaine-Gagnard,Domaine Fontaine-Gagnard,,보ᄂ데ᄂ가ᄂ다르,fontainegagnard,13,,stripped,
pro01710,producer,도멘 푸리에,도멘 푸리에,0,Domaine Fourrier,Domaine Fourrier,,도메ᄂ부리ᅦ,fourrier,10,Burgundy,producer,
pro01710,producer,푸리에,도멘 푸리에,1,Domaine Fourrier,Domaine Fourrier,,부리ᅦ,fourrier,5,Burgundy,stripped,
pro01712,producer,도멘 프랑수아 라브노,도멘 프랑수아 라브노,0,Domaine Francois Raveneau,Domaine Francois Raveneau,,도메ᄂ브랑수ᅡ라브노,francois raveneau,19,,producer,
pro01712,producer,프랑수아 라브노,도멘 프랑수아 라브노,1,Domaine Francois Raveneau,Domaine Francois Raveneau,,브랑수ᅡ라브노,francois raveneau,14,,stripped,
pro01711,producer,도멘 프랑크 발타자르,도멘 프랑크 발타자르,0,Domaine Franck Balthazar,Domaine Franck Balthazar,,도메ᄂ브랑그바ᄅ다자르,franck balthazar,21,,producer,
pro01711,producer,프랑크 발타자르,도멘 프랑크 발타자르,1,Domaine Franck Balthazar,Domaine Franck Balthazar,,브랑그바ᄅ다자르,franck balthazar,16,,stripped,
pro01733,producer,도멘 필리프 샤를로팽 파리조,도멘 필리프 샤를로팽 파리조,0,Domaine Philippe Charlopin-Parizot,Domaine Philippe Charlopin-Parizot,,도메ᄂ비ᄅ리브사르ᄅ로벵바리조,philippe charlopinparizot,28,,producer,
pro01733,producer,샬로팽 파랑,도멘 필리프 샤를로팽 파리조,1,Domaine Philippe Charlopin-Parizot,Domaine Philippe Charlopin-Parizot,,사ᄅ로벵바랑,philippe charlopinparizot,13,,alias,
pro01733,producer,필리프 샤를로팽 파리조,도멘 필리프 샤를로팽 파리조,1,Domaine Philippe Charlopin-Parizot,Domaine Philippe Charlopin-Parizot,,비ᄅ리브사르ᄅ로벵바리조,philippe charlopinparizot,23,,stripped,
pro01766,producer,도미누스 에스테이트,도미누스 에스테이트,0,Dominus Estate,Dominus Estate,,도미누스ᅦ스데ᅵ드,dominus estate,16,USA,producer,
pro01765,producer,도미니오 데 핑구스,도미니오 데 핑구스,0,Dominio de Pingus,Dominio de Pingus,,도미니ᅩ데빙구스,dominio de pingus,16,Iberia,producer,
pro01765,producer,삥구스,도미니오 데 핑구스,1,Dominio de Pingus,Dominio de Pingus,,빙구스,dominio de pingus,7,,alias,
pro01687,producer,독 포인트,독 포인트,0,Dog Point,Dog Point,,도ᄀ보ᅵᄂ드,dog point,9,Oceania/SA,producer,
pro01767,producer,돈 막시미아노,돈 막시미아노,0,Don Maximiano,Don Maximiano,,도ᄂ마ᄀ시미ᅡ노,don maximiano,13,,producer,
pro01768,producer,돈 멜초르,돈 멜초르,0,Don Melchor,Don Melchor,,도ᄂ메ᄅ조르,don melchor,10,South America,producer,
pro01769,producer,돈나푸가타,돈나푸가타,0,Donnafugata,Donnafugata,,도ᄂ나부가다,donnafugata,11,Italy,producer,
pro01763,producer,돔데찬트 베르너,돔데찬트 베르너,0,Domdechant Werner,Domdechant Werner,,도ᄆ데자ᄂ드베르너,domdechant werner,16,Germany/Austria,producer,
pro01688,producer,동 페리뇽,동 페리뇽,0,Dom Perignon,Dom Perignon,,동베리농,dom perignon,10,Champagne,producer,
pro01688,producer,돔페리뇽,동 페리뇽,1,Dom Perignon,Dom Perignon,,도ᄆ베리농,dom perignon,10,,alias,
pro01688,producer,돔 페리뇽,동 페리뇽,1,Dom Perignon,Dom Perignon,,도ᄆ베리농,dom perignon,10,,alias,
pro01682,producer,되츠,되츠,0,Deutz,Deutz,,뒈즈,deutz,4,Champagne,producer,
pro01770,producer,된호프,된호프,0,Donnhoff,Donnhoff,,뒈ᄂ호브,donnhoff,7,Germany/Austria,producer,
pro01771,producer,두르트,두르트,0,Dourthe,Dourthe,,두르드,dourthe,6,France,producer,
pro01776,producer,두카 디 살라파루타,두카 디 살라파루타,0,Duca di Salaparuta,Duca di Salaparuta,,두가디사ᄅ라바루다,duca di salaparuta,17,Italy,producer,
pro01778,producer,뒤발 르로이,뒤발 르로이,0,Duval-Leroy,Duval-Leroy,,뒤바ᄅ르로ᅵ,duvalleroy,10,Champagne,producer,
pro01683,producer,디 마요 노란테,디 마요 노란테,0,Di Majo Norante,Di Majo Norante,,디마ᅩ노라ᄂ데,di majo norante,12,Italy,producer,
pro01685,producer,디디에 다그노,디디에 다그노,0,Didier Dagueneau,Didier Dagueneau,,디디ᅦ다그노,didier dagueneau,11,France,producer,
pro01686,producer,디스노코,디스노코,0,Disznoko,Disznoko,,디스노고,disznoko,8,Germany/Austria,producer,
pro01677,producer,디코이,디코이,0,Decoy,Decoy,,디고ᅵ,decoy,5,New World,producer,
pro01937,producer,라 랑돈,라 랑돈,0,La Landonne,La Landonne,,라랑도ᄂ,la landonne,8,,producer,
pro01940,producer,라 리오하 알타,라 리오하 알타,0,La Rioja Alta,La Rioja Alta,,라리ᅩ하ᅡᄅ다,la rioja alta,11,Iberia,producer,
pro01938,producer,라 마르카,라 마르카,0,La Marca,La Marca,,라마르가,la marca,8,Italy,producer,
pro01938,producer,라 마르까,라 마르카,1,La Marca,La Marca,,라마르가,la marca,8,,alias,
pro01939,producer,라 물린,라 물린,0,La Mouline,La Mouline,,라무ᄅ리ᄂ,la mouline,8,,producer,
pro01945,producer,라 비에유 페름,라 비에유 페름,0,La Vieille Ferme,La Vieille Ferme,,라비ᅦᅮ베르ᄆ,la vieille ferme,11,France,producer,
pro01945,producer,라비에유페름,라 비에유 페름,1,La Vieille Ferme,La Vieille Ferme,,라비ᅦᅮ베르ᄆ,la vieille ferme,11,,alias,
pro01945,producer,라 비에이유 페름,라 비에유 페름,1,La Vieille Ferme,La Vieille Ferme,,라비ᅦᅵᅮ베르ᄆ,la vieille ferme,12,,alias,
pro01941,producer,라 스피네타,라 스피네타,0,La Spinetta,La Spinetta,,라스비네다,la spinetta,10,,producer,
pro01943,producer,라 스피네타 바르바레스코 바란스,라 스피네타 바르바레스코 바란스,0,La Spinetta Barbaresco Valeirano,La Spinetta Barbaresco Valeirano,,라스비네다바르바레스고바라ᄂ스,la spinetta barbaresco valeirano,29,,alias,
pro01942,producer,라 스피네타 바르바레스코 스티르데리,라 스피네타 바르바레스코 스티르데리,0,La Spinetta Barbaresco Starderi,La Spinetta Barbaresco Starderi,,라스비네다바르바레스고스디르데리,la spinetta barbaresco starderi,32,,alias,
pro01936,producer,라 크레마,라 크레마,0,La Crema,La Crema,,라그레마,la crema,8,New World,producer,
pro01944,producer,라 튀르크,라 튀르크,0,La Turque,La Turque,,라뒤르그,la turque,8,,producer,
pro02126,producer,라디치,라디치,0,Radici,Radici,,라디지,radici,6,,producer,
pro02127,producer,라디콘,라디콘,0,Radikon,Radikon,,라디고ᄂ,radikon,7,Italy,producer,
pro01948,producer,라로슈,라로슈,0,Laroche,Laroche,,라로수,laroche,6,France,producer,
pro01947,producer,라르망디에 베르니에,라르망디에 베르니에,0,Larmandier-Bernier,Larmandier-Bernier,,라르망디ᅦ베르니ᅦ,larmandierbernier,17,Champagne,producer,
pro02128,producer,라몬 빌바오,라몬 빌바오,0,Ramon Bilbao,Ramon Bilbao,,라모ᄂ비ᄅ바ᅩ,ramon bilbao,11,Iberia,producer,
pro02131,producer,라벤토스 이 블랑,라벤토스 이 블랑,0,Raventos i Blanc,Raventos i Blanc,,라베ᄂ도스ᅵ브ᄅ랑,raventos i blanc,16,Iberia,producer,
pro01960,producer,라이츠,라이츠,0,Leitz,Leitz,,라ᅵ즈,leitz,5,Germany/Austria,producer,
pro02134,producer,라이히스라트 폰 불,라이히스라트 폰 불,0,Reichsrat von Buhl,Reichsrat von Buhl,,라ᅵ히스라드보ᄂ부ᄅ,reichsrat von buhl,17,Germany/Austria,producer,
pro01950,producer,라줄리,라줄리,0,Lazuli,Lazuli,,라주ᄅ리,lazuli,7,,producer,
pro01934,producer,라파리타,라파리타,0,L'Apparita,L'Apparita,,라바리다,lapparita,8,,producer,
pro01946,producer,라포스톨,라포스톨,0,Lapostolle,Lapostolle,,라보스도ᄅ,lapostolle,9,,producer,
pro02130,producer,랑겐 드 탄,랑겐 드 탄,0,Rangen de Thann,Rangen de Thann,,랑게ᄂ드다ᄂ,rangen de thann,11,,producer,
pro02164,producer,런릭,런릭,0,RunRig,RunRig,,러ᄂ리ᄀ,runrig,6,,producer,
pro01964,producer,레 되 알비옹,레 되 알비옹,0,Les Deux Albions,Les Deux Albions,,레뒈ᅡᄅ비ᅩᆼ,les deux albions,10,,producer,
pro01952,producer,레 디페세,레 디페세,0,Le Difese,Le Difese,,레디베세,le difese,8,Italy,producer,
pro01954,producer,레 마키올레,레 마키올레,0,Le Macchiole,Le Macchiole,,레마기ᅩᄅ레,le macchiole,10,,producer,
pro01954,producer,레 마키오레,레 마키올레,1,Le Macchiole,Le Macchiole,,레마기ᅩ레,le macchiole,9,,alias,
pro01954,producer,마치아티 델라 세라,레 마키올레,1,Le Macchiole,Le Macchiole,,마지ᅡ디데ᄅ라세라,le macchiole,16,,alias,
pro01963,producer,레 보 몽,레 보 몽,0,Les Beaux Monts,Les Beaux Monts,,레보몽,les beaux monts,7,,producer,
pro01956,producer,레 볼테,레 볼테,0,Le Volte,Le Volte,,레보ᄅ데,le volte,7,Italy,producer,
pro01955,producer,레 세레 누오베 델 오르넬라이아,레 세레 누오베 델 오르넬라이아,0,Le Serre Nuove dell'Ornellaia,Le Serre Nuove dell'Ornellaia,,레세레누ᅩ베데로르네ᄅ라ᅵᅡ,le serre nuove dellornellaia,24,,producer,
pro01966,producer,레 오 드 퐁테 카네,레 오 드 퐁테 카네,0,Les Hauts de Pontet-Canet,Les Hauts de Pontet-Canet,,레ᅩ드봉데가네,les hauts de pontetcanet,14,,producer,
pro01962,producer,레 자무뢰즈,레 자무뢰즈,0,Les Amoureuses,Les Amoureuses,,레자무뤠즈,les amoureuses,10,,producer,
pro01951,producer,레 쿠폴레 디 트리노로,레 쿠폴레 디 트리노로,0,Le Cupole di Trinoro,Le Cupole di Trinoro,,레구보ᄅ레디드리노로,le cupole di trinoro,19,,producer,
pro01967,producer,레 테라세스,레 테라세스,0,Les Terrasses,Les Terrasses,,레데라세스,les terrasses,10,,producer,
pro01965,producer,레 포르 드 라투르,레 포르 드 라투르,0,Les Forts de Latour,Les Forts de Latour,,레보르드라두르,les forts de latour,14,Bordeaux,producer,
pro01965,producer,레 포르 드 라뚜르,레 포르 드 라투르,1,Les Forts de Latour,Les Forts de Latour,,레보르드라두르,les forts de latour,14,,alias,
pro01958,producer,레가리스,레가리스,0,Legaris,Legaris,,레가리스,legaris,8,Iberia,producer,
pro02133,producer,레디가피,레디가피,0,Redigaffi,Redigaffi,,레디가비,redigaffi,8,,producer,
pro01935,producer,레르미타,레르미타,0,L'Ermita,L'Ermita,,레르미다,lermita,8,Iberia,producer,
pro02135,producer,레미레스 데 가누사,레미레스 데 가누사,0,Remirez de Ganuza,Remirez de Ganuza,,레미레스데가누사,remirez de ganuza,16,Iberia,producer,
pro01961,producer,레오네티 셀러,레오네티 셀러,0,Leonetti Cellar,Leonetti Cellar,,레ᅩ네디세ᄅ러,leonetti cellar,12,USA,producer,
pro01959,producer,레장드,레장드,0,Legende,Legende,,레장드,legende,7,France,producer,
pro02132,producer,레카레도,레카레도,0,Recaredo,Recaredo,,레가레도,recaredo,8,Iberia,producer,
pro02150,producer,로다,로다,0,Roda,Roda,,로다,roda,4,Iberia,producer,
pro02151,producer,로드니 스트롱,로드니 스트롱,0,Rodney Strong,Rodney Strong,,로드니스드롱,rodney strong,13,New World,producer,
pro01949,producer,로랑 페리에,로랑 페리에,0,Laurent-Perrier,Laurent-Perrier,,로랑베리ᅦ,laurentperrier,10,Champagne,producer,
pro02152,producer,로마네 생 비방,로마네 생 비방,0,Romanee-Saint-Vivant,Romanee-Saint-Vivant,,로마네셍비방,romaneesaintvivant,14,,producer,
pro02153,producer,로마노 달 포르노,로마노 달 포르노,0,Romano Dal Forno,Romano Dal Forno,,로마노다ᄅ보르노,romano dal forno,15,Italy,producer,
pro02143,producer,로버트 몬다비,로버트 몬다비,0,Robert Mondavi,Robert Mondavi,,로버드모ᄂ다비,robert mondavi,13,USA,producer,
pro02143,producer,몬다비,로버트 몬다비,1,Robert Mondavi,Robert Mondavi,,모ᄂ다비,robert mondavi,7,,alias,
pro02144,producer,로버트 몬다비 프라이빗 셀렉션,로버트 몬다비 프라이빗 셀렉션,0,Robert Mondavi Private Selection,Robert Mondavi Private Selection,,로버드모ᄂ다비브라ᅵ비ᄉ세ᄅ레ᄀ서ᄂ,robert mondavi private selection,30,New World,producer,
pro02146,producer,로베르토 보에르치오,로베르토 보에르치오,0,Roberto Voerzio,Roberto Voerzio,,로베르도보ᅦ르지ᅩ,roberto voerzio,16,Italy,producer,
pro02145,producer,로베르트 바일,로베르트 바일,0,Robert Weil,Robert Weil,,로베르드바ᅵᄅ,robert weil,12,Germany/Austria,producer,
pro01975,producer,로스 바스코스,로스 바스코스,0,Los Vascos,Los Vascos,,로스바스고스,los vascos,12,South America,producer,
pro01974,producer,로스 아롤도스,로스 아롤도스,0,Los Haroldos,Los Haroldos,,로스ᅡ로ᄅ도스,los haroldos,12,South America,producer,
pro02158,producer,로쏘 디 몬탈치노,로쏘 디 몬탈치노,0,Rosso di Montalcino,Rosso di Montalcino,,로소디모ᄂ다ᄅ지노,rosso di montalcino,16,,alias,
pro02159,producer,로열 토카이,로열 토카이,0,Royal Tokaji,Royal Tokaji,,로ᅥᄅ도가ᅵ,royal tokaji,9,Germany/Austria,producer,
pro02159,producer,로얄 토카이,로열 토카이,1,Royal Tokaji,Royal Tokaji,,로ᅡᄅ도가ᅵ,royal tokaji,9,,alias,
pro01972,producer,로이머,로이머,0,Loimer,Loimer,,로ᅵ머,loimer,5,Germany/Austria,producer,
pro02157,producer,로즈마운트,로즈마운트,0,Rosemount,Rosemount,,로즈마ᅮᄂ드,rosemount,10,New World,producer,
pro02147,producer,로카 델레 마치에,로카 델레 마치에,0,Rocca delle Macie,Rocca delle Macie,,로가데ᄅ레마지ᅦ,rocca delle macie,14,Italy,producer,
pro02148,producer,로케 디 카스틸리오네,로케 디 카스틸리오네,0,Rocche di Castiglione,Rocche di Castiglione,,로게디가스디ᄅ리ᅩ네,rocche di castiglione,18,,producer,
pro02149,producer,로키올리,로키올리,0,Rochioli,Rochioli,,로기ᅩᄅ리,rochioli,8,USA,producer,
pro01973,producer,로페스 데 에레디아,로페스 데 에레디아,0,Lopez de Heredia,Lopez de Heredia,,로베스데ᅦ레디ᅡ,lopez de heredia,14,Iberia,producer,
pro02155,producer,론키 디 찰라,론키 디 찰라,0,Ronchi di Cialla,Ronchi di Cialla,,로ᄂ기디자ᄅ라,ronchi di cialla,12,Italy,producer,
pro02154,producer,롬바우어,롬바우어,0,Rombauer,Rombauer,,로ᄆ바ᅮᅥ,rombauer,7,USA,producer,
pro01988,producer,루스타우,루스타우,0,Lustau,Lustau,,루스다ᅮ,lustau,7,Iberia,producer,
pro02166,producer,루스텐버그,루스텐버그,0,Rustenberg,Rustenberg,,루스데ᄂ버그,rustenberg,11,Oceania/SA,producer,
pro01979,producer,루이 라투르,루이 라투르,0,Louis Latour,Louis Latour,,루ᅵ라두르,louis latour,9,Burgundy,producer,
pro01981,producer,루이 로드레,루이 로드레,0,Louis Roederer,Louis Roederer,,루ᅵ로드레,louis roederer,9,Champagne,producer,
pro01981,producer,루이 로더레,루이 로드레,1,Louis Roederer,Louis Roederer,,루ᅵ로더레,louis roederer,9,,alias,
pro01976,producer,루이 베르나르,루이 베르나르,0,Louis Bernard,Louis Bernard,,루ᅵ베르나르,louis bernard,11,France,producer,
pro01977,producer,루이 부이요,루이 부이요,0,Louis Bouillot,Louis Bouillot,,루ᅵ부ᅵᅩ,louis bouillot,7,France,producer,
pro01978,producer,루이 자도,루이 자도,0,Louis Jadot,Louis Jadot,,루ᅵ자도,louis jadot,7,Burgundy,producer,
pro01978,producer,도멘 루이 잘로,루이 자도,1,Louis Jadot,Louis Jadot,,도메ᄂ루ᅵ자ᄅ로,louis jadot,13,,alias,
pro01978,producer,루이 잘로,루이 자도,1,Louis Jadot,Louis Jadot,,루ᅵ자ᄅ로,louis jadot,8,,stripped,
pro01980,producer,루이스 엠 마티니,루이스 엠 마티니,0,Louis M. Martini,Louis M. Martini,,루ᅵ스ᅦᄆ마디니,louis m martini,13,New World,producer,
pro01986,producer,루이스 펠리페 에드워즈,루이스 펠리페 에드워즈,0,Luis Felipe Edwards,Luis Felipe Edwards,,루ᅵ스베ᄅ리베ᅦ드ᅯ즈,luis felipe edwards,18,South America,producer,
pro01985,producer,루이지 보스카,루이지 보스카,0,Luigi Bosca,Luigi Bosca,,루ᅵ지보스가,luigi bosca,11,South America,producer,
pro02162,producer,루제리,루제리,0,Ruggeri,Ruggeri,,루제리,ruggeri,6,Italy,producer,
pro01983,producer,루체 델라 비테,루체 델라 비테,0,Luce della Vite,Luce della Vite,,루제데ᄅ라비데,luce della vite,13,,producer,
pro01983,producer,루체 데니 그라치에,루체 델라 비테,1,Luce della Vite,Luce della Vite,,루제데니그라지ᅦ,luce della vite,15,,alias,
pro01984,producer,루첸테,루첸테,0,Lucente,Lucente,,루제ᄂ데,lucente,7,,producer,
pro01982,producer,루카렐리,루카렐리,0,Luccarelli,Luccarelli,,루가레ᄅ리,luccarelli,9,Italy,producer,
pro02156,producer,루트 원,루트 원,0,Root 1,Root 1,,루드ᅯᄂ,root 1,6,South America,producer,
pro02167,producer,루티니,루티니,0,Rutini,Rutini,,루디니,rutini,6,South America,producer,
pro02165,producer,루퍼트 앤 로칠드,루퍼트 앤 로칠드,0,Rupert & Rothschild,Rupert & Rothschild,,루버드ᅦᄂ로지ᄅ드,rupert rothschild,15,,producer,
pro02165,producer,루버트 & 로스쉴드,루퍼트 앤 로칠드,1,Rupert & Rothschild,Rupert & Rothschild,,루버드&로스쉬ᄅ드,rupert rothschild,16,,alias,
pro02160,producer,루피노,루피노,0,Ruffino,Ruffino,,루비노,ruffino,6,Italy,producer,
pro02161,producer,루피노 키안티,루피노 키안티,0,Ruffino Chianti,Ruffino Chianti,,루비노기ᅡᄂ디,ruffino chianti,12,Italy,producer,
pro01987,producer,룬가로티,룬가로티,0,Lungarotti,Lungarotti,,루ᄂ가로디,lungarotti,9,Italy,producer,
pro02163,producer,뤼나르,뤼나르,0,Ruinart,Ruinart,,뤼나르,ruinart,6,Champagne,producer,
pro01953,producer,르 오 메독 드 지스쿠르,르 오 메독 드 지스쿠르,0,Le Haut-Medoc de Giscours,Le Haut-Medoc de Giscours,,르ᅩ메도ᄀ드지스구르,le hautmedoc de giscours,18,,producer,
pro02136,producer,르네 로스탱,르네 로스탱,0,Rene Rostaing,Rene Rostaing,,르네로스뎅,rene rostaing,11,France,producer,
pro02142,producer,리베라,리베라,0,Rivera,Rivera,,리베라,rivera,6,Italy,producer,
pro01968,producer,리브란디,리브란디,0,Librandi,Librandi,,리브라ᄂ디,librandi,9,Italy,producer,
pro01971,producer,리비오 펠루가,리비오 펠루가,0,Livio Felluga,Livio Felluga,,리비ᅩ베ᄅ루가,livio felluga,12,Italy,producer,
pro01957,producer,리우윈 에스테이트,리우윈 에스테이트,0,Leeuwin Estate,Leeuwin Estate,,리ᅮᅱ네스데ᅵ드,leeuwin estate,13,Oceania/SA,producer,
pro02139,producer,리지 몬테 벨로,리지 몬테 벨로,0,Ridge Monte Bello,Ridge Monte Bello,,리지모ᄂ데베ᄅ로,ridge monte bello,14,USA,producer,
pro02140,producer,리지 빈야드,리지 빈야드,0,Ridge Vineyards,Ridge Vineyards,,리지비나드,ridge vineyards,10,USA,producer,
pro02138,producer,리지 지판델 지안코,리지 지판델 지안코,0,Ridge Geyserville Zinfandel,Ridge Geyserville Zinfandel,,리지지바ᄂ데ᄅ지ᅡᄂ고,ridge geyserville zinfandel,18,,alias,
pro02137,producer,리카도나,리카도나,0,Riccadonna,Riccadonna,,리가도나,riccadonna,8,Italy,producer,
pro01970,producer,리토라이,리토라이,0,Littorai,Littorai,,리도라ᅵ,littorai,7,USA,producer,
pro02141,producer,리폰,리폰,0,Rippon,Rippon,,리보ᄂ,rippon,5,New World,producer,
pro01969,producer,린데만스,린데만스,0,Lindeman's,Lindeman's,,리ᄂ데마ᄂ스,lindemans,10,New World,producer,
pro01969,producer,린데만,린데만스,1,Lindeman's,Lindeman's,,리ᄂ데마ᄂ,lindemans,8,,alias,
pro01990,producer,마가리,마가리,0,Magari,Magari,,마가리,magari,6,Italy,producer,
pro01995,producer,마르셀 라피에르,마르셀 라피에르,0,Marcel Lapierre,Marcel Lapierre,,마르세ᄅ라비ᅦ르,marcel lapierre,14,Burgundy,producer,
pro02004,producer,마르케스 데 리스칼,마르케스 데 리스칼,0,Marques de Riscal,Marques de Riscal,,마르게스데리스가ᄅ,riscal,17,Iberia,producer,
pro02003,producer,마르케스 데 무리에타,마르케스 데 무리에타,0,Marques de Murrieta,Marques de Murrieta,,마르게스데무리ᅦ다,murrieta,17,Iberia,producer,
pro02005,producer,마르케스 데 바르가스,마르케스 데 바르가스,0,Marques de Vargas,Marques de Vargas,,마르게스데바르가스,vargas,18,Iberia,producer,
pro02002,producer,마르케스 데 카사 콘차,마르케스 데 카사 콘차,0,Marques de Casa Concha,Marques de Casa Concha,,마르게스데가사고ᄂ자,casa concha,19,South America,producer,
pro02001,producer,마르케스 데 카세레스,마르케스 데 카세레스,0,Marques de Caceres,Marques de Caceres,,마르게스데가세레스,caceres,18,Iberia,producer,
pro02001,producer,마르께스 데 까세레스,마르케스 데 카세레스,1,Marques de Caceres,Marques de Caceres,,마르게스데가세레스,caceres,18,,alias,
pro01998,producer,마르케시 데 프레스코발디,마르케시 데 프레스코발디,0,Marchesi de' Frescobaldi,Marchesi de' Frescobaldi,,마르게시데브레스고바ᄅ디,de frescobaldi,23,Italy,producer,
pro01999,producer,마르케시 디 바롤로,마르케시 디 바롤로,0,Marchesi di Barolo,Marchesi di Barolo,,마르게시디바로ᄅ로,di barolo,17,Italy,producer,
pro01997,producer,마르케시 마체이,마르케시 마체이,0,Marchesi Mazzei,Marchesi Mazzei,,마르게시마제ᅵ,mazzei,13,Italy,producer,
pro01996,producer,마르케시 안티노리,마르케시 안티노리,0,Marchesi Antinori,Marchesi Antinori,,마르게시ᅡᄂ디노리,antinori,16,Italy,producer,
pro02000,producer,마르쿠스 몰리토어,마르쿠스 몰리토어,0,Markus Molitor,Markus Molitor,,마르구스모ᄅ리도ᅥ,markus molitor,16,Germany/Austria,producer,
pro02007,producer,마르키 드 카라바스,마르키 드 카라바스,0,Marquis de Carabas,Marquis de Carabas,,마르기드가라바스,marquis de carabas,16,,producer,
pro02006,producer,마르키 드 칼롱,마르키 드 칼롱,0,Marquis de Calon,Marquis de Calon,,마르기드가ᄅ롱,marquis de calon,14,,producer,
pro02008,producer,마르틴 코닥스,마르틴 코닥스,0,Martin Codax,Martin Codax,,마르디ᄂ고다ᄀ스,martin codax,14,Iberia,producer,
pro02014,producer,마세토,마세토,0,Masseto,Masseto,,마세도,masseto,6,Italy,producer,
pro02015,producer,마솔리노,마솔리노,0,Massolino,Massolino,,마소ᄅ리노,massolino,9,Italy,producer,
pro02011,producer,마스 드 도마 가삭,마스 드 도마 가삭,0,Mas de Daumas Gassac,Mas de Daumas Gassac,,마스드도마가사ᄀ,mas de daumas gassac,15,France,producer,
pro02010,producer,마스 라 플라나,마스 라 플라나,0,Mas La Plana,Mas La Plana,,마스라브ᄅ라나,mas la plana,13,,producer,
pro02016,producer,마스트로베라르디노,마스트로베라르디노,0,Mastroberardino,Mastroberardino,,마스드로베라르디노,mastroberardino,18,Italy,producer,
pro02013,producer,마시,마시,0,Masi,Masi,,마시,masi,4,Italy,producer,
pro02013,producer,푸시에르 아마로네,마시,1,Masi,Masi,,부시ᅦ르ᅡ마로네,masi,14,,alias,
pro02012,producer,마시아렐리,마시아렐리,0,Masciarelli,Masciarelli,,마시ᅡ레ᄅ리,masciarelli,10,Italy,producer,
pro02048,producer,마운트 디피컬티,마운트 디피컬티,0,Mount Difficulty,Mount Difficulty,,마ᅮᄂ드디비거ᄅ디,mount difficulty,15,New World,producer,
pro02050,producer,마운트 메리,마운트 메리,0,Mount Mary,Mount Mary,,마ᅮᄂ드메리,mount mary,10,Oceania/SA,producer,
pro02049,producer,마운트 에델스톤,마운트 에델스톤,0,Mount Edelstone,Mount Edelstone,,마ᅮᄂ드ᅦ데ᄅ스도ᄂ,mount edelstone,15,,producer,
pro02020,producer,마차노,마차노,0,Mazzano,Mazzano,,마자노,mazzano,6,,producer,
pro01994,producer,마카신,마카신,0,Marcassin,Marcassin,,마가시ᄂ,marcassin,7,USA,producer,
pro02017,producer,마타로메라,마타로메라,0,Matarromera,Matarromera,,마다로메라,matarromera,10,Iberia,producer,
pro02019,producer,마테우스,마테우스,0,Mateus,Mateus,,마데ᅮ스,mateus,7,Iberia,producer,
pro02018,producer,마테틱,마테틱,0,Matetic,Matetic,,마데디ᄀ,matetic,7,South America,producer,
pro02009,producer,마티니,마티니,0,Martini,Martini,,마디니,martini,6,Italy,producer,
pro02009,producer,마르띠니,마티니,1,Martini,Martini,,마르디니,martini,8,,alias,
pro01993,producer,말벡 아르헨티노,말벡 아르헨티노,0,Malbec Argentino,Malbec Argentino,,마ᄅ베가르헤ᄂ디노,malbec argentino,16,,producer,
pro02052,producer,머드 하우스,머드 하우스,0,Mud House,Mud House,,머드하ᅮ스,mud house,9,New World,producer,
pro02024,producer,메나데,메나데,0,Menade,Menade,,메나데,menade,6,Iberia,producer,
pro02025,producer,메나지 아 트루아,메나지 아 트루아,0,Menage a Trois,Menage a Trois,,메나지ᅡ드루ᅡ,menage a trois,12,New World,producer,
pro02021,producer,메르러스트,메르러스트,0,Meerlust,Meerlust,,메르러스드,meerlust,10,Oceania/SA,producer,
pro02026,producer,메소리오,메소리오,0,Messorio,Messorio,,메소리ᅩ,messorio,7,,producer,
pro02022,producer,메이오미,메이오미,0,Meiomi,Meiomi,,메ᅵᅩ미,meiomi,6,New World,producer,
pro01992,producer,메종 르로이,메종 르로이,0,Maison Leroy,Maison Leroy,,메종르로ᅵ,leroy,10,Burgundy,producer,
pro01992,producer,르로이,메종 르로이,1,Maison Leroy,Maison Leroy,,르로ᅵ,leroy,5,Burgundy,stripped,
pro01991,producer,메종 샹피,메종 샹피,0,Maison Champy,Maison Champy,,메종상비,champy,10,France,producer,
pro01991,producer,샹피,메종 샹피,1,Maison Champy,Maison Champy,,상비,champy,5,France,stripped,
pro02023,producer,멜리니,멜리니,0,Melini,Melini,,메ᄅ리니,melini,7,Italy,producer,
pro02046,producer,모란데,모란데,0,Morande,Morande,,모라ᄂ데,morande,7,South America,producer,
pro02037,producer,모메생,모메생,0,Mommessin,Mommessin,,모메셍,mommessin,7,France,producer,
pro02047,producer,모스 우드,모스 우드,0,Moss Wood,Moss Wood,,모스ᅮ드,moss wood,7,Oceania/SA,producer,
pro02035,producer,모야르,모야르,0,Moillard,Moillard,,모ᅡ르,moillard,5,France,producer,
pro02034,producer,모엣 샹동,모엣 샹동,0,Moet et Chandon,Moet et Chandon,,모ᅦᄉ상동,moet et chandon,10,Champagne,producer,
pro02034,producer,모에 샹동,모엣 샹동,1,Moet et Chandon,Moet et Chandon,,모ᅦ상동,moet et chandon,9,,alias,
pro02034,producer,모엣 에 샹동,모엣 샹동,1,Moet et Chandon,Moet et Chandon,,모ᅦ세상동,moet et chandon,11,,alias,
pro02039,producer,몬테 벨로,몬테 벨로,0,Monte Bello,Monte Bello,,모ᄂ데베ᄅ로,monte bello,10,,producer,
pro02041,producer,몬테스,몬테스,0,Montes,Montes,,모ᄂ데스,montes,7,South America,producer,
pro02044,producer,몬테스 M,몬테스 M,0,Montes M,Montes M,,모ᄂ데스M,montes m,8,,producer,
pro02042,producer,몬테스 알파,몬테스 알파,0,Montes Alpha,Montes Alpha,,모ᄂ데스ᅡᄅ바,montes alpha,11,South America,producer,
pro02042,producer,몬떼스 알파,몬테스 알파,1,Montes Alpha,Montes Alpha,,모ᄂ데스ᅡᄅ바,montes alpha,11,,alias,
pro02043,producer,몬테스 폴리,몬테스 폴리,0,Montes Folly,Montes Folly,,모ᄂ데스보ᄅ리,montes folly,12,,producer,
pro02040,producer,몬테시요,몬테시요,0,Montecillo,Montecillo,,모ᄂ데시ᅩ,montecillo,8,Iberia,producer,
pro02045,producer,몬토솔리,몬토솔리,0,Montosoli,Montosoli,,모ᄂ도소ᄅ리,montosoli,10,,producer,
pro02038,producer,몬포르티노,몬포르티노,0,Monfortino,Monfortino,,모ᄂ보르디노,monfortino,11,,producer,
pro02036,producer,몰리두커,몰리두커,0,Mollydooker,Mollydooker,,모ᄅ리두거,mollydooker,9,,producer,
pro02053,producer,무가,무가,0,Muga,Muga,,무가,muga,4,Iberia,producer,
pro02051,producer,무통 카데,무통 카데,0,Mouton Cadet,Mouton Cadet,,무동가데,mouton cadet,9,France,producer,
pro02051,producer,무통까데,무통 카데,1,Mouton Cadet,Mouton Cadet,,무동가데,mouton cadet,9,,alias,
pro02051,producer,무똥 까데,무통 카데,1,Mouton Cadet,Mouton Cadet,,무동가데,mouton cadet,9,,alias,
pro02054,producer,뮐러 카토아,뮐러 카토아,0,Muller-Catoir,Muller-Catoir,,뮈ᄅ러가도ᅡ,mullercatoir,10,Germany/Austria,producer,
pro02055,producer,뮐리뇌,뮐리뇌,0,Mullineux,Mullineux,,뮈ᄅ리눼,mullineux,7,New World,producer,
pro02031,producer,미겔 토레스,미겔 토레스,0,Miguel Torres,Miguel Torres,,미게ᄅ도레스,miguel torres,11,Iberia,producer,
pro02028,producer,미셸 가시에,미셸 가시에,0,Michel Gassier,Michel Gassier,,미세ᄅ가시ᅦ,michel gassier,10,,producer,
pro02028,producer,미셸 가시에 코스티에르 드 니름,미셸 가시에,1,Michel Gassier,Michel Gassier,,미세ᄅ가시ᅦ고스디ᅦ르드니르ᄆ,michel gassier,26,,alias,
pro02029,producer,미셸 린치,미셸 린치,0,Michel Lynch,Michel Lynch,,미세ᄅ리ᄂ지,michel lynch,10,France,producer,
pro02033,producer,미시오네스 데 렝고,미시오네스 데 렝고,0,Misiones de Rengo,Misiones de Rengo,,미시ᅩ네스데렝고,misiones de rengo,16,South America,producer,
pro02027,producer,미아니,미아니,0,Miani,Miani,,미ᅡ니,miani,5,,producer,
pro02032,producer,미오네토,미오네토,0,Mionetto,Mionetto,,미ᅩ네도,mionetto,7,Italy,producer,
pro02032,producer,미오네또,미오네토,1,Mionetto,Mionetto,,미ᅩ네도,mionetto,7,,alias,
pro02030,producer,미켈레 키아를로,미켈레 키아를로,0,Michele Chiarlo,Michele Chiarlo,,미게ᄅ레기ᅡ르ᄅ로,michele chiarlo,15,Italy,producer,
pro01332,producer,바론 데 레이,바론 데 레이,0,Baron de Ley,Baron de Ley,,바로ᄂ데레ᅵ,baron de ley,10,Iberia,producer,
pro01330,producer,바롱 에드몽,바롱 에드몽,0,Baron Edmond,Baron Edmond,,바롱ᅦ드몽,baron edmond,11,,producer,
pro01331,producer,바롱 필립 드 로칠드,바롱 필립 드 로칠드,0,Baron Philippe de Rothschild,Baron Philippe de Rothschild,,바롱비ᄅ리ᄇ드로지ᄅ드,baron philippe de rothschild,20,France,producer,
pro01327,producer,바르바디요,바르바디요,0,Barbadillo,Barbadillo,,바르바디ᅩ,barbadillo,9,Iberia,producer,
pro01328,producer,바르카 벨랴,바르카 벨랴,0,Barca Velha,Barca Velha,,바르가베ᄅ라,barca velha,11,Iberia,producer,
pro01333,producer,바르톨로 마스카렐로,바르톨로 마스카렐로,0,Bartolo Mascarello,Bartolo Mascarello,,바르도ᄅ로마스가레ᄅ로,bartolo mascarello,20,Italy,producer,
pro01333,producer,마스카렐로 바롤로 바르톨로,바르톨로 마스카렐로,1,Bartolo Mascarello,Bartolo Mascarello,,마스가레ᄅ로바로ᄅ로바르도ᄅ로,bartolo mascarello,27,,alias,
pro01334,producer,바르통 & 게스티에,바르통 & 게스티에,0,Barton & Guestier,Barton & Guestier,,바르동&게스디ᅦ,barton guestier,15,France,producer,
pro02273,producer,바스 펠릭스,바스 펠릭스,0,Vasse Felix,Vasse Felix,,바스베ᄅ리ᄀ스,vasse felix,12,Oceania/SA,producer,
pro01335,producer,바스티드 미라플로르,바스티드 미라플로르,0,Bastide Miraflors,Bastide Miraflors,,바스디드미라브ᄅ로르,bastide miraflors,19,,producer,
pro01325,producer,바앙 오브리옹,바앙 오브리옹,0,Bahans Haut-Brion,Bahans Haut-Brion,,바ᅡᆼᅩ브리ᅩᆼ,bahans hautbrion,11,Bordeaux,producer,
pro02305,producer,바인구트 브륀들마이어,바인구트 브륀들마이어,0,Weingut Bruendlmayer,Weingut Bruendlmayer,,바ᅵᄂ구드브뤼ᄂ드ᄅ마ᅵᅥ,bruendlmayer,20,Germany/Austria,producer,
pro01336,producer,바타시올로,바타시올로,0,Batasiolo,Batasiolo,,바다시ᅩᄅ로,batasiolo,10,Italy,producer,
pro01326,producer,반피,반피,0,Banfi,Banfi,,바ᄂ비,banfi,5,Italy,producer,
pro02271,producer,발레벨보,발레벨보,0,Vallebelbo,Vallebelbo,,바ᄅ레베ᄅ보,vallebelbo,10,Italy,producer,
pro02271,producer,발레벨브,발레벨보,1,Vallebelbo,Vallebelbo,,바ᄅ레베ᄅ브,vallebelbo,10,,alias,
pro02270,producer,발부에나,발부에나,0,Valbuena,Valbuena,,바ᄅ부ᅦ나,valbuena,8,,producer,
pro02293,producer,뱅 드 콩스탕스,뱅 드 콩스탕스,0,Vin de Constance,Vin de Constance,,벵드공스당스,vin de constance,15,,producer,
pro02300,producer,뱅상 지라르댕,뱅상 지라르댕,0,Vincent Girardin,Vincent Girardin,,벵상지라르뎅,vincent girardin,15,France,producer,
pro02274,producer,베가 시실리아,베가 시실리아,0,Vega Sicilia,Vega Sicilia,,베가시시ᄅ리ᅡ,vega sicilia,12,Iberia,producer,
pro02274,producer,베가 시씰리아,베가 시실리아,1,Vega Sicilia,Vega Sicilia,,베가시시ᄅ리ᅡ,vega sicilia,12,,alias,
pro02277,producer,베라몬테,베라몬테,0,Veramonte,Veramonte,,베라모ᄂ데,veramonte,9,South America,producer,
pro01346,producer,베로니아,베로니아,0,Beronia,Beronia,,베로니ᅡ,beronia,7,Iberia,producer,
pro01343,producer,베르나르 모로,베르나르 모로,0,Bernard Moreau,Bernard Moreau,,베르나르모로,bernard moreau,12,,producer,
pro01342,producer,베르나르 포리,베르나르 포리,0,Bernard Faurie,Bernard Faurie,,베르나르보리,bernard faurie,12,,producer,
pro02279,producer,베르제,베르제,0,Verget,Verget,,베르제,verget,6,,producer,
pro01347,producer,베르타니,베르타니,0,Bertani,Bertani,,베르다니,bertani,8,Italy,producer,
pro02278,producer,베르헬레헨,베르헬레헨,0,Vergelegen,Vergelegen,,베르헤ᄅ레헤ᄂ,vergelegen,12,Oceania/SA,producer,
pro01345,producer,베른하르트 오트,베른하르트 오트,0,Bernhard Ott,Bernhard Ott,,베르ᄂ하르드ᅩ드,bernhard ott,14,Germany/Austria,producer,
pro01344,producer,베른하르트 후버,베른하르트 후버,0,Bernhard Huber,Bernhard Huber,,베르ᄂ하르드후버,bernhard huber,15,Germany/Austria,producer,
pro01340,producer,베린저,베린저,0,Beringer,Beringer,,베리ᄂ저,beringer,7,USA,producer,
pro01341,producer,베린저 파운더스 에스테이트,베린저 파운더스 에스테이트,0,Beringer Founders Estate,Beringer Founders Estate,,베리ᄂ저바ᅮᄂ더스ᅦ스데ᅵ드,beringer founders estate,23,New World,producer,
pro01329,producer,베어풋,베어풋,0,Barefoot,Barefoot,,베ᅥ부ᄉ,barefoot,6,New World,producer,
pro01329,producer,베어푸트,베어풋,1,Barefoot,Barefoot,,베ᅥ부드,barefoot,7,,alias,
pro02276,producer,벤티스케로,벤티스케로,0,Ventisquero,Ventisquero,,베ᄂ디스게로,ventisquero,11,South America,producer,
pro01339,producer,벨라비스타,벨라비스타,0,Bellavista,Bellavista,,베ᄅ라비스다,bellavista,11,Italy,producer,
pro01338,producer,벨라스 가든,벨라스 가든,0,Bella's Garden,Bella's Garden,,베ᄅ라스가드ᄂ,bellas garden,12,,producer,
pro02275,producer,벨레노시,벨레노시,0,Velenosi,Velenosi,,베ᄅ레노시,velenosi,9,Italy,producer,
pro01337,producer,보 프레르,보 프레르,0,Beaux Freres,Beaux Freres,,보브레르,beaux freres,8,USA,producer,
pro01370,producer,보글,보글,0,Bogle,Bogle,,보그ᄅ,bogle,5,USA,producer,
pro01371,producer,보글 빈야드,보글 빈야드,0,Bogle Vineyards,Bogle Vineyards,,보그ᄅ비나드,bogle vineyards,11,New World,producer,
pro01363,producer,보데가 노턴,보데가 노턴,0,Bodega Norton,Bodega Norton,,보데가노더ᄂ,norton,11,South America,producer,
pro01364,producer,보데가 셉티마,보데가 셉티마,0,Bodega Septima,Bodega Septima,,보데가세ᄇ디마,septima,13,South America,producer,
pro01362,producer,보데가 콜로메,보데가 콜로메,0,Bodega Colome,Bodega Colome,,보데가고ᄅ로메,colome,13,South America,producer,
pro01366,producer,보데가스 무가,보데가스 무가,0,Bodegas Muga,Bodegas Muga,,보데가스무가,muga,12,Iberia,producer,
pro01366,producer,무가,보데가스 무가,1,Bodegas Muga,Bodegas Muga,,무가,muga,4,,alias,
pro01365,producer,보데가스 알토,보데가스 알토,0,Bodegas Aalto,Bodegas Aalto,,보데가스ᅡᄅ도,aalto,12,,producer,
pro01365,producer,보데가스 아스타로아,보데가스 알토,1,Bodegas Aalto,Bodegas Aalto,,보데가스ᅡ스다로ᅡ,aalto,16,,alias,
pro01365,producer,알토,보데가스 알토,1,Bodegas Aalto,Bodegas Aalto,,ᅡᄅ도,aalto,4,,stripped,
pro01365,producer,아스타로아,보데가스 알토,1,Bodegas Aalto,Bodegas Aalto,,ᅡ스다로ᅡ,aalto,8,,stripped,
pro01367,producer,보데가스 온타뇬,보데가스 온타뇬,0,Bodegas Ontanon,Bodegas Ontanon,,보데가스ᅩᄂ다노ᄂ,ontanon,15,Iberia,producer,
pro01367,producer,온타뇬,보데가스 온타뇬,1,Bodegas Ontanon,Bodegas Ontanon,,ᅩᄂ다노ᄂ,ontanon,7,Iberia,stripped,
pro01368,producer,보데가스 포르티아,보데가스 포르티아,0,Bodegas Portia,Bodegas Portia,,보데가스보르디ᅡ,portia,15,Iberia,producer,
pro01368,producer,포르티아,보데가스 포르티아,1,Bodegas Portia,Bodegas Portia,,보르디ᅡ,portia,7,Iberia,stripped,
pro01376,producer,보르고 마라글리아노,보르고 마라글리아노,0,Borgo Maragliano,Borgo Maragliano,,보르고마라그ᄅ리ᅡ노,borgo maragliano,18,Italy,producer,
pro01377,producer,보르사오,보르사오,0,Borsao,Borsao,,보르사ᅩ,borsao,7,Iberia,producer,
pro01378,producer,보테가,보테가,0,Bottega,Bottega,,보데가,bottega,6,Italy,producer,
pro01378,producer,보떼가,보테가,1,Bottega,Bottega,,보데가,bottega,6,,alias,
pro01372,producer,볼게리 사시카이아,볼게리 사시카이아,0,Bolgheri Sassicaia,Bolgheri Sassicaia,,보ᄅ게리사시가ᅵᅡ,bolgheri sassicaia,15,Italy,producer,
pro01373,producer,볼라,볼라,0,Bolla,Bolla,,보ᄅ라,bolla,5,Italy,producer,
pro01374,producer,볼랭저,볼랭저,0,Bollinger,Bollinger,,보ᄅ렝저,bollinger,8,Champagne,producer,
pro01374,producer,볼랑저,볼랭저,1,Bollinger,Bollinger,,보ᄅ랑저,bollinger,8,,alias,
pro01375,producer,볼랭저 그랑 아네,볼랭저 그랑 아네,0,Bollinger Grande Annee,Bollinger Grande Annee,,보ᄅ렝저그랑ᅡ네,bollinger grande annee,16,,alias,
pro02281,producer,뵈브 뒤 베르네,뵈브 뒤 베르네,0,Veuve du Vernay,Veuve du Vernay,,붸브뒤베르네,veuve du vernay,12,France,producer,
pro02280,producer,뵈브 클리코,뵈브 클리코,0,Veuve Clicquot,Veuve Clicquot,,붸브그ᄅ리고,veuve clicquot,11,Champagne,producer,
pro02280,producer,뵈브 끌리꼬,뵈브 클리코,1,Veuve Clicquot,Veuve Clicquot,,붸브그ᄅ리고,veuve clicquot,11,,alias,
pro01379,producer,부샤르 애네,부샤르 애네,0,Bouchard Aine,Bouchard Aine,,부사르ᅦ네,bouchard aine,9,France,producer,
pro01381,producer,부샤르 페레 에 피스,부샤르 페레 에 피스,0,Bouchard Pere et Fils,Bouchard Pere et Fils,,부사르베레ᅦ비스,bouchard pere et fils,15,Burgundy,producer,
pro01380,producer,부샤르 핀레이슨,부샤르 핀레이슨,0,Bouchard Finlayson,Bouchard Finlayson,,부사르비ᄂ레ᅵ스ᄂ,bouchard finlayson,15,France,producer,
pro01369,producer,부켄하우츠클루프,부켄하우츠클루프,0,Boekenhoutskloof,Boekenhoutskloof,,부게ᄂ하ᅮ즈그ᄅ루브,boekenhoutskloof,17,Oceania/SA,producer,
pro01369,producer,보켄하우츠클루프,부켄하우츠클루프,1,Boekenhoutskloof,Boekenhoutskloof,,보게ᄂ하ᅮ즈그ᄅ루브,boekenhoutskloof,17,,alias,
pro01382,producer,브라이다,브라이다,0,Braida,Braida,,브라ᅵ다,braida,7,Italy,producer,
pro01389,producer,브라이언트 패밀리,브라이언트 패밀리,0,Bryant Family,Bryant Family,,브라ᅵᅥᄂ드베미ᄅ리,bryant family,16,USA,producer,
pro01383,producer,브랑콧 에스테이트,브랑콧 에스테이트,0,Brancott Estate,Brancott Estate,,브랑고세스데ᅵ드,brancott estate,16,New World,producer,
pro01383,producer,브랑콧,브랑콧 에스테이트,1,Brancott Estate,Brancott Estate,,브랑고ᄉ,brancott estate,8,,alias,
pro01384,producer,브레드 앤 버터,브레드 앤 버터,0,Bread & Butter,Bread & Butter,,브레드ᅦᄂ버더,bread butter,12,New World,producer,
pro01385,producer,브로큰우드,브로큰우드,0,Brokenwood,Brokenwood,,브로그누드,brokenwood,10,New World,producer,
pro01387,producer,브루노 자코사,브루노 자코사,0,Bruno Giacosa,Bruno Giacosa,,브루노자고사,bruno giacosa,12,Italy,producer,
pro01388,producer,브뤼노 파야르,브뤼노 파야르,0,Bruno Paillard,Bruno Paillard,,브뤼노바ᅡ르,bruno paillard,11,Champagne,producer,
pro01386,producer,브륀들마이어,브륀들마이어,0,Brundlmayer,Brundlmayer,,브뤼ᄂ드ᄅ마ᅵᅥ,brundlmayer,12,Germany/Austria,producer,
pro01359,producer,블라종 디상,블라종 디상,0,Blason d'Issan,Blason d'Issan,,브ᄅ라종디상,blason dissan,13,France,producer,
pro01357,producer,블랑 드 블랑,블랑 드 블랑,0,Blanc de Blancs,Blanc de Blancs,,브ᄅ랑드브ᄅ랑,blanc de blancs,14,,producer,
pro01356,producer,블랙 타워,블랙 타워,0,Black Tower,Black Tower,,브ᄅ레ᄀ다ᅯ,black tower,9,Germany/Austria,producer,
pro01358,producer,블랜디스,블랜디스,0,Blandy's,Blandy's,,브ᄅ레ᄂ디스,blandys,10,Iberia,producer,
pro01360,producer,블록 3,블록 3,0,Block 3,Block 3,,브ᄅ로ᄀ3,block 3,7,,producer,
pro01361,producer,블루 넌,블루 넌,0,Blue Nun,Blue Nun,,브ᄅ루너ᄂ,blue nun,8,Germany/Austria,producer,
pro01361,producer,블루넌,블루 넌,1,Blue Nun,Blue Nun,,브ᄅ루너ᄂ,blue nun,8,,alias,
pro02297,producer,비냐 레이다,비냐 레이다,0,Vina Leyda,Vina Leyda,,비나레ᅵ다,leyda,9,South America,producer,
pro02297,producer,레이다,비냐 레이다,1,Vina Leyda,Vina Leyda,,레ᅵ다,leyda,5,South America,stripped,
pro02298,producer,비냐 마이포,비냐 마이포,0,Vina Maipo,Vina Maipo,,비나마ᅵ보,maipo,9,South America,producer,
pro02298,producer,마이포,비냐 마이포,1,Vina Maipo,Vina Maipo,,마ᅵ보,maipo,5,South America,stripped,
pro02294,producer,비냐 아키타니아,비냐 아키타니아,0,Vina Aquitania,Vina Aquitania,,비나ᅡ기다니ᅡ,aquitania,12,,producer,
pro02294,producer,아키타니아,비냐 아키타니아,1,Vina Aquitania,Vina Aquitania,,ᅡ기다니ᅡ,aquitania,8,,stripped,
pro02296,producer,비냐 에라주리즈,비냐 에라주리즈,0,Vina Errazuriz,Vina Errazuriz,,비나ᅦ라주리즈,errazuriz,13,South America,producer,
pro02296,producer,에라주리즈,비냐 에라주리즈,1,Vina Errazuriz,Vina Errazuriz,,ᅦ라주리즈,errazuriz,9,South America,stripped,
pro02295,producer,비냐 카사블랑카,비냐 카사블랑카,0,Vina Casablanca,Vina Casablanca,,비나가사브ᄅ랑가,casablanca,16,South America,producer,
pro02295,producer,카사블랑카,비냐 카사블랑카,1,Vina Casablanca,Vina Casablanca,,가사브ᄅ랑가,casablanca,12,South America,stripped,
pro02299,producer,비냐스 델 베로,비냐스 델 베로,0,Vinas del Vero,Vinas del Vero,,비나스데ᄅ베로,vinas del vero,13,Iberia,producer,
pro02301,producer,비녜도 차드윅,비녜도 차드윅,0,Vinedo Chadwick,Vinedo Chadwick,,비네도자드ᅱᄀ,chadwick,12,,producer,
pro02301,producer,차드윅,비녜도 차드윅,1,Vinedo Chadwick,Vinedo Chadwick,,자드ᅱᄀ,chadwick,6,,stripped,
pro02285,producer,비녜티 델 살렌토,비녜티 델 살렌토,0,Vigneti del Salento,Vigneti del Salento,,비네디데ᄅ사ᄅ레ᄂ도,vigneti del salento,17,Italy,producer,
pro01348,producer,비비 그라에츠,비비 그라에츠,0,Bibi Graetz,Bibi Graetz,,비비그라ᅦ즈,bibi graetz,11,,producer,
pro01355,producer,비솔,비솔,0,Bisol,Bisol,,비소ᄅ,bisol,5,Italy,producer,
pro01349,producer,비시클레타,비시클레타,0,Bicicleta,Bicicleta,,비시그ᄅ레다,bicicleta,11,South America,producer,
pro01324,producer,비앤지,비앤지,0,B&G,B&G,,비ᅦᄂ지,b g,6,France,producer,
pro02282,producer,비에티,비에티,0,Vietti,Vietti,,비ᅦ디,vietti,5,Italy,producer,
pro02283,producer,비에티 모스카토,비에티 모스카토,0,Vietti Moscato,Vietti Moscato,,비ᅦ디모스가도,vietti moscato,13,Italy,producer,
pro01354,producer,비온디 산티,비온디 산티,0,Biondi-Santi,Biondi-Santi,,비ᅩᄂ디사ᄂ디,biondisanti,11,Italy,producer,
pro02284,producer,비유 샤토 세르탕,비유 샤토 세르탕,0,Vieux Chateau Certan,Vieux Chateau Certan,,비ᅮ사도세르당,vieux chateau certan,14,Bordeaux,producer,
pro02311,producer,비트만,비트만,0,Wittmann,Wittmann,,비드마ᄂ,wittmann,7,Germany/Austria,producer,
pro02286,producer,빅,빅,0,Vik,Vik,,비ᄀ,vik,3,South America,producer,
pro01351,producer,빈 28,빈 28,0,Bin 28,Bin 28,,비ᄂ28,bin 28,5,,producer,
pro01352,producer,빈 389,빈 389,0,Bin 389,Bin 389,,비ᄂ389,bin 389,6,,producer,
pro01353,producer,빈 407,빈 407,0,Bin 407,Bin 407,,비ᄂ407,bin 407,6,,producer,
pro02288,producer,빌라 도노라티코,빌라 도노라티코,0,Villa Donoratico,Villa Donoratico,,비ᄅ라도노라디고,villa donoratico,15,Italy,producer,
pro02289,producer,빌라 마리아,빌라 마리아,0,Villa Maria,Villa Maria,,비ᄅ라마리ᅡ,villa maria,10,Oceania/SA,producer,
pro02291,producer,빌라 볼프,빌라 볼프,0,Villa Wolf,Villa Wolf,,비ᄅ라보ᄅ브,villa wolf,10,Germany/Austria,producer,
pro02290,producer,빌라 산디,빌라 산디,0,Villa Sandi,Villa Sandi,,비ᄅ라사ᄂ디,villa sandi,10,Italy,producer,
pro02287,producer,빌라 안티노리,빌라 안티노리,0,Villa Antinori,Villa Antinori,,비ᄅ라ᅡᄂ디노리,villa antinori,13,Italy,producer,
pro02308,producer,빌리 셰퍼,빌리 셰퍼,0,Willi Schaefer,Willi Schaefer,,비ᄅ리세버,willi schaefer,9,Germany/Austria,producer,
pro02292,producer,빌마르,빌마르,0,Vilmart,Vilmart,,비ᄅ마르,vilmart,7,Champagne,producer,
pro01350,producer,빌카르 살몽,빌카르 살몽,0,Billecart-Salmon,Billecart-Salmon,,비ᄅ가르사ᄅ몽,billecartsalmon,13,Champagne,producer,
pro02168,producer,사디 패밀리,사디 패밀리,0,Sadie Family,Sadie Family,,사디베미ᄅ리,sadie family,11,Oceania/SA,producer,
pro02182,producer,사시카이아,사시카이아,0,Sassicaia,Sassicaia,,사시가ᅵᅡ,sassicaia,8,Italy,producer,
pro02182,producer,사시까이아,사시카이아,1,Sassicaia,Sassicaia,,사시가ᅵᅡ,sassicaia,8,,alias,
pro02175,producer,산 마르차노,산 마르차노,0,San Marzano,San Marzano,,사ᄂ마르자노,san marzano,11,Italy,producer,
pro02174,producer,산 주스토 아 렌텐나노,산 주스토 아 렌텐나노,0,San Giusto a Rentennano,San Giusto a Rentennano,,사ᄂ주스도ᅡ레ᄂ데ᄂ나노,san giusto a rentennano,20,,producer,
pro02174,producer,산 쥬스토 아 렌텐나노,산 주스토 아 렌텐나노,1,San Giusto a Rentennano,San Giusto a Rentennano,,사ᄂ주스도ᅡ레ᄂ데ᄂ나노,san giusto a rentennano,20,,alias,
pro02176,producer,산 페드로,산 페드로,0,San Pedro,San Pedro,,사ᄂ베드로,san pedro,9,South America,producer,
pro02173,producer,산 펠리체,산 펠리체,0,San Felice,San Felice,,사ᄂ베ᄅ리제,san felice,10,Italy,producer,
pro02181,producer,산타 리타,산타 리타,0,Santa Rita,Santa Rita,,사ᄂ다리다,santa rita,9,South America,producer,
pro02180,producer,산타 마르게리타,산타 마르게리타,0,Santa Margherita,Santa Margherita,,사ᄂ다마르게리다,santa margherita,15,Italy,producer,
pro02180,producer,산타 마르게리따,산타 마르게리타,1,Santa Margherita,Santa Margherita,,사ᄂ다마르게리다,santa margherita,15,,alias,
pro02178,producer,산타 카롤리나,산타 카롤리나,0,Santa Carolina,Santa Carolina,,사ᄂ다가로ᄅ리나,santa carolina,14,South America,producer,
pro02179,producer,산타 크리스티나,산타 크리스티나,0,Santa Cristina,Santa Cristina,,사ᄂ다그리스디나,santa cristina,15,Italy,producer,
pro02171,producer,살렌테인,살렌테인,0,Salentein,Salentein,,사ᄅ레ᄂ데ᅵᄂ,salentein,10,South America,producer,
pro02172,producer,살롱,살롱,0,Salon,Salon,,사ᄅ롱,salon,6,Champagne,producer,
pro02169,producer,새링,새링,0,Saering,Saering,,세링,saering,5,,producer,
pro02177,producer,샌드맨,샌드맨,0,Sandeman,Sandeman,,세ᄂ드메ᄂ,sandeman,8,Iberia,producer,
pro02170,producer,생 클레어,생 클레어,0,Saint Clair,Saint Clair,,셍그ᄅ레ᅥ,saint clair,9,New World,producer,
pro02185,producer,샤르츠호프베르거,샤르츠호프베르거,0,Scharzhofberger,Scharzhofberger,,사르즈호브베르거,scharzhofberger,16,,producer,
pro01429,producer,샤를 하이직,샤를 하이직,0,Charles Heidsieck,Charles Heidsieck,,사르ᄅ하ᅵ지ᄀ,charles heidsieck,11,Champagne,producer,
pro01484,producer,샤토 가생,샤토 가생,0,Chateau Gassin,Chateau Gassin,,사도가셍,gassin,9,,producer,
pro01484,producer,가생,샤토 가생,1,Chateau Gassin,Chateau Gassin,,가셍,gassin,5,,stripped,
pro01485,producer,샤토 가쟁,샤토 가쟁,0,Chateau Gazin,Chateau Gazin,,사도가젱,gazin,9,Bordeaux,producer,
pro01485,producer,가쟁,샤토 가쟁,1,Chateau Gazin,Chateau Gazin,,가젱,gazin,5,,alias,
pro01488,producer,샤토 곰보드 기요,샤토 곰보드 기요,0,Chateau Gombaude-Guillot,Chateau Gombaude-Guillot,,사도고ᄆ보드기ᅩ,gombaudeguillot,14,Bordeaux,producer,
pro01488,producer,곰보드 기요,샤토 곰보드 기요,1,Chateau Gombaude-Guillot,Chateau Gombaude-Guillot,,고ᄆ보드기ᅩ,gombaudeguillot,10,Bordeaux,stripped,
pro01490,producer,샤토 그랑 멘,샤토 그랑 멘,0,Chateau Grand-Mayne,Chateau Grand-Mayne,,사도그랑메ᄂ,grandmayne,12,Bordeaux,producer,
pro01490,producer,그랑 멘,샤토 그랑 멘,1,Chateau Grand-Mayne,Chateau Grand-Mayne,,그랑메ᄂ,grandmayne,8,Bordeaux,stripped,
pro01489,producer,샤토 그랑 빌라주,샤토 그랑 빌라주,0,Chateau Grand Village,Chateau Grand Village,,사도그랑비ᄅ라주,grand village,16,France,producer,
pro01489,producer,그랑 빌라주,샤토 그랑 빌라주,1,Chateau Grand Village,Chateau Grand Village,,그랑비ᄅ라주,grand village,12,France,stripped,
pro01491,producer,샤토 그랑 퐁테,샤토 그랑 퐁테,0,Chateau Grand-Pontet,Chateau Grand-Pontet,,사도그랑봉데,grandpontet,14,Bordeaux,producer,
pro01491,producer,그랑 퐁테,샤토 그랑 퐁테,1,Chateau Grand-Pontet,Chateau Grand-Pontet,,그랑봉데,grandpontet,10,Bordeaux,stripped,
pro01492,producer,샤토 그랑 퓌 뒤카스,샤토 그랑 퓌 뒤카스,0,Chateau Grand-Puy-Ducasse,Chateau Grand-Puy-Ducasse,,사도그랑뷔뒤가스,grandpuyducasse,17,Bordeaux,producer,
pro01492,producer,그랑 퓌 뒤카스,샤토 그랑 퓌 뒤카스,1,Chateau Grand-Puy-Ducasse,Chateau Grand-Puy-Ducasse,,그랑뷔뒤가스,grandpuyducasse,13,Bordeaux,stripped,
pro01493,producer,샤토 그랑 퓌 라코스트,샤토 그랑 퓌 라코스트,0,Chateau Grand-Puy-Lacoste,Chateau Grand-Puy-Lacoste,,사도그랑뷔라고스드,grandpuylacoste,19,Bordeaux,producer,
pro01493,producer,그랑 퓌 라코스트,샤토 그랑 퓌 라코스트,1,Chateau Grand-Puy-Lacoste,Chateau Grand-Puy-Lacoste,,그랑뷔라고스드,grandpuylacoste,15,Bordeaux,stripped,
pro01494,producer,샤토 그뤼오 라로즈,샤토 그뤼오 라로즈,0,Chateau Gruaud-Larose,Chateau Gruaud-Larose,,사도그뤼ᅩ라로즈,gruaudlarose,15,Bordeaux,producer,
pro01494,producer,그뤼오 라로즈,샤토 그뤼오 라로즈,1,Chateau Gruaud-Larose,Chateau Gruaud-Larose,,그뤼ᅩ라로즈,gruaudlarose,11,Bordeaux,stripped,
pro01487,producer,샤토 글로리아,샤토 글로리아,0,Chateau Gloria,Chateau Gloria,,사도그ᄅ로리ᅡ,gloria,12,Bordeaux,producer,
pro01487,producer,글로리아,샤토 글로리아,1,Chateau Gloria,Chateau Gloria,,그ᄅ로리ᅡ,gloria,8,Bordeaux,stripped,
pro01495,producer,샤토 기로,샤토 기로,0,Chateau Guiraud,Chateau Guiraud,,사도기로,guiraud,8,Bordeaux,producer,
pro01495,producer,기로,샤토 기로,1,Chateau Guiraud,Chateau Guiraud,,기로,guiraud,4,Bordeaux,stripped,
pro01571,producer,샤토 네냉,샤토 네냉,0,Chateau Nenin,Chateau Nenin,,사도네넹,nenin,9,Bordeaux,producer,
pro01571,producer,네냉,샤토 네냉,1,Chateau Nenin,Chateau Nenin,,네넹,nenin,5,,alias,
pro01615,producer,샤토 다르마이악,샤토 다르마이악,0,Chateau d'Armailhac,Chateau d'Armailhac,,사도다르마ᅵᅡᄀ,darmailhac,13,Bordeaux,producer,
pro01615,producer,다르마이악,샤토 다르마이악,1,Chateau d'Armailhac,Chateau d'Armailhac,,다르마ᅵᅡᄀ,darmailhac,9,,alias,
pro01616,producer,샤토 다르삭,샤토 다르삭,0,Chateau d'Arsac,Chateau d'Arsac,,사도다르사ᄀ,darsac,11,,producer,
pro01616,producer,샤토 다자크,샤토 다르삭,1,Chateau d'Arsac,Chateau d'Arsac,,사도다자그,darsac,10,,alias,
pro01616,producer,다르삭,샤토 다르삭,1,Chateau d'Arsac,Chateau d'Arsac,,다르사ᄀ,darsac,7,,stripped,
pro01616,producer,다자크,샤토 다르삭,1,Chateau d'Arsac,Chateau d'Arsac,,다자그,darsac,6,,stripped,
pro01472,producer,샤토 달렘,샤토 달렘,0,Chateau Dalem,Chateau Dalem,,사도다ᄅ레ᄆ,dalem,10,Bordeaux,producer,
pro01472,producer,달렘,샤토 달렘,1,Chateau Dalem,Chateau Dalem,,다ᄅ레ᄆ,dalem,6,Bordeaux,stripped,
pro01614,producer,샤토 당글뤼데,샤토 당글뤼데,0,Chateau d'Angludet,Chateau d'Angludet,,사도당그ᄅ뤼데,dangludet,14,Bordeaux,producer,
pro01614,producer,당글뤼데,샤토 당글뤼데,1,Chateau d'Angludet,Chateau d'Angludet,,당그ᄅ뤼데,dangludet,10,Bordeaux,stripped,
pro01474,producer,샤토 데스미라이,샤토 데스미라이,0,Chateau Desmirail,Chateau Desmirail,,사도데스미라ᅵ,desmirail,13,,producer,
pro01474,producer,데스미라이,샤토 데스미라이,1,Chateau Desmirail,Chateau Desmirail,,데스미라ᅵ,desmirail,9,,stripped,
pro01617,producer,샤토 데스클랑,샤토 데스클랑,0,Chateau d'Esclans,Chateau d'Esclans,,사도데스그ᄅ랑,desclans,14,France,producer,
pro01617,producer,데스클랑,샤토 데스클랑,1,Chateau d'Esclans,Chateau d'Esclans,,데스그ᄅ랑,desclans,10,France,stripped,
pro01473,producer,샤토 도자크,샤토 도자크,0,Chateau Dauzac,Chateau Dauzac,,사도도자그,dauzac,10,Bordeaux,producer,
pro01473,producer,도자크,샤토 도자크,1,Chateau Dauzac,Chateau Dauzac,,도자그,dauzac,6,Bordeaux,stripped,
pro01625,producer,샤토 뒤 테르트르,샤토 뒤 테르트르,0,Chateau du Tertre,Chateau du Tertre,,사도뒤데르드르,du tertre,14,Bordeaux,producer,
pro01625,producer,뒤 테르트르,샤토 뒤 테르트르,1,Chateau du Tertre,Chateau du Tertre,,뒤데르드르,du tertre,10,Bordeaux,stripped,
pro01477,producer,샤토 뒤르포르 비방,샤토 뒤르포르 비방,0,Chateau Durfort-Vivens,Chateau Durfort-Vivens,,사도뒤르보르비방,durfortvivens,17,Bordeaux,producer,
pro01477,producer,뒤포르비벙,샤토 뒤르포르 비방,1,Chateau Durfort-Vivens,Chateau Durfort-Vivens,,뒤보르비벙,durfortvivens,11,,alias,
pro01477,producer,샤토 두르포르 비방,샤토 뒤르포르 비방,1,Chateau Durfort-Vivens,Chateau Durfort-Vivens,,사도두르보르비방,durfortvivens,17,,alias,
pro01477,producer,뒤르포르 비방,샤토 뒤르포르 비방,1,Chateau Durfort-Vivens,Chateau Durfort-Vivens,,뒤르보르비방,durfortvivens,13,Bordeaux,stripped,
pro01477,producer,두르포르 비방,샤토 뒤르포르 비방,1,Chateau Durfort-Vivens,Chateau Durfort-Vivens,,두르보르비방,durfortvivens,13,,stripped,
pro01476,producer,샤토 뒤아르 밀롱,샤토 뒤아르 밀롱,0,Chateau Duhart-Milon,Chateau Duhart-Milon,,사도뒤ᅡ르미ᄅ롱,duhartmilon,15,Bordeaux,producer,
pro01476,producer,뒤아르 밀롱,샤토 뒤아르 밀롱,1,Chateau Duhart-Milon,Chateau Duhart-Milon,,뒤ᅡ르미ᄅ롱,duhartmilon,11,Bordeaux,stripped,
pro01475,producer,샤토 뒤크뤼 보카이유,샤토 뒤크뤼 보카이유,0,Chateau Ducru-Beaucaillou,Chateau Ducru-Beaucaillou,,사도뒤그뤼보가ᅵᅮ,ducrubeaucaillou,16,Bordeaux,producer,
pro01475,producer,샤토 듀크뤼 보카유,샤토 뒤크뤼 보카이유,1,Chateau Ducru-Beaucaillou,Chateau Ducru-Beaucaillou,,사도두그뤼보가ᅮ,ducrubeaucaillou,15,,alias,
pro01475,producer,듀크뤼 보카유,샤토 뒤크뤼 보카이유,1,Chateau Ducru-Beaucaillou,Chateau Ducru-Beaucaillou,,두그뤼보가ᅮ,ducrubeaucaillou,11,,stripped,
pro01475,producer,뒤크뤼 보카이유,샤토 뒤크뤼 보카이유,1,Chateau Ducru-Beaucaillou,Chateau Ducru-Beaucaillou,,뒤그뤼보가ᅵᅮ,ducrubeaucaillou,12,Bordeaux,stripped,
pro01624,producer,샤토 드 날리스,샤토 드 날리스,0,Chateau de Nalys,Chateau de Nalys,,사도드나ᄅ리스,de nalys,13,,producer,
pro01624,producer,드 날리스,샤토 드 날리스,1,Chateau de Nalys,Chateau de Nalys,,드나ᄅ리스,de nalys,9,,stripped,
pro01623,producer,샤토 드 몽미라이,샤토 드 몽미라이,0,Chateau de Montmirail,Chateau de Montmirail,,사도드몽미라ᅵ,de montmirail,14,,producer,
pro01623,producer,드 몽미라이,샤토 드 몽미라이,1,Chateau de Montmirail,Chateau de Montmirail,,드몽미라ᅵ,de montmirail,10,,stripped,
pro01620,producer,샤토 드 보카스텔,샤토 드 보카스텔,0,Chateau de Beaucastel,Chateau de Beaucastel,,사도드보가스데ᄅ,de beaucastel,15,France,producer,
pro01620,producer,보카스텔,샤토 드 보카스텔,1,Chateau de Beaucastel,Chateau de Beaucastel,,보가스데ᄅ,de beaucastel,9,,alias,
pro01620,producer,드 보카스텔,샤토 드 보카스텔,1,Chateau de Beaucastel,Chateau de Beaucastel,,드보가스데ᄅ,de beaucastel,11,France,stripped,
pro01621,producer,샤토 드 카망삭,샤토 드 카망삭,0,Chateau de Camensac,Chateau de Camensac,,사도드가망사ᄀ,de camensac,14,,producer,
pro01621,producer,드 카망삭,샤토 드 카망삭,1,Chateau de Camensac,Chateau de Camensac,,드가망사ᄀ,de camensac,10,,stripped,
pro01622,producer,샤토 드 피외잘,샤토 드 피외잘,0,Chateau de Fieuzal,Chateau de Fieuzal,,사도드비ᅰ자ᄅ,de fieuzal,12,Bordeaux,producer,
pro01622,producer,드 피외잘,샤토 드 피외잘,1,Chateau de Fieuzal,Chateau de Fieuzal,,드비ᅰ자ᄅ,de fieuzal,8,Bordeaux,stripped,
pro01618,producer,샤토 디상,샤토 디상,0,Chateau d'Issan,Chateau d'Issan,,사도디상,dissan,9,Bordeaux,producer,
pro01618,producer,디샹,샤토 디상,1,Chateau d'Issan,Chateau d'Issan,,디상,dissan,5,,alias,
pro01618,producer,샤또 뒤썅,샤토 디상,1,Chateau d'Issan,Chateau d'Issan,,사도뒤상,dissan,9,,alias,
pro01618,producer,샤토 디샹,샤토 디상,1,Chateau d'Issan,Chateau d'Issan,,사도디상,dissan,9,,alias,
pro01618,producer,샤토 디스상,샤토 디상,1,Chateau d'Issan,Chateau d'Issan,,사도디스상,dissan,11,,alias,
pro01618,producer,디상,샤토 디상,1,Chateau d'Issan,Chateau d'Issan,,디상,dissan,5,Bordeaux,stripped,
pro01618,producer,뒤썅,샤토 디상,1,Chateau d'Issan,Chateau d'Issan,,뒤상,dissan,5,,stripped,
pro01618,producer,디스상,샤토 디상,1,Chateau d'Issan,Chateau d'Issan,,디스상,dissan,7,,stripped,
pro01619,producer,샤토 디켐,샤토 디켐,0,Chateau d'Yquem,Chateau d'Yquem,,사도디게ᄆ,dyquem,9,Bordeaux,producer,
pro01619,producer,샤또 디껨,샤토 디켐,1,Chateau d'Yquem,Chateau d'Yquem,,사도디게ᄆ,dyquem,9,,alias,
pro01619,producer,샤또 디켐,샤토 디켐,1,Chateau d'Yquem,Chateau d'Yquem,,사도디게ᄆ,dyquem,9,,alias,
pro01619,producer,디켐,샤토 디켐,1,Chateau d'Yquem,Chateau d'Yquem,,디게ᄆ,dyquem,5,Bordeaux,stripped,
pro01619,producer,디껨,샤토 디켐,1,Chateau d'Yquem,Chateau d'Yquem,,디게ᄆ,dyquem,5,,stripped,
pro01518,producer,샤토 라 가플리에르,샤토 라 가플리에르,0,Chateau La Gaffeliere,Chateau La Gaffeliere,,사도라가브ᄅ리ᅦ르,la gaffeliere,16,Bordeaux,producer,
pro01518,producer,샤토 라 가포리에르,샤토 라 가플리에르,1,Chateau La Gaffeliere,Chateau La Gaffeliere,,사도라가보리ᅦ르,la gaffeliere,15,,alias,
pro01518,producer,라 가플리에르,샤토 라 가플리에르,1,Chateau La Gaffeliere,Chateau La Gaffeliere,,라가브ᄅ리ᅦ르,la gaffeliere,12,Bordeaux,stripped,
pro01518,producer,라 가포리에르,샤토 라 가플리에르,1,Chateau La Gaffeliere,Chateau La Gaffeliere,,라가보리ᅦ르,la gaffeliere,11,,stripped,
pro01519,producer,샤토 라 고므리,샤토 라 고므리,0,Chateau La Gomerie,Chateau La Gomerie,,사도라고므리,la gomerie,12,Bordeaux,producer,
pro01519,producer,라 고므리,샤토 라 고므리,1,Chateau La Gomerie,Chateau La Gomerie,,라고므리,la gomerie,8,Bordeaux,stripped,
pro01520,producer,샤토 라 그라브 아 포므롤,샤토 라 그라브 아 포므롤,0,Chateau La Grave a Pomerol,Chateau La Grave a Pomerol,,사도라그라브ᅡ보므로ᄅ,la grave a pomerol,20,Bordeaux,producer,
pro01520,producer,라 그라브 아 포므롤,샤토 라 그라브 아 포므롤,1,Chateau La Grave a Pomerol,Chateau La Grave a Pomerol,,라그라브ᅡ보므로ᄅ,la grave a pomerol,16,Bordeaux,stripped,
pro01514,producer,샤토 라 도미니크,샤토 라 도미니크,0,Chateau La Dominique,Chateau La Dominique,,사도라도미니그,la dominique,14,Bordeaux,producer,
pro01514,producer,라 도미니크,샤토 라 도미니크,1,Chateau La Dominique,Chateau La Dominique,,라도미니그,la dominique,10,Bordeaux,stripped,
pro01513,producer,샤토 라 도핀,샤토 라 도핀,0,Chateau La Dauphine,Chateau La Dauphine,,사도라도비ᄂ,la dauphine,11,Bordeaux,producer,
pro01513,producer,라 도핀,샤토 라 도핀,1,Chateau La Dauphine,Chateau La Dauphine,,라도비ᄂ,la dauphine,7,Bordeaux,stripped,
pro01521,producer,샤토 라 라귄,샤토 라 라귄,0,Chateau La Lagune,Chateau La Lagune,,사도라라귀ᄂ,la lagune,11,Bordeaux,producer,
pro01521,producer,라 라귄,샤토 라 라귄,1,Chateau La Lagune,Chateau La Lagune,,라라귀ᄂ,la lagune,7,Bordeaux,stripped,
pro01522,producer,샤토 라 루비에르,샤토 라 루비에르,0,Chateau La Louviere,Chateau La Louviere,,사도라루비ᅦ르,la louviere,13,Bordeaux,producer,
pro01522,producer,라 루비에르,샤토 라 루비에르,1,Chateau La Louviere,Chateau La Louviere,,라루비ᅦ르,la louviere,9,Bordeaux,stripped,
pro01525,producer,샤토 라 몽도트,샤토 라 몽도트,0,Chateau La Mondotte,Chateau La Mondotte,,사도라몽도드,la mondotte,13,Bordeaux,producer,
pro01525,producer,몽도뜨,샤토 라 몽도트,1,Chateau La Mondotte,Chateau La Mondotte,,몽도드,la mondotte,7,,alias,
pro01525,producer,라 몽도트,샤토 라 몽도트,1,Chateau La Mondotte,Chateau La Mondotte,,라몽도드,la mondotte,9,Bordeaux,stripped,
pro01523,producer,샤토 라 미시옹 오브리옹,샤토 라 미시옹 오브리옹,0,Chateau La Mission Haut-Brion,Chateau La Mission Haut-Brion,,사도라미시ᅩᆼᅩ브리ᅩᆼ,la mission hautbrion,19,Bordeaux,producer,
pro01523,producer,라미시옹,샤토 라 미시옹 오브리옹,1,Chateau La Mission Haut-Brion,Chateau La Mission Haut-Brion,,라미시ᅩᆼ,la mission hautbrion,8,,alias,
pro01523,producer,라 미숑 오브리옹,샤토 라 미시옹 오브리옹,1,Chateau La Mission Haut-Brion,Chateau La Mission Haut-Brion,,라미송ᅩ브리ᅩᆼ,la mission hautbrion,14,,alias,
pro01523,producer,샤토 라 미숑 오브리옹,샤토 라 미시옹 오브리옹,1,Chateau La Mission Haut-Brion,Chateau La Mission Haut-Brion,,사도라미송ᅩ브리ᅩᆼ,la mission hautbrion,18,,alias,
pro01523,producer,라 미시옹 오브리옹,샤토 라 미시옹 오브리옹,1,Chateau La Mission Haut-Brion,Chateau La Mission Haut-Brion,,라미시ᅩᆼᅩ브리ᅩᆼ,la mission hautbrion,15,Bordeaux,stripped,
pro01524,producer,샤토 라 미시옹 오브리옹 블랑,샤토 라 미시옹 오브리옹 블랑,0,Chateau La Mission Haut-Brion Blanc,Chateau La Mission Haut-Brion Blanc,,사도라미시ᅩᆼᅩ브리ᅩᆼ브ᄅ랑,la mission hautbrion blanc,25,,producer,
pro01524,producer,라 미시옹 오브리옹 블랑,샤토 라 미시옹 오브리옹 블랑,1,Chateau La Mission Haut-Brion Blanc,Chateau La Mission Haut-Brion Blanc,,라미시ᅩᆼᅩ브리ᅩᆼ브ᄅ랑,la mission hautbrion blanc,21,,stripped,
pro01530,producer,샤토 라 비에유 퀴르,샤토 라 비에유 퀴르,0,Chateau La Vieille-Cure,Chateau La Vieille-Cure,,사도라비ᅦᅮ귀르,la vieillecure,14,Bordeaux,producer,
pro01530,producer,라 비에유 퀴르,샤토 라 비에유 퀴르,1,Chateau La Vieille-Cure,Chateau La Vieille-Cure,,라비ᅦᅮ귀르,la vieillecure,10,Bordeaux,stripped,
pro01509,producer,샤토 라 콩세양트,샤토 라 콩세양트,0,Chateau La Conseillante,Chateau La Conseillante,,사도라공세ᅡᆼ드,la conseillante,15,Bordeaux,producer,
pro01509,producer,라 콩세양트,샤토 라 콩세양트,1,Chateau La Conseillante,Chateau La Conseillante,,라공세ᅡᆼ드,la conseillante,11,Bordeaux,stripped,
pro01510,producer,샤토 라 쿠스포드,샤토 라 쿠스포드,0,Chateau La Couspaude,Chateau La Couspaude,,사도라구스보드,la couspaude,14,Bordeaux,producer,
pro01510,producer,라 쿠스포드,샤토 라 쿠스포드,1,Chateau La Couspaude,Chateau La Couspaude,,라구스보드,la couspaude,10,Bordeaux,stripped,
pro01512,producer,샤토 라 크루아 뒤 카스,샤토 라 크루아 뒤 카스,0,Chateau La Croix du Casse,Chateau La Croix du Casse,,사도라그루ᅡ뒤가스,la croix du casse,17,Bordeaux,producer,
pro01512,producer,라 크루아 뒤 카스,샤토 라 크루아 뒤 카스,1,Chateau La Croix du Casse,Chateau La Croix du Casse,,라그루ᅡ뒤가스,la croix du casse,13,Bordeaux,stripped,
pro01511,producer,샤토 라 크루아 드 게,샤토 라 크루아 드 게,0,Chateau La Croix de Gay,Chateau La Croix de Gay,,사도라그루ᅡ드게,la croix de gay,15,Bordeaux,producer,
pro01511,producer,라 크루아 드 게,샤토 라 크루아 드 게,1,Chateau La Croix de Gay,Chateau La Croix de Gay,,라그루ᅡ드게,la croix de gay,11,Bordeaux,stripped,
pro01529,producer,샤토 라 투르 뒤 팽 피작,샤토 라 투르 뒤 팽 피작,0,Chateau La Tour-du-Pin-Figeac,Chateau La Tour-du-Pin-Figeac,,사도라두르뒤벵비자ᄀ,la tourdupinfigeac,20,Bordeaux,producer,
pro01529,producer,라 투르 뒤 팽 피작,샤토 라 투르 뒤 팽 피작,1,Chateau La Tour-du-Pin-Figeac,Chateau La Tour-du-Pin-Figeac,,라두르뒤벵비자ᄀ,la tourdupinfigeac,16,Bordeaux,stripped,
pro01528,producer,샤토 라 투르 드 몽,샤토 라 투르 드 몽,0,Chateau La Tour de Mons,Chateau La Tour de Mons,,사도라두르드몽,la tour de mons,15,,producer,
pro01528,producer,라 투르 드 몽,샤토 라 투르 드 몽,1,Chateau La Tour de Mons,Chateau La Tour de Mons,,라두르드몽,la tour de mons,11,,stripped,
pro01527,producer,샤토 라 투르 오브리옹,샤토 라 투르 오브리옹,0,Chateau La Tour Haut-Brion,Chateau La Tour Haut-Brion,,사도라두르ᅩ브리ᅩᆼ,la tour hautbrion,17,Bordeaux,producer,
pro01527,producer,라 투르 오브리옹,샤토 라 투르 오브리옹,1,Chateau La Tour Haut-Brion,Chateau La Tour Haut-Brion,,라두르ᅩ브리ᅩᆼ,la tour hautbrion,13,Bordeaux,stripped,
pro01526,producer,샤토 라 투르 카르네,샤토 라 투르 카르네,0,Chateau La Tour Carnet,Chateau La Tour Carnet,,사도라두르가르네,la tour carnet,16,,producer,
pro01526,producer,라 투르 카르네,샤토 라 투르 카르네,1,Chateau La Tour Carnet,Chateau La Tour Carnet,,라두르가르네,la tour carnet,12,,stripped,
pro01515,producer,샤토 라 플뢰르 드 게,샤토 라 플뢰르 드 게,0,Chateau La Fleur de Gay,Chateau La Fleur de Gay,,사도라브ᄅ뤠르드게,la fleur de gay,17,Bordeaux,producer,
pro01515,producer,라 플뢰르 드 게,샤토 라 플뢰르 드 게,1,Chateau La Fleur de Gay,Chateau La Fleur de Gay,,라브ᄅ뤠르드게,la fleur de gay,13,Bordeaux,stripped,
pro01517,producer,샤토 라 플뢰르 드 조그,샤토 라 플뢰르 드 조그,0,Chateau La Fleur-de-Jaugue,Chateau La Fleur-de-Jaugue,,사도라브ᄅ뤠르드조그,la fleurdejaugue,19,Bordeaux,producer,
pro01517,producer,라 플뢰르 드 조그,샤토 라 플뢰르 드 조그,1,Chateau La Fleur-de-Jaugue,Chateau La Fleur-de-Jaugue,,라브ᄅ뤠르드조그,la fleurdejaugue,15,Bordeaux,stripped,
pro01516,producer,샤토 라 플뢰르 페트뤼스,샤토 라 플뢰르 페트뤼스,0,Chateau La Fleur-Petrus,Chateau La Fleur-Petrus,,사도라브ᄅ뤠르베드뤼스,la fleurpetrus,21,Bordeaux,producer,
pro01516,producer,라플뢰르 뻬트뤼스,샤토 라 플뢰르 페트뤼스,1,Chateau La Fleur-Petrus,Chateau La Fleur-Petrus,,라브ᄅ뤠르베드뤼스,la fleurpetrus,17,,alias,
pro01516,producer,라 플뢰르 페트뤼스,샤토 라 플뢰르 페트뤼스,1,Chateau La Fleur-Petrus,Chateau La Fleur-Petrus,,라브ᄅ뤠르베드뤼스,la fleurpetrus,17,Bordeaux,stripped,
pro01536,producer,샤토 라그랑주,샤토 라그랑주,0,Chateau Lagrange,Chateau Lagrange,,사도라그랑주,lagrange,13,Bordeaux,producer,
pro01536,producer,라그랑쥬,샤토 라그랑주,1,Chateau Lagrange,Chateau Lagrange,,라그랑주,lagrange,9,,alias,
pro01536,producer,샤토 라굴라,샤토 라그랑주,1,Chateau Lagrange,Chateau Lagrange,,사도라구ᄅ라,lagrange,11,,alias,
pro01536,producer,라굴라,샤토 라그랑주,1,Chateau Lagrange,Chateau Lagrange,,라구ᄅ라,lagrange,7,,stripped,
pro01536,producer,라그랑주,샤토 라그랑주,1,Chateau Lagrange,Chateau Lagrange,,라그랑주,lagrange,9,Bordeaux,stripped,
pro01537,producer,샤토 라네상,샤토 라네상,0,Chateau Lanessan,Chateau Lanessan,,사도라네상,lanessan,11,Bordeaux,producer,
pro01537,producer,라네상,샤토 라네상,1,Chateau Lanessan,Chateau Lanessan,,라네상,lanessan,7,Bordeaux,stripped,
pro01504,producer,샤토 라로제,샤토 라로제,0,Chateau L'Arrosee,Chateau L'Arrosee,,사도라로제,larrosee,10,Bordeaux,producer,
pro01504,producer,라로제,샤토 라로제,1,Chateau L'Arrosee,Chateau L'Arrosee,,라로제,larrosee,6,Bordeaux,stripped,
pro01540,producer,샤토 라르망드,샤토 라르망드,0,Chateau Larmande,Chateau Larmande,,사도라르망드,larmande,13,Bordeaux,producer,
pro01540,producer,라르망드,샤토 라르망드,1,Chateau Larmande,Chateau Larmande,,라르망드,larmande,9,Bordeaux,stripped,
pro01539,producer,샤토 라르시 뒤카스,샤토 라르시 뒤카스,0,Chateau Larcis-Ducasse,Chateau Larcis-Ducasse,,사도라르시뒤가스,larcisducasse,16,Bordeaux,producer,
pro01539,producer,라르시 뒤카스,샤토 라르시 뒤카스,1,Chateau Larcis-Ducasse,Chateau Larcis-Ducasse,,라르시뒤가스,larcisducasse,12,Bordeaux,stripped,
pro01541,producer,샤토 라리베 오브리옹,샤토 라리베 오브리옹,0,Chateau Larrivet Haut-Brion,Chateau Larrivet Haut-Brion,,사도라리베ᅩ브리ᅩᆼ,larrivet hautbrion,17,France,producer,
pro01541,producer,라리베 오브리옹,샤토 라리베 오브리옹,1,Chateau Larrivet Haut-Brion,Chateau Larrivet Haut-Brion,,라리베ᅩ브리ᅩᆼ,larrivet hautbrion,13,France,stripped,
pro01531,producer,샤토 라베고르스 제데,샤토 라베고르스 제데,0,Chateau Labegorce-Zede,Chateau Labegorce-Zede,,사도라베고르스제데,labegorcezede,18,Bordeaux,producer,
pro01531,producer,라베고르스 제데,샤토 라베고르스 제데,1,Chateau Labegorce-Zede,Chateau Labegorce-Zede,,라베고르스제데,labegorcezede,14,Bordeaux,stripped,
pro01542,producer,샤토 라스콩브,샤토 라스콩브,0,Chateau Lascombes,Chateau Lascombes,,사도라스공브,lascombes,13,Bordeaux,producer,
pro01542,producer,라스꽁브,샤토 라스콩브,1,Chateau Lascombes,Chateau Lascombes,,라스공브,lascombes,9,,alias,
pro01542,producer,라스콩브,샤토 라스콩브,1,Chateau Lascombes,Chateau Lascombes,,라스공브,lascombes,9,Bordeaux,stripped,
pro01590,producer,샤토 라야스,샤토 라야스,0,Chateau Rayas,Chateau Rayas,,사도라ᅡ스,rayas,9,France,producer,
pro01590,producer,셰르뱅 라야스,샤토 라야스,1,Chateau Rayas,Chateau Rayas,,세르벵라ᅡ스,rayas,12,,alias,
pro01590,producer,라야스,샤토 라야스,1,Chateau Rayas,Chateau Rayas,,라ᅡ스,rayas,5,France,stripped,
pro01543,producer,샤토 라투르,샤토 라투르,0,Chateau Latour,Chateau Latour,,사도라두르,latour,10,Bordeaux,producer,
pro01543,producer,샤또 라뚜르,샤토 라투르,1,Chateau Latour,Chateau Latour,,사도라두르,latour,10,,alias,
pro01543,producer,라투르,샤토 라투르,1,Chateau Latour,Chateau Latour,,라두르,latour,6,Bordeaux,stripped,
pro01543,producer,라뚜르,샤토 라투르,1,Chateau Latour,Chateau Latour,,라두르,latour,6,,stripped,
pro01544,producer,샤토 라투르 아 포므롤,샤토 라투르 아 포므롤,0,Chateau Latour a Pomerol,Chateau Latour a Pomerol,,사도라두르ᅡ보므로ᄅ,latour a pomerol,18,Bordeaux,producer,
pro01544,producer,라뚜르아뽀므롤,샤토 라투르 아 포므롤,1,Chateau Latour a Pomerol,Chateau Latour a Pomerol,,라두르ᅡ보므로ᄅ,latour a pomerol,14,,alias,
pro01544,producer,라투르 아 포므롤,샤토 라투르 아 포므롤,1,Chateau Latour a Pomerol,Chateau Latour a Pomerol,,라두르ᅡ보므로ᄅ,latour a pomerol,14,Bordeaux,stripped,
pro01532,producer,샤토 라파고트,샤토 라파고트,0,Chateau Lafagotte,Chateau Lafagotte,,사도라바고드,lafagotte,12,,producer,
pro01532,producer,샤토 라파구스,샤토 라파고트,1,Chateau Lafagotte,Chateau Lafagotte,,사도라바구스,lafagotte,12,,alias,
pro01532,producer,라파고트,샤토 라파고트,1,Chateau Lafagotte,Chateau Lafagotte,,라바고드,lafagotte,8,,stripped,
pro01532,producer,라파구스,샤토 라파고트,1,Chateau Lafagotte,Chateau Lafagotte,,라바구스,lafagotte,8,,stripped,
pro01535,producer,샤토 라퐁 로셰,샤토 라퐁 로셰,0,Chateau Lafon-Rochet,Chateau Lafon-Rochet,,사도라봉로세,lafonrochet,13,Bordeaux,producer,
pro01535,producer,샤토 라퐁 로쉐,샤토 라퐁 로셰,1,Chateau Lafon-Rochet,Chateau Lafon-Rochet,,사도라봉로쉐,lafonrochet,13,,alias,
pro01535,producer,라퐁 로셰,샤토 라퐁 로셰,1,Chateau Lafon-Rochet,Chateau Lafon-Rochet,,라봉로세,lafonrochet,9,Bordeaux,stripped,
pro01535,producer,라퐁 로쉐,샤토 라퐁 로셰,1,Chateau Lafon-Rochet,Chateau Lafon-Rochet,,라봉로쉐,lafonrochet,9,,stripped,
pro01534,producer,샤토 라플뢰르,샤토 라플뢰르,0,Chateau Lafleur,Chateau Lafleur,,사도라브ᄅ뤠르,lafleur,13,Bordeaux,producer,
pro01534,producer,라플뢰르,샤토 라플뢰르,1,Chateau Lafleur,Chateau Lafleur,,라브ᄅ뤠르,lafleur,9,Bordeaux,stripped,
pro01533,producer,샤토 라피트 로칠드,샤토 라피트 로칠드,0,Chateau Lafite Rothschild,Chateau Lafite Rothschild,,사도라비드로지ᄅ드,lafite rothschild,17,Bordeaux,producer,
pro01533,producer,샤또 라피트,샤토 라피트 로칠드,1,Chateau Lafite Rothschild,Chateau Lafite Rothschild,,사도라비드,lafite rothschild,10,,alias,
pro01533,producer,라피트,샤토 라피트 로칠드,1,Chateau Lafite Rothschild,Chateau Lafite Rothschild,,라비드,lafite rothschild,6,,stripped,
pro01533,producer,라피트 로칠드,샤토 라피트 로칠드,1,Chateau Lafite Rothschild,Chateau Lafite Rothschild,,라비드로지ᄅ드,lafite rothschild,13,Bordeaux,stripped,
pro01538,producer,샤토 랑고아 바르통,샤토 랑고아 바르통,0,Chateau Langoa-Barton,Chateau Langoa-Barton,,사도랑고ᅡ바르동,langoabarton,17,Bordeaux,producer,
pro01538,producer,샤토 라구에,샤토 랑고아 바르통,1,Chateau Langoa-Barton,Chateau Langoa-Barton,,사도라구ᅦ,langoabarton,9,,alias,
pro01538,producer,랑고아 바르똥,샤토 랑고아 바르통,1,Chateau Langoa-Barton,Chateau Langoa-Barton,,랑고ᅡ바르동,langoabarton,13,,alias,
pro01538,producer,라구에,샤토 랑고아 바르통,1,Chateau Langoa-Barton,Chateau Langoa-Barton,,라구ᅦ,langoabarton,5,,stripped,
pro01538,producer,랑고아 바르통,샤토 랑고아 바르통,1,Chateau Langoa-Barton,Chateau Langoa-Barton,,랑고ᅡ바르동,langoabarton,13,Bordeaux,stripped,
pro01506,producer,샤토 랑클로,샤토 랑클로,0,Chateau L'Enclos,Chateau L'Enclos,,사도랑그ᄅ로,lenclos,12,Bordeaux,producer,
pro01506,producer,랭끌로,샤토 랑클로,1,Chateau L'Enclos,Chateau L'Enclos,,렝그ᄅ로,lenclos,8,,alias,
pro01506,producer,랑클로,샤토 랑클로,1,Chateau L'Enclos,Chateau L'Enclos,,랑그ᄅ로,lenclos,8,Bordeaux,stripped,
pro01555,producer,샤토 랭슈 바주,샤토 랭슈 바주,0,Chateau Lynch-Bages,Chateau Lynch-Bages,,사도렝수바주,lynchbages,13,Bordeaux,producer,
pro01555,producer,린취바쥐,샤토 랭슈 바주,1,Chateau Lynch-Bages,Chateau Lynch-Bages,,리ᄂ쥐바쥐,lynchbages,9,,alias,
pro01555,producer,린치바쥐,샤토 랭슈 바주,1,Chateau Lynch-Bages,Chateau Lynch-Bages,,리ᄂ지바쥐,lynchbages,9,,alias,
pro01555,producer,샤또 린취바쥐,샤토 랭슈 바주,1,Chateau Lynch-Bages,Chateau Lynch-Bages,,사도리ᄂ쥐바쥐,lynchbages,13,,alias,
pro01555,producer,샤또 랭쉬 바쥬,샤토 랭슈 바주,1,Chateau Lynch-Bages,Chateau Lynch-Bages,,사도렝쉬바주,lynchbages,13,,alias,
pro01555,producer,샤토 린슈 바슈,샤토 랭슈 바주,1,Chateau Lynch-Bages,Chateau Lynch-Bages,,사도리ᄂ수바수,lynchbages,13,,alias,
pro01555,producer,랭슈 바주,샤토 랭슈 바주,1,Chateau Lynch-Bages,Chateau Lynch-Bages,,렝수바주,lynchbages,9,Bordeaux,stripped,
pro01555,producer,랭쉬 바쥬,샤토 랭슈 바주,1,Chateau Lynch-Bages,Chateau Lynch-Bages,,렝쉬바주,lynchbages,9,,stripped,
pro01555,producer,린슈 바슈,샤토 랭슈 바주,1,Chateau Lynch-Bages,Chateau Lynch-Bages,,리ᄂ수바수,lynchbages,9,,stripped,
pro01554,producer,샤토 레 조름 드 페즈,샤토 레 조름 드 페즈,0,Chateau Les Ormes de Pez,Chateau Les Ormes de Pez,,사도레조르ᄆ드베즈,les ormes de pez,17,Bordeaux,producer,
pro01554,producer,레 조름 드 페즈,샤토 레 조름 드 페즈,1,Chateau Les Ormes de Pez,Chateau Les Ormes de Pez,,레조르ᄆ드베즈,les ormes de pez,13,Bordeaux,stripped,
pro01553,producer,샤토 레 카름 오브리옹,샤토 레 카름 오브리옹,0,Chateau Les Carmes Haut-Brion,Chateau Les Carmes Haut-Brion,,사도레가르모브리ᅩᆼ,les carmes hautbrion,18,Bordeaux,producer,
pro01553,producer,레 카름 오브리옹,샤토 레 카름 오브리옹,1,Chateau Les Carmes Haut-Brion,Chateau Les Carmes Haut-Brion,,레가르모브리ᅩᆼ,les carmes hautbrion,14,Bordeaux,stripped,
pro01505,producer,샤토 레글리즈 클리네,샤토 레글리즈 클리네,0,Chateau L'Eglise-Clinet,Chateau L'Eglise-Clinet,,사도레그ᄅ리즈그ᄅ리네,legliseclinet,20,Bordeaux,producer,
pro01505,producer,에글리즈 클리네,샤토 레글리즈 클리네,1,Chateau L'Eglise-Clinet,Chateau L'Eglise-Clinet,,ᅦ그ᄅ리즈그ᄅ리네,legliseclinet,15,,alias,
pro01505,producer,레글리즈 클리네,샤토 레글리즈 클리네,1,Chateau L'Eglise-Clinet,Chateau L'Eglise-Clinet,,레그ᄅ리즈그ᄅ리네,legliseclinet,16,Bordeaux,stripped,
pro01508,producer,샤토 레르미타주,샤토 레르미타주,0,Chateau L'Hermitage,Chateau L'Hermitage,,사도레르미다주,lhermitage,14,Bordeaux,producer,
pro01508,producer,레르미타주,샤토 레르미타주,1,Chateau L'Hermitage,Chateau L'Hermitage,,레르미다주,lhermitage,10,Bordeaux,stripped,
pro01507,producer,샤토 레방질,샤토 레방질,0,Chateau L'Evangile,Chateau L'Evangile,,사도레방지ᄅ,levangile,12,Bordeaux,producer,
pro01507,producer,레방질,샤토 레방질,1,Chateau L'Evangile,Chateau L'Evangile,,레방지ᄅ,levangile,8,Bordeaux,stripped,
pro01551,producer,샤토 레오빌 라스 카스,샤토 레오빌 라스 카스,0,Chateau Leoville Las Cases,Chateau Leoville Las Cases,,사도레ᅩ비ᄅ라스가스,leoville las cases,18,Bordeaux,producer,
pro01551,producer,샤토 레오빌 라 카스,샤토 레오빌 라스 카스,1,Chateau Leoville Las Cases,Chateau Leoville Las Cases,,사도레ᅩ비ᄅ라가스,leoville las cases,16,,alias,
pro01551,producer,레오빌 라 카스,샤토 레오빌 라스 카스,1,Chateau Leoville Las Cases,Chateau Leoville Las Cases,,레ᅩ비ᄅ라가스,leoville las cases,12,,stripped,
pro01551,producer,레오빌 라스 카스,샤토 레오빌 라스 카스,1,Chateau Leoville Las Cases,Chateau Leoville Las Cases,,레ᅩ비ᄅ라스가스,leoville las cases,14,Bordeaux,stripped,
pro01550,producer,샤토 레오빌 바르통,샤토 레오빌 바르통,0,Chateau Leoville Barton,Chateau Leoville Barton,,사도레ᅩ비ᄅ바르동,leoville barton,17,Bordeaux,producer,
pro01550,producer,샤토 레오빌 바통,샤토 레오빌 바르통,1,Chateau Leoville Barton,Chateau Leoville Barton,,사도레ᅩ비ᄅ바동,leoville barton,15,,alias,
pro01550,producer,레오빌 바통,샤토 레오빌 바르통,1,Chateau Leoville Barton,Chateau Leoville Barton,,레ᅩ비ᄅ바동,leoville barton,11,,stripped,
pro01550,producer,레오빌 바르통,샤토 레오빌 바르통,1,Chateau Leoville Barton,Chateau Leoville Barton,,레ᅩ비ᄅ바르동,leoville barton,13,Bordeaux,stripped,
pro01552,producer,샤토 레오빌 푸아페레,샤토 레오빌 푸아페레,0,Chateau Leoville Poyferre,Chateau Leoville Poyferre,,사도레ᅩ비ᄅ부ᅡ베레,leoville poyferre,17,Bordeaux,producer,
pro01552,producer,레오빌 푸아페레,샤토 레오빌 푸아페레,1,Chateau Leoville Poyferre,Chateau Leoville Poyferre,,레ᅩ비ᄅ부ᅡ베레,leoville poyferre,13,Bordeaux,stripped,
pro01591,producer,샤토 레이농,샤토 레이농,0,Chateau Reynon,Chateau Reynon,,사도레ᅵ농,reynon,10,,producer,
pro01591,producer,레이농,샤토 레이농,1,Chateau Reynon,Chateau Reynon,,레ᅵ농,reynon,6,,stripped,
pro01589,producer,샤토 로장 세글라,샤토 로장 세글라,0,Chateau Rauzan-Segla,Chateau Rauzan-Segla,,사도로장세그ᄅ라,rauzansegla,16,Bordeaux,producer,
pro01589,producer,로장 세글라,샤토 로장 세글라,1,Chateau Rauzan-Segla,Chateau Rauzan-Segla,,로장세그ᄅ라,rauzansegla,12,Bordeaux,stripped,
pro01593,producer,샤토 로크 드 캉브,샤토 로크 드 캉브,0,Chateau Roc de Cambes,Chateau Roc de Cambes,,사도로그드강브,roc de cambes,15,Bordeaux,producer,
pro01593,producer,로크 드 캉브,샤토 로크 드 캉브,1,Chateau Roc de Cambes,Chateau Roc de Cambes,,로그드강브,roc de cambes,11,Bordeaux,stripped,
pro01594,producer,샤토 롤 발랑탱,샤토 롤 발랑탱,0,Chateau Rol Valentin,Chateau Rol Valentin,,사도로ᄅ바ᄅ랑뎅,rol valentin,16,Bordeaux,producer,
pro01594,producer,롤 발랑탱,샤토 롤 발랑탱,1,Chateau Rol Valentin,Chateau Rol Valentin,,로ᄅ바ᄅ랑뎅,rol valentin,12,Bordeaux,stripped,
pro01546,producer,샤토 르 게,샤토 르 게,0,Chateau Le Gay,Chateau Le Gay,,사도르게,le gay,8,Bordeaux,producer,
pro01546,producer,르가이,샤토 르 게,1,Chateau Le Gay,Chateau Le Gay,,르가ᅵ,le gay,5,,alias,
pro01546,producer,르 게,샤토 르 게,1,Chateau Le Gay,Chateau Le Gay,,르게,le gay,4,Bordeaux,stripped,
pro01545,producer,샤토 르 봉 파스퇴르,샤토 르 봉 파스퇴르,0,Chateau Le Bon Pasteur,Chateau Le Bon Pasteur,,사도르봉바스뒈르,le bon pasteur,17,Bordeaux,producer,
pro01545,producer,르봉파스퇴르,샤토 르 봉 파스퇴르,1,Chateau Le Bon Pasteur,Chateau Le Bon Pasteur,,르봉바스뒈르,le bon pasteur,13,,alias,
pro01545,producer,봉 파스퇴르,샤토 르 봉 파스퇴르,1,Chateau Le Bon Pasteur,Chateau Le Bon Pasteur,,봉바스뒈르,le bon pasteur,11,,alias,
pro01545,producer,르 봉 파스퇴르,샤토 르 봉 파스퇴르,1,Chateau Le Bon Pasteur,Chateau Le Bon Pasteur,,르봉바스뒈르,le bon pasteur,13,Bordeaux,stripped,
pro01547,producer,샤토 르 오 메독 드 포르테,샤토 르 오 메독 드 포르테,0,Chateau Le Haut-Medoc de Portets,Chateau Le Haut-Medoc de Portets,,사도르ᅩ메도ᄀ드보르데,le hautmedoc de portets,20,,producer,
pro01547,producer,르 오 메독 드 포르테,샤토 르 오 메독 드 포르테,1,Chateau Le Haut-Medoc de Portets,Chateau Le Haut-Medoc de Portets,,르ᅩ메도ᄀ드보르데,le hautmedoc de portets,16,,stripped,
pro01549,producer,샤토 르 테르트르 로트뵈프,샤토 르 테르트르 로트뵈프,0,Chateau Le Tertre-Roteboeuf,Chateau Le Tertre-Roteboeuf,,사도르데르드르로드붸브,le tertreroteboeuf,22,Bordeaux,producer,
pro01549,producer,떼르트르 로트뵈프,샤토 르 테르트르 로트뵈프,1,Chateau Le Tertre-Roteboeuf,Chateau Le Tertre-Roteboeuf,,데르드르로드붸브,le tertreroteboeuf,16,,alias,
pro01549,producer,르 테르트르 로트뵈프,샤토 르 테르트르 로트뵈프,1,Chateau Le Tertre-Roteboeuf,Chateau Le Tertre-Roteboeuf,,르데르드르로드붸브,le tertreroteboeuf,18,Bordeaux,stripped,
pro01548,producer,샤토 르 팽,샤토 르 팽,0,Chateau Le Pin,Chateau Le Pin,,사도르벵,le pin,9,Bordeaux,producer,
pro01548,producer,샤토 르팽,샤토 르 팽,1,Chateau Le Pin,Chateau Le Pin,,사도르벵,le pin,9,,alias,
pro01548,producer,르팽,샤토 르 팽,1,Chateau Le Pin,Chateau Le Pin,,르벵,le pin,5,,stripped,
pro01548,producer,르 팽,샤토 르 팽,1,Chateau Le Pin,Chateau Le Pin,,르벵,le pin,5,Bordeaux,stripped,
pro01626,producer,샤토 르 퓌,샤토 르 퓌,0,Chateau le Puy,Chateau le Puy,,사도르뷔,le puy,8,,producer,
pro01626,producer,르 퓌,샤토 르 퓌,1,Chateau le Puy,Chateau le Puy,,르뷔,le puy,4,,stripped,
pro01592,producer,샤토 리외섹,샤토 리외섹,0,Chateau Rieussec,Chateau Rieussec,,사도리ᅰ세ᄀ,rieussec,10,Bordeaux,producer,
pro01592,producer,리외섹,샤토 리외섹,1,Chateau Rieussec,Chateau Rieussec,,리ᅰ세ᄀ,rieussec,6,Bordeaux,stripped,
pro01558,producer,샤토 마고,샤토 마고,0,Chateau Margaux,Chateau Margaux,,사도마고,margaux,8,Bordeaux,producer,
pro01558,producer,샤또 마고,샤토 마고,1,Chateau Margaux,Chateau Margaux,,사도마고,margaux,8,,alias,
pro01558,producer,마고,샤토 마고,1,Chateau Margaux,Chateau Margaux,,마고,margaux,4,Bordeaux,stripped,
pro01556,producer,샤토 마들렌,샤토 마들렌,0,Chateau Magdelaine,Chateau Magdelaine,,사도마드ᄅ레ᄂ,magdelaine,12,Bordeaux,producer,
pro01556,producer,마들렌,샤토 마들렌,1,Chateau Magdelaine,Chateau Magdelaine,,마드ᄅ레ᄂ,magdelaine,8,Bordeaux,stripped,
pro01559,producer,샤토 마르키 드 테름,샤토 마르키 드 테름,0,Chateau Marquis-de-Terme,Chateau Marquis-de-Terme,,사도마르기드데르ᄆ,marquisdeterme,17,Bordeaux,producer,
pro01559,producer,마르키 드 테름,샤토 마르키 드 테름,1,Chateau Marquis-de-Terme,Chateau Marquis-de-Terme,,마르기드데르ᄆ,marquisdeterme,13,Bordeaux,stripped,
pro01557,producer,샤토 말레스코 생 텍쥐페리,샤토 말레스코 생 텍쥐페리,0,Chateau Malescot Saint-Exupery,Chateau Malescot Saint-Exupery,,사도마ᄅ레스고셍데ᄀ쥐베리,malescot saintexupery,25,Bordeaux,producer,
pro01557,producer,말레스꼬,샤토 말레스코 생 텍쥐페리,1,Chateau Malescot Saint-Exupery,Chateau Malescot Saint-Exupery,,마ᄅ레스고,malescot saintexupery,9,,alias,
pro01557,producer,말레스코 생 텍쥐페리,샤토 말레스코 생 텍쥐페리,1,Chateau Malescot Saint-Exupery,Chateau Malescot Saint-Exupery,,마ᄅ레스고셍데ᄀ쥐베리,malescot saintexupery,21,Bordeaux,stripped,
pro01561,producer,샤토 메네,샤토 메네,0,Chateau Meyney,Chateau Meyney,,사도메네,meyney,8,Bordeaux,producer,
pro01561,producer,메네,샤토 메네,1,Chateau Meyney,Chateau Meyney,,메네,meyney,4,Bordeaux,stripped,
pro01560,producer,샤토 모카이유,샤토 모카이유,0,Chateau Maucaillou,Chateau Maucaillou,,사도모가ᅵᅮ,maucaillou,10,Bordeaux,producer,
pro01560,producer,모카이유,샤토 모카이유,1,Chateau Maucaillou,Chateau Maucaillou,,모가ᅵᅮ,maucaillou,6,Bordeaux,stripped,
pro01564,producer,샤토 몬텔레나,샤토 몬텔레나,0,Chateau Montelena,Chateau Montelena,,사도모ᄂ데ᄅ레나,montelena,14,USA,producer,
pro01564,producer,몬텔레나,샤토 몬텔레나,1,Chateau Montelena,Chateau Montelena,,모ᄂ데ᄅ레나,montelena,10,USA,stripped,
pro01565,producer,샤토 몽로즈,샤토 몽로즈,0,Chateau Montrose,Chateau Montrose,,사도몽로즈,montrose,11,Bordeaux,producer,
pro01565,producer,몽로즈,샤토 몽로즈,1,Chateau Montrose,Chateau Montrose,,몽로즈,montrose,7,Bordeaux,stripped,
pro01562,producer,샤토 몽부스케,샤토 몽부스케,0,Chateau Monbousquet,Chateau Monbousquet,,사도몽부스게,monbousquet,13,Bordeaux,producer,
pro01562,producer,몽부스케,샤토 몽부스케,1,Chateau Monbousquet,Chateau Monbousquet,,몽부스게,monbousquet,9,Bordeaux,stripped,
pro01566,producer,샤토 몽튀스,샤토 몽튀스,0,Chateau Montus,Chateau Montus,,사도몽뒤스,montus,11,France,producer,
pro01566,producer,몽튀스,샤토 몽튀스,1,Chateau Montus,Chateau Montus,,몽뒤스,montus,7,France,stripped,
pro01563,producer,샤토 몽페라,샤토 몽페라,0,Chateau Mont-Perat,Chateau Mont-Perat,,사도몽베라,montperat,11,,producer,
pro01563,producer,몽페라,샤토 몽페라,1,Chateau Mont-Perat,Chateau Mont-Perat,,몽베라,montperat,7,,stripped,
pro01570,producer,샤토 무통 로칠드,샤토 무통 로칠드,0,Chateau Mouton Rothschild,Chateau Mouton Rothschild,,사도무동로지ᄅ드,mouton rothschild,16,Bordeaux,producer,
pro01570,producer,샤또 무통 로쉴드,샤토 무통 로칠드,1,Chateau Mouton Rothschild,Chateau Mouton Rothschild,,사도무동로쉬ᄅ드,mouton rothschild,16,,alias,
pro01570,producer,샤또 무통 로췰드,샤토 무통 로칠드,1,Chateau Mouton Rothschild,Chateau Mouton Rothschild,,사도무동로쥐ᄅ드,mouton rothschild,16,,alias,
pro01570,producer,무통 로칠드,샤토 무통 로칠드,1,Chateau Mouton Rothschild,Chateau Mouton Rothschild,,무동로지ᄅ드,mouton rothschild,12,Bordeaux,stripped,
pro01570,producer,무통 로쉴드,샤토 무통 로칠드,1,Chateau Mouton Rothschild,Chateau Mouton Rothschild,,무동로쉬ᄅ드,mouton rothschild,12,,stripped,
pro01570,producer,무통 로췰드,샤토 무통 로칠드,1,Chateau Mouton Rothschild,Chateau Mouton Rothschild,,무동로쥐ᄅ드,mouton rothschild,12,,stripped,
pro01567,producer,샤토 물랭 생 조르주,샤토 물랭 생 조르주,0,Chateau Moulin Saint-Georges,Chateau Moulin Saint-Georges,,사도무ᄅ렝셍조르주,moulin saintgeorges,19,Bordeaux,producer,
pro01567,producer,물랭 생 조르주,샤토 물랭 생 조르주,1,Chateau Moulin Saint-Georges,Chateau Moulin Saint-Georges,,무ᄅ렝셍조르주,moulin saintgeorges,15,Bordeaux,stripped,
pro01568,producer,샤토 물랭 오 라로크,샤토 물랭 오 라로크,0,Chateau Moulin-Haut-Laroque,Chateau Moulin-Haut-Laroque,,사도무ᄅ렝ᅩ라로그,moulinhautlaroque,17,Bordeaux,producer,
pro01568,producer,물랭 오 라로크,샤토 물랭 오 라로크,1,Chateau Moulin-Haut-Laroque,Chateau Moulin-Haut-Laroque,,무ᄅ렝ᅩ라로그,moulinhautlaroque,13,Bordeaux,stripped,
pro01569,producer,샤토 물랭 페 라브리,샤토 물랭 페 라브리,0,Chateau Moulin-Pey-Labrie,Chateau Moulin-Pey-Labrie,,사도무ᄅ렝베라브리,moulinpeylabrie,18,Bordeaux,producer,
pro01569,producer,물랭 페 라브리,샤토 물랭 페 라브리,1,Chateau Moulin-Pey-Labrie,Chateau Moulin-Pey-Labrie,,무ᄅ렝베라브리,moulinpeylabrie,14,Bordeaux,stripped,
pro01433,producer,샤토 바르드 오,샤토 바르드 오,0,Chateau Barde-Haut,Chateau Barde-Haut,,사도바르드ᅩ,bardehaut,11,Bordeaux,producer,
pro01433,producer,바르드 오,샤토 바르드 오,1,Chateau Barde-Haut,Chateau Barde-Haut,,바르드ᅩ,bardehaut,7,Bordeaux,stripped,
pro01434,producer,샤토 바타이에,샤토 바타이에,0,Chateau Batailley,Chateau Batailley,,사도바다ᅵᅦ,batailley,10,Bordeaux,producer,
pro01434,producer,바타이에,샤토 바타이에,1,Chateau Batailley,Chateau Batailley,,바다ᅵᅦ,batailley,6,Bordeaux,stripped,
pro01613,producer,샤토 발랑드로,샤토 발랑드로,0,Chateau Valandraud,Chateau Valandraud,,사도바ᄅ랑드로,valandraud,14,Bordeaux,producer,
pro01613,producer,발랑드로,샤토 발랑드로,1,Chateau Valandraud,Chateau Valandraud,,바ᄅ랑드로,valandraud,10,,alias,
pro01432,producer,샤토 발레스타르 라 토넬,샤토 발레스타르 라 토넬,0,Chateau Balestard-La-Tonnelle,Chateau Balestard-La-Tonnelle,,사도바ᄅ레스다르라도네ᄅ,balestardlatonnelle,22,Bordeaux,producer,
pro01432,producer,발레스타르 라 토넬,샤토 발레스타르 라 토넬,1,Chateau Balestard-La-Tonnelle,Chateau Balestard-La-Tonnelle,,바ᄅ레스다르라도네ᄅ,balestardlatonnelle,18,Bordeaux,stripped,
pro01442,producer,샤토 베슈벨,샤토 베슈벨,0,Chateau Beychevelle,Chateau Beychevelle,,사도베수베ᄅ,beychevelle,11,Bordeaux,producer,
pro01442,producer,샤또 베이슈벨,샤토 베슈벨,1,Chateau Beychevelle,Chateau Beychevelle,,사도베ᅵ수베ᄅ,beychevelle,12,,alias,
pro01442,producer,베슈벨,샤토 베슈벨,1,Chateau Beychevelle,Chateau Beychevelle,,베수베ᄅ,beychevelle,7,Bordeaux,stripped,
pro01442,producer,베이슈벨,샤토 베슈벨,1,Chateau Beychevelle,Chateau Beychevelle,,베ᅵ수베ᄅ,beychevelle,8,,stripped,
pro01440,producer,샤토 벨그라브,샤토 벨그라브,0,Chateau Belgrave,Chateau Belgrave,,사도베ᄅ그라브,belgrave,13,,producer,
pro01440,producer,벨그라브,샤토 벨그라브,1,Chateau Belgrave,Chateau Belgrave,,베ᄅ그라브,belgrave,9,,stripped,
pro01439,producer,샤토 벨레르,샤토 벨레르,0,Chateau Belair,Chateau Belair,,사도베ᄅ레르,belair,11,Bordeaux,producer,
pro01439,producer,벨레르,샤토 벨레르,1,Chateau Belair,Chateau Belair,,베ᄅ레르,belair,7,Bordeaux,stripped,
pro01441,producer,샤토 벨뷰,샤토 벨뷰,0,Chateau Bellevue,Chateau Bellevue,,사도베ᄅ부,bellevue,9,France,producer,
pro01441,producer,벨뷰,샤토 벨뷰,1,Chateau Bellevue,Chateau Bellevue,,베ᄅ부,bellevue,5,France,stripped,
pro01436,producer,샤토 보몽,샤토 보몽,0,Chateau Beaumont,Chateau Beaumont,,사도보몽,beaumont,9,,producer,
pro01436,producer,보몽,샤토 보몽,1,Chateau Beaumont,Chateau Beaumont,,보몽,beaumont,5,,stripped,
pro01437,producer,샤토 보세주르,샤토 보세주르,0,Chateau Beausejour,Chateau Beausejour,,사도보세주르,beausejour,12,Bordeaux,producer,
pro01437,producer,보세주르,샤토 보세주르,1,Chateau Beausejour,Chateau Beausejour,,보세주르,beausejour,8,Bordeaux,stripped,
pro01438,producer,샤토 보세주르 뒤포,샤토 보세주르 뒤포,0,Chateau Beausejour-Duffau,Chateau Beausejour-Duffau,,사도보세주르뒤보,beausejourduffau,16,Bordeaux,producer,
pro01438,producer,보세주르 뒤포,샤토 보세주르 뒤포,1,Chateau Beausejour-Duffau,Chateau Beausejour-Duffau,,보세주르뒤보,beausejourduffau,12,Bordeaux,stripped,
pro01435,producer,샤토 보세주르 베코,샤토 보세주르 베코,0,Chateau Beau-Sejour Becot,Chateau Beau-Sejour Becot,,사도보세주르베고,beausejour becot,16,Bordeaux,producer,
pro01435,producer,보세쥬르베꼬,샤토 보세주르 베코,1,Chateau Beau-Sejour Becot,Chateau Beau-Sejour Becot,,보세주르베고,beausejour becot,12,,alias,
pro01435,producer,보세주르 베꼬,샤토 보세주르 베코,1,Chateau Beau-Sejour Becot,Chateau Beau-Sejour Becot,,보세주르베고,beausejour becot,12,,alias,
pro01435,producer,보세주르 베코,샤토 보세주르 베코,1,Chateau Beau-Sejour Becot,Chateau Beau-Sejour Becot,,보세주르베고,beausejour becot,12,Bordeaux,stripped,
pro01444,producer,샤토 보이드 캉트냑,샤토 보이드 캉트냑,0,Chateau Boyd-Cantenac,Chateau Boyd-Cantenac,,사도보ᅵ드강드나ᄀ,boydcantenac,17,,producer,
pro01444,producer,보이드 캉트냑,샤토 보이드 캉트냑,1,Chateau Boyd-Cantenac,Chateau Boyd-Cantenac,,보ᅵ드강드나ᄀ,boydcantenac,13,,stripped,
pro01443,producer,샤토 부르뇌프,샤토 부르뇌프,0,Chateau Bourgneuf,Chateau Bourgneuf,,사도부르눼브,bourgneuf,12,Bordeaux,producer,
pro01443,producer,부르뇌프,샤토 부르뇌프,1,Chateau Bourgneuf,Chateau Bourgneuf,,부르눼브,bourgneuf,8,Bordeaux,stripped,
pro01445,producer,샤토 브라네르 뒤크뤼,샤토 브라네르 뒤크뤼,0,Chateau Branaire-Ducru,Chateau Branaire-Ducru,,사도브라네르뒤그뤼,branaireducru,18,Bordeaux,producer,
pro01445,producer,브라네르 뒤크뤼,샤토 브라네르 뒤크뤼,1,Chateau Branaire-Ducru,Chateau Branaire-Ducru,,브라네르뒤그뤼,branaireducru,14,,alias,
pro01446,producer,샤토 브란 캉트냑,샤토 브란 캉트냑,0,Chateau Brane-Cantenac,Chateau Brane-Cantenac,,사도브라ᄂ강드나ᄀ,branecantenac,17,Bordeaux,producer,
pro01446,producer,샤토 브랑 카스테나크,샤토 브란 캉트냑,1,Chateau Brane-Cantenac,Chateau Brane-Cantenac,,사도브랑가스데나그,branecantenac,19,,alias,
pro01446,producer,브란 캉트냑,샤토 브란 캉트냑,1,Chateau Brane-Cantenac,Chateau Brane-Cantenac,,브라ᄂ강드나ᄀ,branecantenac,13,Bordeaux,stripped,
pro01446,producer,브랑 카스테나크,샤토 브란 캉트냑,1,Chateau Brane-Cantenac,Chateau Brane-Cantenac,,브랑가스데나그,branecantenac,15,,stripped,
pro01603,producer,샤토 생 미셸,샤토 생 미셸,0,Chateau Ste. Michelle,Chateau Ste. Michelle,,사도셍미세ᄅ,ste michelle,12,USA,producer,
pro01603,producer,생 미셸,샤토 생 미셸,1,Chateau Ste. Michelle,Chateau Ste. Michelle,,셍미세ᄅ,ste michelle,8,USA,stripped,
pro01595,producer,샤토 생 피에르,샤토 생 피에르,0,Chateau Saint-Pierre,Chateau Saint-Pierre,,사도셍비ᅦ르,saintpierre,12,Bordeaux,producer,
pro01595,producer,쌩삐에르,샤토 생 피에르,1,Chateau Saint-Pierre,Chateau Saint-Pierre,,셍비ᅦ르,saintpierre,8,,alias,
pro01595,producer,생 삐에르,샤토 생 피에르,1,Chateau Saint-Pierre,Chateau Saint-Pierre,,셍비ᅦ르,saintpierre,8,,alias,
pro01595,producer,생 피에르,샤토 생 피에르,1,Chateau Saint-Pierre,Chateau Saint-Pierre,,셍비ᅦ르,saintpierre,8,Bordeaux,stripped,
pro01461,producer,샤토 샤르마이,샤토 샤르마이,0,Chateau Charmail,Chateau Charmail,,사도사르마ᅵ,charmail,11,Bordeaux,producer,
pro01461,producer,샤르마이,샤토 샤르마이,1,Chateau Charmail,Chateau Charmail,,사르마ᅵ,charmail,7,Bordeaux,stripped,
pro01462,producer,샤토 샤스 스플린,샤토 샤스 스플린,0,Chateau Chasse-Spleen,Chateau Chasse-Spleen,,사도사스스브ᄅ리ᄂ,chassespleen,16,Bordeaux,producer,
pro01462,producer,샤스스플린,샤토 샤스 스플린,1,Chateau Chasse-Spleen,Chateau Chasse-Spleen,,사스스브ᄅ리ᄂ,chassespleen,12,,alias,
pro01462,producer,샤쓰 스플린,샤토 샤스 스플린,1,Chateau Chasse-Spleen,Chateau Chasse-Spleen,,사스스브ᄅ리ᄂ,chassespleen,12,,alias,
pro01462,producer,샤스 스플린,샤토 샤스 스플린,1,Chateau Chasse-Spleen,Chateau Chasse-Spleen,,사스스브ᄅ리ᄂ,chassespleen,12,Bordeaux,stripped,
pro01459,producer,샤토 세르탕 드 메,샤토 세르탕 드 메,0,Chateau Certan de May,Chateau Certan de May,,사도세르당드메,certan de may,15,Bordeaux,producer,
pro01459,producer,세르탕 드 메,샤토 세르탕 드 메,1,Chateau Certan de May,Chateau Certan de May,,세르당드메,certan de may,11,Bordeaux,stripped,
pro01460,producer,샤토 세르탕 지로,샤토 세르탕 지로,0,Chateau Certan-Giraud,Chateau Certan-Giraud,,사도세르당지로,certangiraud,15,Bordeaux,producer,
pro01460,producer,세르탕 지로,샤토 세르탕 지로,1,Chateau Certan-Giraud,Chateau Certan-Giraud,,세르당지로,certangiraud,11,Bordeaux,stripped,
pro01602,producer,샤토 세인트 진,샤토 세인트 진,0,Chateau St. Jean,Chateau St. Jean,,사도세ᅵᄂ드지ᄂ,st jean,13,USA,producer,
pro01602,producer,세인트 진,샤토 세인트 진,1,Chateau St. Jean,Chateau St. Jean,,세ᅵᄂ드지ᄂ,st jean,9,USA,stripped,
pro01600,producer,샤토 소시앙도 말레,샤토 소시앙도 말레,0,Chateau Sociando-Mallet,Chateau Sociando-Mallet,,사도소시ᅡᆼ도마ᄅ레,sociandomallet,17,Bordeaux,producer,
pro01600,producer,소시안도 말레,샤토 소시앙도 말레,1,Chateau Sociando-Mallet,Chateau Sociando-Mallet,,소시ᅡᄂ도마ᄅ레,sociandomallet,13,,alias,
pro01600,producer,샤토 소시아비 말레,샤토 소시앙도 말레,1,Chateau Sociando-Mallet,Chateau Sociando-Mallet,,사도소시ᅡ비마ᄅ레,sociandomallet,16,,alias,
pro01600,producer,소시앙도 말레,샤토 소시앙도 말레,1,Chateau Sociando-Mallet,Chateau Sociando-Mallet,,소시ᅡᆼ도마ᄅ레,sociandomallet,13,Bordeaux,stripped,
pro01600,producer,소시아비 말레,샤토 소시앙도 말레,1,Chateau Sociando-Mallet,Chateau Sociando-Mallet,,소시ᅡ비마ᄅ레,sociandomallet,12,,stripped,
pro01601,producer,샤토 수타르,샤토 수타르,0,Chateau Soutard,Chateau Soutard,,사도수다르,soutard,10,Bordeaux,producer,
pro01601,producer,수따르,샤토 수타르,1,Chateau Soutard,Chateau Soutard,,수다르,soutard,6,,alias,
pro01601,producer,수타르,샤토 수타르,1,Chateau Soutard,Chateau Soutard,,수다르,soutard,6,Bordeaux,stripped,
pro01604,producer,샤토 쉬뒤로,샤토 쉬뒤로,0,Chateau Suduiraut,Chateau Suduiraut,,사도쉬뒤로,suduiraut,10,Bordeaux,producer,
pro01604,producer,쉬뒤로,샤토 쉬뒤로,1,Chateau Suduiraut,Chateau Suduiraut,,쉬뒤로,suduiraut,6,Bordeaux,stripped,
pro01463,producer,샤토 슈발 블랑,샤토 슈발 블랑,0,Chateau Cheval Blanc,Chateau Cheval Blanc,,사도수바ᄅ브ᄅ랑,cheval blanc,15,Bordeaux,producer,
pro01463,producer,샤또 슈발 블랑,샤토 슈발 블랑,1,Chateau Cheval Blanc,Chateau Cheval Blanc,,사도수바ᄅ브ᄅ랑,cheval blanc,15,,alias,
pro01463,producer,슈발 블랑,샤토 슈발 블랑,1,Chateau Cheval Blanc,Chateau Cheval Blanc,,수바ᄅ브ᄅ랑,cheval blanc,11,Bordeaux,stripped,
pro01598,producer,샤토 스미스 오 라피트,샤토 스미스 오 라피트,0,Chateau Smith Haut Lafitte,Chateau Smith Haut Lafitte,,사도스미스ᅩ라비드,smith haut lafitte,17,Bordeaux,producer,
pro01598,producer,스미스 오 라피트,샤토 스미스 오 라피트,1,Chateau Smith Haut Lafitte,Chateau Smith Haut Lafitte,,스미스ᅩ라비드,smith haut lafitte,13,Bordeaux,stripped,
pro01599,producer,샤토 스미스 오 라피트 블랑,샤토 스미스 오 라피트 블랑,0,Chateau Smith Haut Lafitte Blanc,Chateau Smith Haut Lafitte Blanc,,사도스미스ᅩ라비드브ᄅ랑,smith haut lafitte blanc,23,,producer,
pro01599,producer,스미스 오 라피트 블랑,샤토 스미스 오 라피트 블랑,1,Chateau Smith Haut Lafitte Blanc,Chateau Smith Haut Lafitte Blanc,,스미스ᅩ라비드브ᄅ랑,smith haut lafitte blanc,19,,alias,
pro01597,producer,샤토 시랑,샤토 시랑,0,Chateau Siran,Chateau Siran,,사도시랑,siran,9,Bordeaux,producer,
pro01597,producer,시랑,샤토 시랑,1,Chateau Siran,Chateau Siran,,시랑,siran,5,,alias,
pro01596,producer,샤토 시몬,샤토 시몬,0,Chateau Simone,Chateau Simone,,사도시모ᄂ,simone,9,France,producer,
pro01596,producer,시몬,샤토 시몬,1,Chateau Simone,Chateau Simone,,시모ᄂ,simone,5,France,stripped,
pro01464,producer,샤토 시트랑,샤토 시트랑,0,Chateau Citran,Chateau Citran,,사도시드랑,citran,11,Bordeaux,producer,
pro01464,producer,시트랑,샤토 시트랑,1,Chateau Citran,Chateau Citran,,시드랑,citran,7,Bordeaux,stripped,
pro01430,producer,샤토 앙젤뤼스,샤토 앙젤뤼스,0,Chateau Angelus,Chateau Angelus,,사도ᅡᆼ제ᄅ뤼스,angelus,13,Bordeaux,producer,
pro01430,producer,안젤루스,샤토 앙젤뤼스,1,Chateau Angelus,Chateau Angelus,,ᅡᄂ제ᄅ루스,angelus,9,,alias,
pro01430,producer,알젤루스,샤토 앙젤뤼스,1,Chateau Angelus,Chateau Angelus,,ᅡᄅ제ᄅ루스,angelus,9,,alias,
pro01430,producer,샤토 안젤루스,샤토 앙젤뤼스,1,Chateau Angelus,Chateau Angelus,,사도ᅡᄂ제ᄅ루스,angelus,13,,alias,
pro01430,producer,앙젤뤼스,샤토 앙젤뤼스,1,Chateau Angelus,Chateau Angelus,,ᅡᆼ제ᄅ뤼스,angelus,9,Bordeaux,stripped,
pro01502,producer,샤토 오 마르뷔제,샤토 오 마르뷔제,0,Chateau Haut-Marbuzet,Chateau Haut-Marbuzet,,사도ᅩ마르뷔제,hautmarbuzet,13,Bordeaux,producer,
pro01502,producer,오마부제,샤토 오 마르뷔제,1,Chateau Haut-Marbuzet,Chateau Haut-Marbuzet,,ᅩ마부제,hautmarbuzet,7,,alias,
pro01502,producer,오 마르뷔제,샤토 오 마르뷔제,1,Chateau Haut-Marbuzet,Chateau Haut-Marbuzet,,ᅩ마르뷔제,hautmarbuzet,9,,alias,
pro01496,producer,샤토 오 바주 리베랄,샤토 오 바주 리베랄,0,Chateau Haut-Bages-Liberal,Chateau Haut-Bages-Liberal,,사도ᅩ바주리베라ᄅ,hautbagesliberal,16,Bordeaux,producer,
pro01496,producer,샤토 오 페라기,샤토 오 바주 리베랄,1,Chateau Haut-Bages-Liberal,Chateau Haut-Bages-Liberal,,사도ᅩ베라기,hautbagesliberal,11,,alias,
pro01496,producer,오 페라기,샤토 오 바주 리베랄,1,Chateau Haut-Bages-Liberal,Chateau Haut-Bages-Liberal,,ᅩ베라기,hautbagesliberal,7,,stripped,
pro01496,producer,오 바주 리베랄,샤토 오 바주 리베랄,1,Chateau Haut-Bages-Liberal,Chateau Haut-Bages-Liberal,,ᅩ바주리베라ᄅ,hautbagesliberal,12,Bordeaux,stripped,
pro01498,producer,샤토 오 바타이에,샤토 오 바타이에,0,Chateau Haut-Batailley,Chateau Haut-Batailley,,사도ᅩ바다ᅵᅦ,hautbatailley,11,Bordeaux,producer,
pro01498,producer,샤토 오 바타이예,샤토 오 바타이에,1,Chateau Haut-Batailley,Chateau Haut-Batailley,,사도ᅩ바다ᅵᅦ,hautbatailley,11,,alias,
pro01498,producer,오 바타이에,샤토 오 바타이에,1,Chateau Haut-Batailley,Chateau Haut-Batailley,,ᅩ바다ᅵᅦ,hautbatailley,7,Bordeaux,stripped,
pro01498,producer,오 바타이예,샤토 오 바타이에,1,Chateau Haut-Batailley,Chateau Haut-Batailley,,ᅩ바다ᅵᅦ,hautbatailley,7,,stripped,
pro01501,producer,샤토 오 카르디날,샤토 오 카르디날,0,Chateau Haut-Cardinal,Chateau Haut-Cardinal,,사도ᅩ가르디나ᄅ,hautcardinal,14,,producer,
pro01501,producer,오 카르디날,샤토 오 카르디날,1,Chateau Haut-Cardinal,Chateau Haut-Cardinal,,ᅩ가르디나ᄅ,hautcardinal,10,,stripped,
pro01497,producer,샤토 오바이,샤토 오바이,0,Chateau Haut-Bailly,Chateau Haut-Bailly,,사도ᅩ바ᅵ,hautbailly,8,Bordeaux,producer,
pro01497,producer,오바이,샤토 오바이,1,Chateau Haut-Bailly,Chateau Haut-Bailly,,ᅩ바ᅵ,hautbailly,4,,alias,
pro01499,producer,샤토 오브리옹,샤토 오브리옹,0,Chateau Haut-Brion,Chateau Haut-Brion,,사도ᅩ브리ᅩᆼ,hautbrion,11,Bordeaux,producer,
pro01499,producer,샤또 오브리옹,샤토 오브리옹,1,Chateau Haut-Brion,Chateau Haut-Brion,,사도ᅩ브리ᅩᆼ,hautbrion,11,,alias,
pro01499,producer,샤토 오 브리옹,샤토 오브리옹,1,Chateau Haut-Brion,Chateau Haut-Brion,,사도ᅩ브리ᅩᆼ,hautbrion,11,,alias,
pro01499,producer,오브리옹,샤토 오브리옹,1,Chateau Haut-Brion,Chateau Haut-Brion,,ᅩ브리ᅩᆼ,hautbrion,7,Bordeaux,stripped,
pro01499,producer,오 브리옹,샤토 오브리옹,1,Chateau Haut-Brion,Chateau Haut-Brion,,ᅩ브리ᅩᆼ,hautbrion,7,,stripped,
pro01500,producer,샤토 오브리옹 블랑,샤토 오브리옹 블랑,0,Chateau Haut-Brion Blanc,Chateau Haut-Brion Blanc,,사도ᅩ브리ᅩᆼ브ᄅ랑,hautbrion blanc,17,,producer,
pro01500,producer,오브리옹 블랑,샤토 오브리옹 블랑,1,Chateau Haut-Brion Blanc,Chateau Haut-Brion Blanc,,ᅩ브리ᅩᆼ브ᄅ랑,hautbrion blanc,13,,stripped,
pro01431,producer,샤토 오존,샤토 오존,0,Chateau Ausone,Chateau Ausone,,사도ᅩ조ᄂ,ausone,8,Bordeaux,producer,
pro01431,producer,오존,샤토 오존,1,Chateau Ausone,Chateau Ausone,,ᅩ조ᄂ,ausone,4,Bordeaux,stripped,
pro01486,producer,샤토 지스쿠르,샤토 지스쿠르,0,Chateau Giscours,Chateau Giscours,,사도지스구르,giscours,12,Bordeaux,producer,
pro01486,producer,지스쿠르,샤토 지스쿠르,1,Chateau Giscours,Chateau Giscours,,지스구르,giscours,8,Bordeaux,stripped,
pro01449,producer,샤토 카농,샤토 카농,0,Chateau Canon,Chateau Canon,,사도가농,canon,9,Bordeaux,producer,
pro01449,producer,카농,샤토 카농,1,Chateau Canon,Chateau Canon,,가농,canon,5,Bordeaux,stripped,
pro01451,producer,샤토 카농 드 브렘,샤토 카농 드 브렘,0,Chateau Canon de Brem,Chateau Canon de Brem,,사도가농드브레ᄆ,canon de brem,16,Bordeaux,producer,
pro01451,producer,카농 드 브렘,샤토 카농 드 브렘,1,Chateau Canon de Brem,Chateau Canon de Brem,,가농드브레ᄆ,canon de brem,12,Bordeaux,stripped,
pro01452,producer,샤토 카농 라 가플리에르,샤토 카농 라 가플리에르,0,Chateau Canon-la-Gaffeliere,Chateau Canon-la-Gaffeliere,,사도가농라가브ᄅ리ᅦ르,canonlagaffeliere,21,Bordeaux,producer,
pro01452,producer,카농 라 가플리에르,샤토 카농 라 가플리에르,1,Chateau Canon-la-Gaffeliere,Chateau Canon-la-Gaffeliere,,가농라가브ᄅ리ᅦ르,canonlagaffeliere,17,Bordeaux,stripped,
pro01450,producer,샤토 카농 무엑스,샤토 카농 무엑스,0,Chateau Canon Moueix,Chateau Canon Moueix,,사도가농무ᅦᄀ스,canon moueix,15,Bordeaux,producer,
pro01450,producer,카농 무엑스,샤토 카농 무엑스,1,Chateau Canon Moueix,Chateau Canon Moueix,,가농무ᅦᄀ스,canon moueix,11,Bordeaux,stripped,
pro01447,producer,샤토 카데 피올라,샤토 카데 피올라,0,Chateau Cadet-Piola,Chateau Cadet-Piola,,사도가데비ᅩᄅ라,cadetpiola,14,Bordeaux,producer,
pro01447,producer,카데 피올라,샤토 카데 피올라,1,Chateau Cadet-Piola,Chateau Cadet-Piola,,가데비ᅩᄅ라,cadetpiola,10,Bordeaux,stripped,
pro01456,producer,샤토 카르보니외,샤토 카르보니외,0,Chateau Carbonnieux,Chateau Carbonnieux,,사도가르보니ᅰ,carbonnieux,13,,producer,
pro01456,producer,카르보니외,샤토 카르보니외,1,Chateau Carbonnieux,Chateau Carbonnieux,,가르보니ᅰ,carbonnieux,9,,stripped,
pro01457,producer,샤토 카르보니외 블랑,샤토 카르보니외 블랑,0,Chateau Carbonnieux Blanc,Chateau Carbonnieux Blanc,,사도가르보니ᅰ브ᄅ랑,carbonnieux blanc,19,,producer,
pro01457,producer,카르보니외 블랑,샤토 카르보니외 블랑,1,Chateau Carbonnieux Blanc,Chateau Carbonnieux Blanc,,가르보니ᅰ브ᄅ랑,carbonnieux blanc,15,,stripped,
pro01458,producer,샤토 카사뉴 오 카농 라 트뤼피에르,샤토 카사뉴 오 카농 라 트뤼피에르,0,Chateau Cassagne Haut-Canon La Truffiere,Chateau Cassagne Haut-Canon La Truffiere,,사도가사누ᅩ가농라드뤼비ᅦ르,cassagne hautcanon la truffiere,27,Bordeaux,producer,
pro01458,producer,카사뉴 오 카농 라 트뤼피에르,샤토 카사뉴 오 카농 라 트뤼피에르,1,Chateau Cassagne Haut-Canon La Truffiere,Chateau Cassagne Haut-Canon La Truffiere,,가사누ᅩ가농라드뤼비ᅦ르,cassagne hautcanon la truffiere,23,Bordeaux,stripped,
pro01448,producer,샤토 칼롱 세귀르,샤토 칼롱 세귀르,0,Chateau Calon-Segur,Chateau Calon-Segur,,사도가ᄅ롱세귀르,calonsegur,16,Bordeaux,producer,
pro01448,producer,샤토 캘롱 세귀르,샤토 칼롱 세귀르,1,Chateau Calon-Segur,Chateau Calon-Segur,,사도게ᄅ롱세귀르,calonsegur,16,,alias,
pro01448,producer,칼롱 세귀르,샤토 칼롱 세귀르,1,Chateau Calon-Segur,Chateau Calon-Segur,,가ᄅ롱세귀르,calonsegur,12,Bordeaux,stripped,
pro01448,producer,캘롱 세귀르,샤토 칼롱 세귀르,1,Chateau Calon-Segur,Chateau Calon-Segur,,게ᄅ롱세귀르,calonsegur,12,,stripped,
pro01453,producer,샤토 캉텔리스,샤토 캉텔리스,0,Chateau Cantelys,Chateau Cantelys,,사도강데ᄅ리스,cantelys,14,France,producer,
pro01453,producer,캉텔리스,샤토 캉텔리스,1,Chateau Cantelys,Chateau Cantelys,,강데ᄅ리스,cantelys,10,France,stripped,
pro01455,producer,샤토 캉트냑 브라운,샤토 캉트냑 브라운,0,Chateau Cantenac-Brown,Chateau Cantenac-Brown,,사도강드나ᄀ브라ᅮᄂ,cantenacbrown,18,Bordeaux,producer,
pro01455,producer,깡뜨냑 브라운,샤토 캉트냑 브라운,1,Chateau Cantenac-Brown,Chateau Cantenac-Brown,,강드나ᄀ브라ᅮᄂ,cantenacbrown,14,,alias,
pro01455,producer,샤토 칸테나크 브라운,샤토 캉트냑 브라운,1,Chateau Cantenac-Brown,Chateau Cantenac-Brown,,사도가ᄂ데나그브라ᅮᄂ,cantenacbrown,19,,alias,
pro01455,producer,캉트냑 브라운,샤토 캉트냑 브라운,1,Chateau Cantenac-Brown,Chateau Cantenac-Brown,,강드나ᄀ브라ᅮᄂ,cantenacbrown,14,Bordeaux,stripped,
pro01455,producer,칸테나크 브라운,샤토 캉트냑 브라운,1,Chateau Cantenac-Brown,Chateau Cantenac-Brown,,가ᄂ데나그브라ᅮᄂ,cantenacbrown,15,,stripped,
pro01454,producer,샤토 캉트메를,샤토 캉트메를,0,Chateau Cantemerle,Chateau Cantemerle,,사도강드메르ᄅ,cantemerle,14,Bordeaux,producer,
pro01454,producer,깡뜨메를르,샤토 캉트메를,1,Chateau Cantemerle,Chateau Cantemerle,,강드메르ᄅ르,cantemerle,12,,alias,
pro01454,producer,샤토 칸텔루프,샤토 캉트메를,1,Chateau Cantemerle,Chateau Cantemerle,,사도가ᄂ데ᄅ루브,cantemerle,14,,alias,
pro01454,producer,캉트메를,샤토 캉트메를,1,Chateau Cantemerle,Chateau Cantemerle,,강드메르ᄅ,cantemerle,10,Bordeaux,stripped,
pro01454,producer,칸텔루프,샤토 캉트메를,1,Chateau Cantemerle,Chateau Cantemerle,,가ᄂ데ᄅ루브,cantemerle,10,,stripped,
pro01469,producer,샤토 코스 데스투르넬,샤토 코스 데스투르넬,0,Chateau Cos d'Estournel,Chateau Cos d'Estournel,,사도고스데스두르네ᄅ,cos destournel,19,Bordeaux,producer,
pro01469,producer,코스 데스투르넬,샤토 코스 데스투르넬,1,Chateau Cos d'Estournel,Chateau Cos d'Estournel,,고스데스두르네ᄅ,cos destournel,15,Bordeaux,stripped,
pro01468,producer,샤토 코스 라보리,샤토 코스 라보리,0,Chateau Cos Labory,Chateau Cos Labory,,사도고스라보리,cos labory,14,,producer,
pro01468,producer,코스 라보리,샤토 코스 라보리,1,Chateau Cos Labory,Chateau Cos Labory,,고스라보리,cos labory,10,,stripped,
pro01470,producer,샤토 쿠테,샤토 쿠테,0,Chateau Coutet,Chateau Coutet,,사도구데,coutet,8,Bordeaux,producer,
pro01470,producer,쿠테,샤토 쿠테,1,Chateau Coutet,Chateau Coutet,,구데,coutet,4,Bordeaux,stripped,
pro01471,producer,샤토 크로크 미쇼트,샤토 크로크 미쇼트,0,Chateau Croque-Michotte,Chateau Croque-Michotte,,사도그로그미소드,croquemichotte,16,Bordeaux,producer,
pro01471,producer,크로크 미쇼트,샤토 크로크 미쇼트,1,Chateau Croque-Michotte,Chateau Croque-Michotte,,그로그미소드,croquemichotte,12,Bordeaux,stripped,
pro01465,producer,샤토 클레르 밀롱,샤토 클레르 밀롱,0,Chateau Clerc-Milon,Chateau Clerc-Milon,,사도그ᄅ레르미ᄅ롱,clercmilon,17,Bordeaux,producer,
pro01465,producer,끌레르미용,샤토 클레르 밀롱,1,Chateau Clerc-Milon,Chateau Clerc-Milon,,그ᄅ레르미ᅩᆼ,clercmilon,11,,alias,
pro01465,producer,클레르 미용,샤토 클레르 밀롱,1,Chateau Clerc-Milon,Chateau Clerc-Milon,,그ᄅ레르미ᅩᆼ,clercmilon,11,,alias,
pro01465,producer,클레르 밀롱,샤토 클레르 밀롱,1,Chateau Clerc-Milon,Chateau Clerc-Milon,,그ᄅ레르미ᄅ롱,clercmilon,13,Bordeaux,stripped,
pro01467,producer,샤토 클리네,샤토 클리네,0,Chateau Clinet,Chateau Clinet,,사도그ᄅ리네,clinet,11,Bordeaux,producer,
pro01467,producer,클리네,샤토 클리네,1,Chateau Clinet,Chateau Clinet,,그ᄅ리네,clinet,7,Bordeaux,stripped,
pro01466,producer,샤토 클리망,샤토 클리망,0,Chateau Climens,Chateau Climens,,사도그ᄅ리망,climens,12,Bordeaux,producer,
pro01466,producer,클리망,샤토 클리망,1,Chateau Climens,Chateau Climens,,그ᄅ리망,climens,8,Bordeaux,stripped,
pro01588,producer,샤토 키노 랑클로,샤토 키노 랑클로,0,Chateau Quinault-L'Enclos,Chateau Quinault-L'Enclos,,사도기노랑그ᄅ로,quinaultlenclos,16,Bordeaux,producer,
pro01588,producer,키노 랑클로,샤토 키노 랑클로,1,Chateau Quinault-L'Enclos,Chateau Quinault-L'Enclos,,기노랑그ᄅ로,quinaultlenclos,12,Bordeaux,stripped,
pro01503,producer,샤토 키르완,샤토 키르완,0,Chateau Kirwan,Chateau Kirwan,,사도기르ᅪᄂ,kirwan,10,Bordeaux,producer,
pro01503,producer,키르완,샤토 키르완,1,Chateau Kirwan,Chateau Kirwan,,기르ᅪᄂ,kirwan,6,Bordeaux,stripped,
pro01606,producer,샤토 타눈다,샤토 타눈다,0,Chateau Tanunda,Chateau Tanunda,,사도다누ᄂ다,tanunda,11,New World,producer,
pro01606,producer,타눈다,샤토 타눈다,1,Chateau Tanunda,Chateau Tanunda,,다누ᄂ다,tanunda,7,New World,stripped,
pro01607,producer,샤토 타이악 퀴베 프레스티주,샤토 타이악 퀴베 프레스티주,0,Chateau Tayac Cuvee Prestige,Chateau Tayac Cuvee Prestige,,사도다ᅵᅡᄀ귀베브레스디주,tayac cuvee prestige,23,Bordeaux,producer,
pro01607,producer,타이악 퀴베 프레스티주,샤토 타이악 퀴베 프레스티주,1,Chateau Tayac Cuvee Prestige,Chateau Tayac Cuvee Prestige,,다ᅵᅡᄀ귀베브레스디주,tayac cuvee prestige,19,Bordeaux,stripped,
pro01605,producer,샤토 탈보,샤토 탈보,0,Chateau Talbot,Chateau Talbot,,사도다ᄅ보,talbot,9,Bordeaux,producer,
pro01605,producer,샤또 딸보,샤토 탈보,1,Chateau Talbot,Chateau Talbot,,사도다ᄅ보,talbot,9,,alias,
pro01605,producer,탈보,샤토 탈보,1,Chateau Talbot,Chateau Talbot,,다ᄅ보,talbot,5,Bordeaux,stripped,
pro01605,producer,딸보,샤토 탈보,1,Chateau Talbot,Chateau Talbot,,다ᄅ보,talbot,5,,stripped,
pro01609,producer,샤토 투르 뒤 오 물랭,샤토 투르 뒤 오 물랭,0,Chateau Tour du Haut-Moulin,Chateau Tour du Haut-Moulin,,사도두르뒤ᅩ무ᄅ렝,tour du hautmoulin,17,Bordeaux,producer,
pro01609,producer,뚜르뒤오물랭,샤토 투르 뒤 오 물랭,1,Chateau Tour du Haut-Moulin,Chateau Tour du Haut-Moulin,,두르뒤ᅩ무ᄅ렝,tour du hautmoulin,13,,alias,
pro01609,producer,투르 뒤 오 물랭,샤토 투르 뒤 오 물랭,1,Chateau Tour du Haut-Moulin,Chateau Tour du Haut-Moulin,,두르뒤ᅩ무ᄅ렝,tour du hautmoulin,13,Bordeaux,stripped,
pro01608,producer,샤토 투르 오 코상,샤토 투르 오 코상,0,Chateau Tour Haut-Caussan,Chateau Tour Haut-Caussan,,사도두르ᅩ고상,tour hautcaussan,14,Bordeaux,producer,
pro01608,producer,투르 오 코상,샤토 투르 오 코상,1,Chateau Tour Haut-Caussan,Chateau Tour Haut-Caussan,,두르ᅩ고상,tour hautcaussan,10,Bordeaux,stripped,
pro01611,producer,샤토 트로타누아,샤토 트로타누아,0,Chateau Trotanoy,Chateau Trotanoy,,사도드로다누ᅡ,trotanoy,13,Bordeaux,producer,
pro01611,producer,트로타누아,샤토 트로타누아,1,Chateau Trotanoy,Chateau Trotanoy,,드로다누ᅡ,trotanoy,9,Bordeaux,stripped,
pro01612,producer,샤토 트로트 비에유,샤토 트로트 비에유,0,Chateau Trotte Vieille,Chateau Trotte Vieille,,사도드로드비ᅦᅮ,trotte vieille,14,Bordeaux,producer,
pro01612,producer,트로트 비에유,샤토 트로트 비에유,1,Chateau Trotte Vieille,Chateau Trotte Vieille,,드로드비ᅦᅮ,trotte vieille,10,Bordeaux,stripped,
pro01610,producer,샤토 트로플롱 몽도,샤토 트로플롱 몽도,0,Chateau Troplong Mondot,Chateau Troplong Mondot,,사도드로브ᄅ롱몽도,troplong mondot,19,Bordeaux,producer,
pro01610,producer,트로플롱 몽도,샤토 트로플롱 몽도,1,Chateau Troplong Mondot,Chateau Troplong Mondot,,드로브ᄅ롱몽도,troplong mondot,15,Bordeaux,stripped,
pro01574,producer,샤토 파비,샤토 파비,0,Chateau Pavie,Chateau Pavie,,사도바비,pavie,8,Bordeaux,producer,
pro01574,producer,파비,샤토 파비,1,Chateau Pavie,Chateau Pavie,,바비,pavie,4,Bordeaux,stripped,
pro01575,producer,샤토 파비 드세스,샤토 파비 드세스,0,Chateau Pavie-Decesse,Chateau Pavie-Decesse,,사도바비드세스,paviedecesse,14,Bordeaux,producer,
pro01575,producer,파비 드세스,샤토 파비 드세스,1,Chateau Pavie-Decesse,Chateau Pavie-Decesse,,바비드세스,paviedecesse,10,Bordeaux,stripped,
pro01576,producer,샤토 파비 마캥,샤토 파비 마캥,0,Chateau Pavie-Macquin,Chateau Pavie-Macquin,,사도바비마겡,paviemacquin,13,Bordeaux,producer,
pro01576,producer,빠비매깽,샤토 파비 마캥,1,Chateau Pavie-Macquin,Chateau Pavie-Macquin,,바비메겡,paviemacquin,9,,alias,
pro01576,producer,파비 마캉,샤토 파비 마캥,1,Chateau Pavie-Macquin,Chateau Pavie-Macquin,,바비마강,paviemacquin,9,,alias,
pro01576,producer,파비 마캥,샤토 파비 마캥,1,Chateau Pavie-Macquin,Chateau Pavie-Macquin,,바비마겡,paviemacquin,9,Bordeaux,stripped,
pro01573,producer,샤토 파프 클레망,샤토 파프 클레망,0,Chateau Pape Clement,Chateau Pape Clement,,사도바브그ᄅ레망,pape clement,16,Bordeaux,producer,
pro01573,producer,파프 클레망,샤토 파프 클레망,1,Chateau Pape Clement,Chateau Pape Clement,,바브그ᄅ레망,pape clement,12,Bordeaux,stripped,
pro01572,producer,샤토 팔머,샤토 팔머,0,Chateau Palmer,Chateau Palmer,,사도바ᄅ머,palmer,9,Bordeaux,producer,
pro01572,producer,빨메,샤토 팔머,1,Chateau Palmer,Chateau Palmer,,바ᄅ메,palmer,5,,alias,
pro01572,producer,샤또 빨메,샤토 팔머,1,Chateau Palmer,Chateau Palmer,,사도바ᄅ메,palmer,9,,alias,
pro01572,producer,샤또 팔머,샤토 팔머,1,Chateau Palmer,Chateau Palmer,,사도바ᄅ머,palmer,9,,alias,
pro01572,producer,팔머,샤토 팔머,1,Chateau Palmer,Chateau Palmer,,바ᄅ머,palmer,5,Bordeaux,stripped,
pro01577,producer,샤토 페데스클로,샤토 페데스클로,0,Chateau Pedesclaux,Chateau Pedesclaux,,사도베데스그ᄅ로,pedesclaux,15,,producer,
pro01577,producer,샤토 뼤이르 라보리,샤토 페데스클로,1,Chateau Pedesclaux,Chateau Pedesclaux,,사도베ᅵ르라보리,pedesclaux,15,,alias,
pro01577,producer,페데스클로,샤토 페데스클로,1,Chateau Pedesclaux,Chateau Pedesclaux,,베데스그ᄅ로,pedesclaux,11,,stripped,
pro01577,producer,뼤이르 라보리,샤토 페데스클로,1,Chateau Pedesclaux,Chateau Pedesclaux,,베ᅵ르라보리,pedesclaux,11,,stripped,
pro01479,producer,샤토 페랑 라르티그,샤토 페랑 라르티그,0,Chateau Ferrand-Lartigue,Chateau Ferrand-Lartigue,,사도베랑라르디그,ferrandlartigue,17,Bordeaux,producer,
pro01479,producer,페랑 라르티그,샤토 페랑 라르티그,1,Chateau Ferrand-Lartigue,Chateau Ferrand-Lartigue,,베랑라르디그,ferrandlartigue,13,Bordeaux,stripped,
pro01480,producer,샤토 페리에르,샤토 페리에르,0,Chateau Ferriere,Chateau Ferriere,,사도베리ᅦ르,ferriere,11,,producer,
pro01480,producer,페리에르,샤토 페리에르,1,Chateau Ferriere,Chateau Ferriere,,베리ᅦ르,ferriere,7,,stripped,
pro01579,producer,샤토 펠랑 세귀르,샤토 펠랑 세귀르,0,Chateau Phelan Segur,Chateau Phelan Segur,,사도베ᄅ랑세귀르,phelan segur,16,,producer,
pro01579,producer,펠랑 세귀르,샤토 펠랑 세귀르,1,Chateau Phelan Segur,Chateau Phelan Segur,,베ᄅ랑세귀르,phelan segur,12,,stripped,
pro01478,producer,샤토 포제르,샤토 포제르,0,Chateau Faugeres,Chateau Faugeres,,사도보제르,faugeres,10,Bordeaux,producer,
pro01478,producer,포제르,샤토 포제르,1,Chateau Faugeres,Chateau Faugeres,,보제르,faugeres,6,Bordeaux,stripped,
pro01584,producer,샤토 포탕삭,샤토 포탕삭,0,Chateau Potensac,Chateau Potensac,,사도보당사ᄀ,potensac,12,Bordeaux,producer,
pro01584,producer,포탕싹,샤토 포탕삭,1,Chateau Potensac,Chateau Potensac,,보당사ᄀ,potensac,8,,alias,
pro01584,producer,포탕삭,샤토 포탕삭,1,Chateau Potensac,Chateau Potensac,,보당사ᄀ,potensac,8,Bordeaux,stripped,
pro01583,producer,샤토 퐁테 카네,샤토 퐁테 카네,0,Chateau Pontet-Canet,Chateau Pontet-Canet,,사도봉데가네,pontetcanet,13,Bordeaux,producer,
pro01583,producer,뽕떼까네,샤토 퐁테 카네,1,Chateau Pontet-Canet,Chateau Pontet-Canet,,봉데가네,pontetcanet,9,,alias,
pro01583,producer,퐁테 카네,샤토 퐁테 카네,1,Chateau Pontet-Canet,Chateau Pontet-Canet,,봉데가네,pontetcanet,9,Bordeaux,stripped,
pro01482,producer,샤토 퐁트닐,샤토 퐁트닐,0,Chateau Fontenil,Chateau Fontenil,,사도봉드니ᄅ,fontenil,12,Bordeaux,producer,
pro01482,producer,퐁트닐,샤토 퐁트닐,1,Chateau Fontenil,Chateau Fontenil,,봉드니ᄅ,fontenil,8,Bordeaux,stripped,
pro01483,producer,샤토 푸르카 루바네,샤토 푸르카 루바네,0,Chateau Fourcas-Loubaney,Chateau Fourcas-Loubaney,,사도부르가루바네,fourcasloubaney,16,Bordeaux,producer,
pro01483,producer,푸르카 루바네,샤토 푸르카 루바네,1,Chateau Fourcas-Loubaney,Chateau Fourcas-Loubaney,,부르가루바네,fourcasloubaney,12,Bordeaux,stripped,
pro01585,producer,샤토 푸제,샤토 푸제,0,Chateau Pouget,Chateau Pouget,,사도부제,pouget,8,,producer,
pro01585,producer,푸제,샤토 푸제,1,Chateau Pouget,Chateau Pouget,,부제,pouget,4,,stripped,
pro01586,producer,샤토 푸조,샤토 푸조,0,Chateau Poujeaux,Chateau Poujeaux,,사도부조,poujeaux,8,Bordeaux,producer,
pro01586,producer,뿌조,샤토 푸조,1,Chateau Poujeaux,Chateau Poujeaux,,부조,poujeaux,4,,alias,
pro01586,producer,푸조,샤토 푸조,1,Chateau Poujeaux,Chateau Poujeaux,,부조,poujeaux,4,Bordeaux,stripped,
pro01587,producer,샤토 프리외레 리신,샤토 프리외레 리신,0,Chateau Prieure-Lichine,Chateau Prieure-Lichine,,사도브리ᅰ레리시ᄂ,prieurelichine,16,Bordeaux,producer,
pro01587,producer,프리외레 리쉰,샤토 프리외레 리신,1,Chateau Prieure-Lichine,Chateau Prieure-Lichine,,브리ᅰ레리쉬ᄂ,prieurelichine,12,,alias,
pro01587,producer,프리외레 리신,샤토 프리외레 리신,1,Chateau Prieure-Lichine,Chateau Prieure-Lichine,,브리ᅰ레리시ᄂ,prieurelichine,12,Bordeaux,stripped,
pro01578,producer,샤토 프티 빌라주,샤토 프티 빌라주,0,Chateau Petit-Village,Chateau Petit-Village,,사도브디비ᄅ라주,petitvillage,15,Bordeaux,producer,
pro01578,producer,프티 빌라주,샤토 프티 빌라주,1,Chateau Petit-Village,Chateau Petit-Village,,브디비ᄅ라주,petitvillage,11,Bordeaux,stripped,
pro01580,producer,샤토 피숑 라랑드,샤토 피숑 라랑드,0,Chateau Pichon Lalande,Chateau Pichon Lalande,,사도비송라랑드,pichon lalande,16,Bordeaux,producer,
pro01580,producer,피숑 라랑드,샤토 피숑 라랑드,1,Chateau Pichon Lalande,Chateau Pichon Lalande,,비송라랑드,pichon lalande,12,Bordeaux,stripped,
pro01582,producer,샤토 피숑 롱그빌 바롱,샤토 피숑 롱그빌 바롱,0,Chateau Pichon-Longueville Baron,Chateau Pichon-Longueville Baron,,사도비송롱그비ᄅ바롱,pichonlongueville baron,22,Bordeaux,producer,
pro01582,producer,피숑 바롱,샤토 피숑 롱그빌 바롱,1,Chateau Pichon-Longueville Baron,Chateau Pichon-Longueville Baron,,비송바롱,pichonlongueville baron,10,,alias,
pro01582,producer,샤토 피숑 롱그빌 바통,샤토 피숑 롱그빌 바롱,1,Chateau Pichon-Longueville Baron,Chateau Pichon-Longueville Baron,,사도비송롱그비ᄅ바동,pichonlongueville baron,22,,alias,
pro01582,producer,피숑 롱그빌 바롱,샤토 피숑 롱그빌 바롱,1,Chateau Pichon-Longueville Baron,Chateau Pichon-Longueville Baron,,비송롱그비ᄅ바롱,pichonlongueville baron,18,Bordeaux,stripped,
pro01582,producer,피숑 롱그빌 바통,샤토 피숑 롱그빌 바롱,1,Chateau Pichon-Longueville Baron,Chateau Pichon-Longueville Baron,,비송롱그비ᄅ바동,pichonlongueville baron,18,,stripped,
pro01581,producer,샤토 피숑 롱그빌 콩테스 드 랄랑드,샤토 피숑 롱그빌 콩테스 드 랄랑드,0,Chateau Pichon Longueville Comtesse de Lalande,Chateau Pichon Longueville Comtesse de Lalande,,사도비송롱그비ᄅ공데스드라ᄅ랑드,pichon longueville comtesse de lalande,34,Bordeaux,producer,
pro01581,producer,히뽀,샤토 피숑 롱그빌 콩테스 드 랄랑드,1,Chateau Pichon Longueville Comtesse de Lalande,Chateau Pichon Longueville Comtesse de Lalande,,히보,pichon longueville comtesse de lalande,4,,alias,
pro01581,producer,피숑 라랑드,샤토 피숑 롱그빌 콩테스 드 랄랑드,1,Chateau Pichon Longueville Comtesse de Lalande,Chateau Pichon Longueville Comtesse de Lalande,,비송라랑드,pichon longueville comtesse de lalande,12,,alias,
pro01581,producer,피숑 콩테스,샤토 피숑 롱그빌 콩테스 드 랄랑드,1,Chateau Pichon Longueville Comtesse de Lalande,Chateau Pichon Longueville Comtesse de Lalande,,비송공데스,pichon longueville comtesse de lalande,12,,alias,
pro01581,producer,샤토 피숑 롱그빌 콩테스 드 라랑드,샤토 피숑 롱그빌 콩테스 드 랄랑드,1,Chateau Pichon Longueville Comtesse de Lalande,Chateau Pichon Longueville Comtesse de Lalande,,사도비송롱그비ᄅ공데스드라랑드,pichon longueville comtesse de lalande,33,,alias,
pro01581,producer,피숑 롱그빌 콩테스 드 랄랑드,샤토 피숑 롱그빌 콩테스 드 랄랑드,1,Chateau Pichon Longueville Comtesse de Lalande,Chateau Pichon Longueville Comtesse de Lalande,,비송롱그비ᄅ공데스드라ᄅ랑드,pichon longueville comtesse de lalande,30,Bordeaux,stripped,
pro01581,producer,피숑 롱그빌 콩테스 드 라랑드,샤토 피숑 롱그빌 콩테스 드 랄랑드,1,Chateau Pichon Longueville Comtesse de Lalande,Chateau Pichon Longueville Comtesse de Lalande,,비송롱그비ᄅ공데스드라랑드,pichon longueville comtesse de lalande,29,,stripped,
pro01481,producer,샤토 피작,샤토 피작,0,Chateau Figeac,Chateau Figeac,,사도비자ᄀ,figeac,9,Bordeaux,producer,
pro01481,producer,샤토 피자크,샤토 피작,1,Chateau Figeac,Chateau Figeac,,사도비자그,figeac,10,,alias,
pro01481,producer,피작,샤토 피작,1,Chateau Figeac,Chateau Figeac,,비자ᄀ,figeac,5,Bordeaux,stripped,
pro01481,producer,피자크,샤토 피작,1,Chateau Figeac,Chateau Figeac,,비자그,figeac,6,,stripped,
pro01427,producer,샤푸티에,샤푸티에,0,Chapoutier,Chapoutier,,사부디ᅦ,chapoutier,7,France,producer,
pro01427,producer,샤푸띠에,샤푸티에,1,Chapoutier,Chapoutier,,사부디ᅦ,chapoutier,7,,alias,
pro01428,producer,샤푸티에 벨르뤼슈,샤푸티에 벨르뤼슈,0,Chapoutier Belleruche,Chapoutier Belleruche,,사부디ᅦ베ᄅ르뤼수,chapoutier belleruche,16,France,producer,
pro01426,producer,샹송,샹송,0,Chanson,Chanson,,상송,chanson,6,France,producer,
pro02192,producer,세게시오,세게시오,0,Seghesio,Seghesio,,세게시ᅩ,seghesio,7,New World,producer,
pro02193,producer,세구라 비우다스,세구라 비우다스,0,Segura Viudas,Segura Viudas,,세구라비ᅮ다스,segura viudas,13,Iberia,producer,
pro02193,producer,산토스 브뤼 카바,세구라 비우다스,1,Segura Viudas,Segura Viudas,,사ᄂ도스브뤼가바,segura viudas,15,,alias,
pro02196,producer,세냐,세냐,0,Sena,Sena,,세나,sena,4,South America,producer,
pro02198,producer,세레신,세레신,0,Seresin,Seresin,,세레시ᄂ,seresin,7,New World,producer,
pro02217,producer,세인트 할렛,세인트 할렛,0,St Hallett,St Hallett,,세ᅵᄂ드하ᄅ레ᄉ,st hallett,12,New World,producer,
pro02199,producer,세테솔리,세테솔리,0,Settesoli,Settesoli,,세데소ᄅ리,settesoli,9,Italy,producer,
pro02195,producer,셀라 & 모스카,셀라 & 모스카,0,Sella & Mosca,Sella & Mosca,,세ᄅ라&모스가,sella mosca,12,Italy,producer,
pro02222,producer,셉시,셉시,0,Szepsy,Szepsy,,세ᄇ시,szepsy,5,Germany/Austria,producer,
pro02200,producer,셰이퍼 빈야드,셰이퍼 빈야드,0,Shafer Vineyards,Shafer Vineyards,,세ᅵ버비나드,shafer vineyards,11,USA,producer,
pro02184,producer,셰퍼 프뢸리히,셰퍼 프뢸리히,0,Schafer-Frohlich,Schafer-Frohlich,,세버브뤠ᄅ리히,schaferfrohlich,13,Germany/Austria,producer,
pro02211,producer,소노마 커트러,소노마 커트러,0,Sonoma-Cutrer,Sonoma-Cutrer,,소노마거드러,sonomacutrer,12,USA,producer,
pro02212,producer,소리 산 로렌초,소리 산 로렌초,0,Sori San Lorenzo,Sori San Lorenzo,,소리사ᄂ로레ᄂ조,sori san lorenzo,14,,producer,
pro02213,producer,소리 틸딘,소리 틸딘,0,Sori Tildin,Sori Tildin,,소리디ᄅ디ᄂ,sori tildin,10,,producer,
pro02210,producer,솔데라,솔데라,0,Soldera,Soldera,,소ᄅ데라,soldera,7,Italy,producer,
pro02209,producer,솔라이아,솔라이아,0,Solaia,Solaia,,소ᄅ라ᅵᅡ,solaia,7,Italy,producer,
pro02201,producer,쇼 앤 스미스,쇼 앤 스미스,0,Shaw + Smith,Shaw + Smith,,소ᅦᄂ스미스,shaw smith,10,New World,producer,
pro02221,producer,수사나 발보,수사나 발보,0,Susana Balbo,Susana Balbo,,수사나바ᄅ보,susana balbo,11,South America,producer,
pro02327,producer,수카르디,수카르디,0,Zuccardi,Zuccardi,,수가르디,zuccardi,8,South America,producer,
pro01627,producer,슈발 데 안데스,슈발 데 안데스,0,Cheval des Andes,Cheval des Andes,,수바ᄅ데ᅡᄂ데스,cheval des andes,13,South America,producer,
pro02186,producer,슐로스 고벨스부르크,슐로스 고벨스부르크,0,Schloss Gobelsburg,Schloss Gobelsburg,,수ᄅ로스고베ᄅ스부르그,schloss gobelsburg,20,Germany/Austria,producer,
pro02187,producer,슐로스 요하니스베르크,슐로스 요하니스베르크,0,Schloss Johannisberg,Schloss Johannisberg,,수ᄅ로스ᅩ하니스베르그,schloss johannisberg,20,Germany/Austria,producer,
pro02187,producer,요한니스베르크,슐로스 요하니스베르크,1,Schloss Johannisberg,Schloss Johannisberg,,ᅩ하ᄂ니스베르그,schloss johannisberg,14,,alias,
pro02188,producer,슐로스베르크,슐로스베르크,0,Schlossberg,Schlossberg,,수ᄅ로스베르그,schlossberg,13,,producer,
pro02208,producer,스칼리,스칼리,0,Skalli,Skalli,,스가ᄅ리,skalli,7,France,producer,
pro02183,producer,스케어크로,스케어크로,0,Scarecrow,Scarecrow,,스게ᅥ그로,scarecrow,9,USA,producer,
pro02189,producer,스크리밍 이글,스크리밍 이글,0,Screaming Eagle,Screaming Eagle,,스그리밍ᅵ그ᄅ,screaming eagle,13,USA,producer,
pro02189,producer,스크리밍이글,스크리밍 이글,1,Screaming Eagle,Screaming Eagle,,스그리밍ᅵ그ᄅ,screaming eagle,13,,alias,
pro02190,producer,스크리오,스크리오,0,Scrio,Scrio,,스그리ᅩ,scrio,7,,producer,
pro02218,producer,스택스 립,스택스 립,0,Stag's Leap,Stag's Leap,,스데ᄀ스리ᄇ,stags leap,10,USA,producer,
pro02219,producer,스택스 립 와인 셀러,스택스 립 와인 셀러,0,Stag's Leap Cellars,Stag's Leap Cellars,,스데ᄀ스리봐ᅵᄂ세ᄅ러,stags leap cellars,18,USA,producer,
pro02219,producer,스탁스 립 와인 셀라,스택스 립 와인 셀러,1,Stag's Leap Cellars,Stag's Leap Cellars,,스다ᄀ스리봐ᅵᄂ세ᄅ라,stags leap cellars,18,,alias,
pro02220,producer,스털링 빈야드,스털링 빈야드,0,Sterling Vineyards,Sterling Vineyards,,스더ᄅ링비나드,sterling vineyards,14,New World,producer,
pro02214,producer,스페셜 셀렉션,스페셜 셀렉션,0,Special Selection,Special Selection,,스베서ᄅ세ᄅ레ᄀ서ᄂ,special selection,16,,producer,
pro02216,producer,스포츠우드,스포츠우드,0,Spottswoode,Spottswoode,,스보즈ᅮ드,spottswoode,9,USA,producer,
pro02215,producer,스피어,스피어,0,Spier,Spier,,스비ᅥ,spier,5,New World,producer,
pro02191,producer,시 스모크,시 스모크,0,Sea Smoke,Sea Smoke,,시스모그,sea smoke,8,USA,producer,
pro02207,producer,시로 파첸티,시로 파첸티,0,Siro Pacenti,Siro Pacenti,,시로바제ᄂ디,siro pacenti,11,,producer,
pro02206,producer,시몬시흐,시몬시흐,0,Simonsig,Simonsig,,시모ᄂ시흐,simonsig,9,New World,producer,
pro02205,producer,시미,시미,0,Simi,Simi,,시미,simi,4,New World,producer,
pro02202,producer,시셸,시셸,0,Sichel,Sichel,,시세ᄅ,sichel,5,France,producer,
pro02203,producer,실버 오크,실버 오크,0,Silver Oak,Silver Oak,,시ᄅ버ᅩ그,silver oak,8,USA,producer,
pro02204,producer,실버라도,실버라도,0,Silverado,Silverado,,시ᄅ버라도,silverado,9,New World,producer,
pro01283,producer,아 마노,아 마노,0,A Mano,A Mano,,ᅡ마노,a mano,5,Italy,producer,
pro01289,producer,아그라파르,아그라파르,0,Agrapart,Agrapart,,ᅡ그라바르,agrapart,9,Champagne,producer,
pro01303,producer,아나케나,아나케나,0,Anakena,Anakena,,ᅡ나게나,anakena,7,South America,producer,
pro01287,producer,아다미,아다미,0,Adami,Adami,,ᅡ다미,adami,5,Italy,producer,
pro01288,producer,아드리아나 비녜도,아드리아나 비녜도,0,Adrianna Vineyard,Adrianna Vineyard,,ᅡ드리ᅡ나비네도,adrianna vineyard,14,,producer,
pro01314,producer,아르곤,아르곤,0,Argonne,Argonne,,ᅡ르고ᄂ,argonne,6,,producer,
pro01315,producer,아르망 드 브리냑,아르망 드 브리냑,0,Armand de Brignac,Armand de Brignac,,ᅡ르망드브리나ᄀ,armand de brignac,15,Champagne,producer,
pro01317,producer,아르수아가,아르수아가,0,Arzuaga,Arzuaga,,ᅡ르수ᅡ가,arzuaga,8,Iberia,producer,
pro01312,producer,아르지아노,아르지아노,0,Argiano,Argiano,,ᅡ르지ᅡ노,argiano,8,Italy,producer,
pro01313,producer,아르지올라스,아르지올라스,0,Argiolas,Argiolas,,ᅡ르지ᅩᄅ라스,argiolas,11,Italy,producer,
pro01316,producer,아르타디,아르타디,0,Artadi,Artadi,,ᅡ르다디,artadi,7,Iberia,producer,
pro01311,producer,아르헨토,아르헨토,0,Argento,Argento,,ᅡ르헤ᄂ도,argento,8,South America,producer,
pro01302,producer,아멜리아,아멜리아,0,Amelia,Amelia,,ᅡ메ᄅ리ᅡ,amelia,7,South America,producer,
pro01285,producer,아바디아 레투에르타,아바디아 레투에르타,0,Abadia Retuerta,Abadia Retuerta,,ᅡ바디ᅡ레두ᅦ르다,abadia retuerta,15,Iberia,producer,
pro01323,producer,아벨레다,아벨레다,0,Aveleda,Aveleda,,ᅡ베ᄅ레다,aveleda,8,Iberia,producer,
pro01318,producer,아스트롤라베,아스트롤라베,0,Astrolabe,Astrolabe,,ᅡ스드로ᄅ라베,astrolabe,12,New World,producer,
pro01286,producer,아차발 페레르,아차발 페레르,0,Achaval-Ferrer,Achaval-Ferrer,,ᅡ자바ᄅ베레르,achavalferrer,12,South America,producer,
pro01286,producer,아샤발 페레,아차발 페레르,1,Achaval-Ferrer,Achaval-Ferrer,,ᅡ사바ᄅ베레,achavalferrer,10,,alias,
pro01319,producer,아타 랑기,아타 랑기,0,Ata Rangi,Ata Rangi,,ᅡ다랑기,ata rangi,8,Oceania/SA,producer,
pro01309,producer,아팔타구아,아팔타구아,0,Apaltagua,Apaltagua,,ᅡ바ᄅ다구ᅡ,apaltagua,9,South America,producer,
pro01310,producer,아포틱,아포틱,0,Apothic,Apothic,,ᅡ보디ᄀ,apothic,6,New World,producer,
pro01306,producer,안나 데 코도르니우,안나 데 코도르니우,0,Anna de Codorniu,Anna de Codorniu,,ᅡᄂ나데고도르니ᅮ,anna de codorniu,15,Iberia,producer,
pro01304,producer,안카라니,안카라니,0,Ancarani,Ancarani,,ᅡᄂ가라니,ancarani,8,Italy,producer,
pro01307,producer,안티노리,안티노리,0,Antinori,Antinori,,ᅡᄂ디노리,antinori,8,Italy,producer,
pro01307,producer,안띠노리,안티노리,1,Antinori,Antinori,,ᅡᄂ디노리,antinori,8,,alias,
pro01293,producer,알도 콘테르노,알도 콘테르노,0,Aldo Conterno,Aldo Conterno,,ᅡᄅ도고ᄂ데르노,aldo conterno,13,Italy,producer,
pro01291,producer,알라모스,알라모스,0,Alamos,Alamos,,ᅡᄅ라모스,alamos,8,South America,producer,
pro01290,producer,알랭 그라이요,알랭 그라이요,0,Alain Graillot,Alain Graillot,,ᅡᄅ렝그라ᅵᅩ,alain graillot,11,France,producer,
pro01294,producer,알레그리니,알레그리니,0,Allegrini,Allegrini,,ᅡᄅ레그리니,allegrini,10,Italy,producer,
pro01296,producer,알로이스 라게더,알로이스 라게더,0,Alois Lageder,Alois Lageder,,ᅡᄅ로ᅵ스라게더,alois lageder,13,Italy,producer,
pro01295,producer,알마비바,알마비바,0,Almaviva,Almaviva,,ᅡᄅ마비바,almaviva,8,South America,producer,
pro01300,producer,알바로 팔라시오스,알바로 팔라시오스,0,Alvaro Palacios,Alvaro Palacios,,ᅡᄅ바로바ᄅ라시ᅩ스,alvaro palacios,16,Iberia,producer,
pro01292,producer,알베르 비쇼,알베르 비쇼,0,Albert Bichot,Albert Bichot,,ᅡᄅ베르비소,albert bichot,10,Burgundy,producer,
pro01301,producer,알칭거,알칭거,0,Alzinger,Alzinger,,ᅡᄅ징거,alzinger,7,Germany/Austria,producer,
pro01298,producer,알테르 에고 드 팔머,알테르 에고 드 팔머,0,Alter Ego de Palmer,Alter Ego de Palmer,,ᅡᄅ데르ᅦ고드바ᄅ머,alter ego de palmer,16,,producer,
pro01298,producer,알테 에고,알테르 에고 드 팔머,1,Alter Ego de Palmer,Alter Ego de Palmer,,ᅡᄅ데ᅦ고,alter ego de palmer,7,,alias,
pro01298,producer,알테 에고 드 팔머,알테르 에고 드 팔머,1,Alter Ego de Palmer,Alter Ego de Palmer,,ᅡᄅ데ᅦ고드바ᄅ머,alter ego de palmer,14,,alias,
pro01299,producer,알테시노,알테시노,0,Altesino,Altesino,,ᅡᄅ데시노,altesino,8,,producer,
pro01284,producer,알토,알토,0,Aalto,Aalto,,ᅡᄅ도,aalto,4,Iberia,producer,
pro01297,producer,알퐁스 멜로,알퐁스 멜로,0,Alphonse Mellot,Alphonse Mellot,,ᅡᄅ봉스메ᄅ로,alphonse mellot,12,France,producer,
pro01878,producer,앙리 부르주아,앙리 부르주아,0,Henri Bourgeois,Henri Bourgeois,,ᅡᆼ리부르주ᅡ,henri bourgeois,11,France,producer,
pro01880,producer,앙리 자이에,앙리 자이에,0,Henri Jayer,Henri Jayer,,ᅡᆼ리자ᅵᅦ,henri jayer,8,,producer,
pro01879,producer,앙리 지로,앙리 지로,0,Henri Giraud,Henri Giraud,,ᅡᆼ리지로,henri giraud,8,,producer,
pro01881,producer,앙리오,앙리오,0,Henriot,Henriot,,ᅡᆼ리ᅩ,henriot,5,Champagne,producer,
pro01308,producer,앙토냉 로데,앙토냉 로데,0,Antonin Rodet,Antonin Rodet,,ᅡᆼ도넹로데,antonin rodet,11,France,producer,
pro01305,producer,앤젤스 셰어,앤젤스 셰어,0,Angel's Share,Angel's Share,,ᅦᄂ제ᄅ스세ᅥ,angels share,10,,producer,
pro02318,producer,야라 예링,야라 예링,0,Yarra Yering,Yarra Yering,,ᅡ라ᅦ링,yarra yering,7,Oceania/SA,producer,
pro02317,producer,얄룸바,얄룸바,0,Yalumba,Yalumba,,ᅡᄅ루ᄆ바,yalumba,7,Oceania/SA,producer,
pro01782,producer,에곤 뮐러,에곤 뮐러,0,Egon Muller,Egon Muller,,ᅦ고ᄂ뮈ᄅ러,egon muller,9,Germany/Austria,producer,
pro01782,producer,에곤 뮬러,에곤 뮐러,1,Egon Muller,Egon Muller,,ᅦ고ᄂ무ᄅ러,egon muller,9,,alias,
pro01781,producer,에글리 우리에,에글리 우리에,0,Egly-Ouriet,Egly-Ouriet,,ᅦ그ᄅ리ᅮ리ᅦ,eglyouriet,10,Champagne,producer,
pro01793,producer,에나테,에나테,0,Enate,Enate,,ᅦ나데,enate,5,Iberia,producer,
pro01780,producer,에드나 밸리 빈야드,에드나 밸리 빈야드,0,Edna Valley Vineyard,Edna Valley Vineyard,,ᅦ드나베ᄅ리비나드,edna valley vineyard,16,New World,producer,
pro01798,producer,에라주리스 돈 맥심,에라주리스 돈 맥심,0,Errazuriz Don Maximiano,Errazuriz Don Maximiano,,ᅦ라주리스도ᄂ메ᄀ시ᄆ,errazuriz don maximiano,18,,alias,
pro01797,producer,에라주리즈,에라주리즈,0,Errazuriz,Errazuriz,,ᅦ라주리즈,errazuriz,9,South America,producer,
pro01796,producer,에로이카,에로이카,0,Eroica,Eroica,,ᅦ로ᅵ가,eroica,6,USA,producer,
pro01884,producer,에르다드 두 에스포랑,에르다드 두 에스포랑,0,Herdade Esporao,Herdade Esporao,DO,ᅦ르다드두ᅦ스보랑,herdade esporao,17,Iberia,producer,
pro01795,producer,에르데너 프렐라트,에르데너 프렐라트,0,Erdener Pralat,Erdener Pralat,,ᅦ르데너브레ᄅ라드,erdener pralat,16,,producer,
pro01885,producer,에르미타주 라 샤펠,에르미타주 라 샤펠,0,Hermitage La Chapelle,Hermitage La Chapelle,,ᅦ르미다주라사베ᄅ,hermitage la chapelle,16,,producer,
pro01792,producer,에메리히 크놀,에메리히 크놀,0,Emmerich Knoll,Emmerich Knoll,,ᅦ메리히그노ᄅ,emmerich knoll,12,Germany/Austria,producer,
pro01789,producer,에밀리아나,에밀리아나,0,Emiliana,Emiliana,,ᅦ미ᄅ리ᅡ나,emiliana,9,South America,producer,
pro01790,producer,에밀리오 모로,에밀리오 모로,0,Emilio Moro,Emilio Moro,,ᅦ미ᄅ리ᅩ모로,emilio moro,11,Iberia,producer,
pro01800,producer,에스탄시아,에스탄시아,0,Estancia,Estancia,,ᅦ스다ᄂ시ᅡ,estancia,9,New World,producer,
pro01799,producer,에스포랑,에스포랑,0,Esporao,Esporao,,ᅦ스보랑,esporao,8,Iberia,producer,
pro01794,producer,에올로 말벡,에올로 말벡,0,Eolo Malbec,Eolo Malbec,,ᅦᅩᄅ로마ᄅ베ᄀ,eolo malbec,11,,producer,
pro01801,producer,에프엑스 피클러,에프엑스 피클러,0,F.X. Pichler,F.X. Pichler,,ᅦ브ᅦᄀ스비그ᄅ러,f x pichler,14,Germany/Austria,producer,
pro01785,producer,엘 니도,엘 니도,0,El Nido,El Nido,,ᅦᄅ니도,el nido,6,Iberia,producer,
pro01784,producer,엘 에네미고,엘 에네미고,0,El Enemigo,El Enemigo,,ᅦ레네미고,el enemigo,9,South America,producer,
pro01783,producer,엘 코토,엘 코토,0,El Coto,El Coto,,ᅦᄅ고도,el coto,6,Iberia,producer,
pro01786,producer,엘더튼,엘더튼,0,Elderton,Elderton,,ᅦᄅ더드ᄂ,elderton,7,New World,producer,
pro01787,producer,엘레나 발흐,엘레나 발흐,0,Elena Walch,Elena Walch,,ᅦᄅ레나바ᄅ흐,elena walch,11,Italy,producer,
pro01788,producer,엘리오 알타레,엘리오 알타레,0,Elio Altare,Elio Altare,,ᅦᄅ리ᅩᅡᄅ다레,elio altare,11,Italy,producer,
pro01989,producer,엠 샤푸티에,엠 샤푸티에,0,M. Chapoutier,M. Chapoutier,,ᅦᄆ사부디ᅦ,m chapoutier,9,France,producer,
pro01791,producer,엠마뉘엘 루제,엠마뉘엘 루제,0,Emmanuel Rouget,Emmanuel Rouget,,ᅦᄆ마뉘ᅦᄅ루제,emmanuel rouget,12,,producer,
pro01906,producer,예르만,예르만,0,Jermann,Jermann,,ᅦ르마ᄂ,jermann,6,Italy,producer,
pro02320,producer,옐로우 테일,옐로우 테일,0,Yellow Tail,Yellow Tail,,ᅦᄅ로ᅮ데ᅵᄅ,yellow tail,9,New World,producer,
pro02320,producer,옐로테일,옐로우 테일,1,Yellow Tail,Yellow Tail,,ᅦᄅ로데ᅵᄅ,yellow tail,8,,alias,
pro02320,producer,옐로우테일,옐로우 테일,1,Yellow Tail,Yellow Tail,,ᅦᄅ로ᅮ데ᅵᄅ,yellow tail,9,,alias,
pro01320,producer,오 봉 클리마,오 봉 클리마,0,Au Bon Climat,Au Bon Climat,,ᅩ봉그ᄅ리마,au bon climat,11,USA,producer,
pro02072,producer,오레무스,오레무스,0,Oremus,Oremus,,ᅩ레무스,oremus,7,Germany/Austria,producer,
pro02074,producer,오르넬라이아,오르넬라이아,0,Ornellaia,Ornellaia,,ᅩ르네ᄅ라ᅵᅡ,ornellaia,10,Italy,producer,
pro02074,producer,오르넬라야,오르넬라이아,1,Ornellaia,Ornellaia,,ᅩ르네ᄅ라ᅡ,ornellaia,9,,alias,
pro02073,producer,오린 스위프트,오린 스위프트,0,Orin Swift,Orin Swift,,ᅩ리ᄂ스ᅱ브드,orin swift,11,USA,producer,
pro01321,producer,오베르,오베르,0,Aubert,Aubert,,ᅩ베르,aubert,5,USA,producer,
pro02075,producer,오스본,오스본,0,Osborne,Osborne,,ᅩ스보ᄂ,osborne,6,Iberia,producer,
pro01322,producer,오시에르,오시에르,0,Aussieres,Aussieres,,ᅩ시ᅦ르,aussieres,6,France,producer,
pro02076,producer,오이스터 베이,오이스터 베이,0,Oyster Bay,Oyster Bay,,ᅩᅵ스더베ᅵ,oyster bay,9,Oceania/SA,producer,
pro02076,producer,오이스터베이,오이스터 베이,1,Oyster Bay,Oyster Bay,,ᅩᅵ스더베ᅵ,oyster bay,9,,alias,
pro02071,producer,오퍼스 원,오퍼스 원,0,Opus One,Opus One,,ᅩ버스ᅯᄂ,opus one,7,USA,producer,
pro02071,producer,오퍼스원,오퍼스 원,1,Opus One,Opus One,,ᅩ버스ᅯᄂ,opus one,7,,alias,
pro02071,producer,오푸스 원,오퍼스 원,1,Opus One,Opus One,,ᅩ부스ᅯᄂ,opus one,7,,alias,
pro02069,producer,오플리,오플리,0,Offley,Offley,,ᅩ브ᄅ리,offley,6,Iberia,producer,
pro02070,producer,올리비에 르플레브,올리비에 르플레브,0,Olivier Leflaive,Olivier Leflaive,,ᅩᄅ리비ᅦ르브ᄅ레브,olivier leflaive,16,Burgundy,producer,
pro01909,producer,요리오,요리오,0,Jorio,Jorio,,ᅩ리ᅩ,jorio,4,,producer,
pro01907,producer,요한 요제프 프륌,요한 요제프 프륌,0,Joh. Jos. Prum,Joh. Jos. Prum,,ᅩ하노제브브뤼ᄆ,joh jos prum,14,Germany/Austria,producer,
pro02269,producer,우니코,우니코,0,Unico,Unico,,ᅮ니고,unico,5,Iberia,producer,
pro02313,producer,우드브리지,우드브리지,0,Woodbridge,Woodbridge,,ᅮ드브리지,woodbridge,9,New World,producer,
pro02314,producer,우드커터스 쉬라즈,우드커터스 쉬라즈,0,Woodcutter's Shiraz,Woodcutter's Shiraz,,ᅮ드거더스쉬라즈,woodcutters shiraz,15,,producer,
pro02265,producer,우마니 론키,우마니 론키,0,Umani Ronchi,Umani Ronchi,,ᅮ마니로ᄂ기,umani ronchi,10,,producer,
pro02266,producer,우마니 론키 펠레그리노,우마니 론키 펠레그리노,0,Umani Ronchi Pelago,Umani Ronchi Pelago,,ᅮ마니로ᄂ기베ᄅ레그리노,umani ronchi pelago,21,,alias,
pro02267,producer,우마툼,우마툼,0,Umathum,Umathum,,ᅮ마두ᄆ,umathum,6,Germany/Austria,producer,
pro02268,producer,운두라가,운두라가,0,Undurraga,Undurraga,,ᅮᄂ두라가,undurraga,8,South America,producer,
pro02312,producer,울프 블라스,울프 블라스,0,Wolf Blass,Wolf Blass,,ᅮᄅ브브ᄅ라스,wolf blass,11,Oceania/SA,producer,
pro02312,producer,울프블라스,울프 블라스,1,Wolf Blass,Wolf Blass,,ᅮᄅ브브ᄅ라스,wolf blass,11,,alias,
pro02303,producer,워레스,워레스,0,Warre's,Warre's,,ᅯ레스,warres,5,Iberia,producer,
pro02304,producer,워윅,워윅,0,Warwick,Warwick,,ᅯᅱᄀ,warwick,3,New World,producer,
pro02302,producer,웨이크필드,웨이크필드,0,Wakefield,Wakefield,,ᅰᅵ그비ᄅ드,wakefield,9,New World,producer,
pro02306,producer,웬티,웬티,0,Wente,Wente,,ᅰᄂ디,wente,4,New World,producer,
pro02315,producer,윈스,윈스,0,Wynns,Wynns,,ᅱᄂ스,wynns,4,Oceania/SA,producer,
pro02316,producer,윈스 쿠나와라,윈스 쿠나와라,0,Wynns Coonawarra,Wynns Coonawarra,,ᅱᄂ스구나ᅪ라,wynns coonawarra,11,New World,producer,
pro02309,producer,윌리엄 페브르,윌리엄 페브르,0,William Fevre,William Fevre,,ᅱᄅ리ᅥᄆ베브르,william fevre,12,Burgundy,producer,
pro02310,producer,윌리엄스 셀렘,윌리엄스 셀렘,0,Williams Selyem,Williams Selyem,,ᅱᄅ리ᅥᄆ스세ᄅ레ᄆ,williams selyem,14,USA,producer,
pro01893,producer,이니셜,이니셜,0,Initial,Initial,,ᅵ니서ᄅ,initial,6,,producer,
pro02319,producer,이랜즈,이랜즈,0,Yealands,Yealands,,ᅵ레ᄂ즈,yealands,6,New World,producer,
pro02321,producer,이봉 모,이봉 모,0,Yvon Mau,Yvon Mau,,ᅵ봉모,yvon mau,6,France,producer,
pro01895,producer,이솔레 에 올레나,이솔레 에 올레나,0,Isole e Olena,Isole e Olena,,ᅵ소ᄅ레ᅦᅩᄅ레나,isole e olena,13,Italy,producer,
pro01894,producer,인시그니아,인시그니아,0,Insignia,Insignia,,ᅵᄂ시그니ᅡ,insignia,9,USA,producer,
pro01891,producer,일 포조네,일 포조네,0,Il Poggione,Il Poggione,,ᅵᄅ보조네,il poggione,8,Italy,producer,
pro01891,producer,일 포기오네,일 포조네,1,Il Poggione,Il Poggione,,ᅵᄅ보기ᅩ네,il poggione,9,,alias,
pro01892,producer,일루미나티,일루미나티,0,Illuminati,Illuminati,,ᅵᄅ루미나디,illuminati,10,Italy,producer,
pro01898,producer,자불레,자불레,0,Jaboulet,Jaboulet,,자부ᄅ레,jaboulet,7,France,producer,
pro02322,producer,자카니니,자카니니,0,Zaccagnini,Zaccagnini,,자가니니,zaccagnini,8,Italy,producer,
pro01849,producer,자코모 콘테르노,자코모 콘테르노,0,Giacomo Conterno,Giacomo Conterno,,자고모고ᄂ데르노,giacomo conterno,15,Italy,producer,
pro01849,producer,지아코모 콘테르노,자코모 콘테르노,1,Giacomo Conterno,Giacomo Conterno,,지ᅡ고모고ᄂ데르노,giacomo conterno,16,,alias,
pro01850,producer,자콘다,자콘다,0,Giaconda,Giaconda,,자고ᄂ다,giaconda,7,Oceania/SA,producer,
pro01900,producer,자크 셀로스,자크 셀로스,0,Jacques Selosse,Jacques Selosse,,자그세ᄅ로스,jacques selosse,11,Champagne,producer,
pro01900,producer,자크 세로스,자크 셀로스,1,Jacques Selosse,Jacques Selosse,,자그세로스,jacques selosse,10,,alias,
pro01901,producer,자크송,자크송,0,Jacquesson,Jacquesson,,자그송,jacquesson,7,Champagne,producer,
pro01903,producer,장 루이 샤브,장 루이 샤브,0,Jean-Louis Chave,Jean-Louis Chave,,장루ᅵ사브,jeanlouis chave,10,France,producer,
pro01904,producer,장 뤽 콜롱보,장 뤽 콜롱보,0,Jean-Luc Colombo,Jean-Luc Colombo,,장뤼ᄀ고ᄅ롱보,jeanluc colombo,14,France,producer,
pro01905,producer,장 마르크 브로카르,장 마르크 브로카르,0,Jean-Marc Brocard,Jean-Marc Brocard,,장마르그브로가르,jeanmarc brocard,17,Burgundy,producer,
pro01902,producer,장 클로드 부아세,장 클로드 부아세,0,Jean-Claude Boisset,Jean-Claude Boisset,,장그ᄅ로드부ᅡ세,jeanclaude boisset,15,France,producer,
pro02323,producer,제나토,제나토,0,Zenato,Zenato,,제나도,zenato,6,Italy,producer,
pro01847,producer,제라르 베르트랑,제라르 베르트랑,0,Gerard Bertrand,Gerard Bertrand,,제라르베르드랑,gerard bertrand,15,France,producer,
pro01896,producer,제이제이 프륌,제이제이 프륌,0,J.J. Prum,J.J. Prum,,제ᅵ제ᅵ브뤼ᄆ,j j prum,11,Germany/Austria,producer,
pro01899,producer,제이콥스 크릭,제이콥스 크릭,0,Jacob's Creek,Jacob's Creek,,제ᅵ고ᄇ스그리ᄀ,jacobs creek,13,Oceania/SA,producer,
pro01897,producer,제이피 셰네,제이피 셰네,0,J.P. Chenet,J.P. Chenet,,제ᅵ비세네,j p chenet,9,France,producer,
pro02197,producer,제프 모저,제프 모저,0,Sepp Moser,Sepp Moser,,제브모저,sepp moser,8,Germany/Austria,producer,
pro02194,producer,젤바흐 오스터,젤바흐 오스터,0,Selbach-Oster,Selbach-Oster,,제ᄅ바흐ᅩ스더,selbachoster,12,Germany/Austria,producer,
pro02326,producer,조닌,조닌,0,Zonin,Zonin,,조니ᄂ,zonin,5,Italy,producer,
pro02326,producer,쪼닌,조닌,1,Zonin,Zonin,,조니ᄂ,zonin,5,,alias,
pro01908,producer,조던,조던,0,Jordan,Jordan,,조더ᄂ,jordan,5,New World,producer,
pro01846,producer,조르주 뒤뵈프,조르주 뒤뵈프,0,Georges Duboeuf,Georges Duboeuf,,조르주뒤붸브,georges duboeuf,12,Burgundy,producer,
pro01911,producer,조셉 드루앙,조셉 드루앙,0,Joseph Drouhin,Joseph Drouhin,,조세ᄇ드루ᅡᆼ,joseph drouhin,11,Burgundy,producer,
pro01912,producer,조셉 펠프스,조셉 펠프스,0,Joseph Phelps,Joseph Phelps,,조세ᄇ베ᄅ브스,joseph phelps,12,USA,producer,
pro01913,producer,조쉬 셀러,조쉬 셀러,0,Josh Cellars,Josh Cellars,,조쉬세ᄅ러,josh cellars,9,USA,producer,
pro01854,producer,주세페 리날디,주세페 리날디,0,Giuseppe Rinaldi,Giuseppe Rinaldi,,주세베리나ᄅ디,giuseppe rinaldi,13,,producer,
pro01852,producer,주세페 마스카렐로,주세페 마스카렐로,0,Giuseppe Mascarello,Giuseppe Mascarello,,주세베마스가레ᄅ로,giuseppe mascarello,17,Italy,producer,
pro01853,producer,주세페 퀸타렐리,주세페 퀸타렐리,0,Giuseppe Quintarelli,Giuseppe Quintarelli,,주세베귀ᄂ다레ᄅ리,giuseppe quintarelli,16,Italy,producer,
pro01851,producer,지네스테,지네스테,0,Ginestet,Ginestet,,지네스데,ginestet,8,France,producer,
pro02324,producer,지다리치,지다리치,0,Zidarich,Zidarich,,지다리지,zidarich,8,Italy,producer,
pro01425,producer,체레토,체레토,0,Ceretto,Ceretto,,제레도,ceretto,6,Italy,producer,
pro01424,producer,체키,체키,0,Cecchi,Cecchi,,제기,cecchi,4,Italy,producer,
pro01424,producer,체끼,체키,1,Cecchi,Cecchi,,제기,cecchi,4,,alias,
pro02325,producer,츠인트 훔브레히트,츠인트 훔브레히트,0,Zind-Humbrecht,Zind-Humbrecht,,즈ᅵᄂ드후ᄆ브레히드,zindhumbrecht,17,,alias,
pro01629,producer,친자노,친자노,0,Cinzano,Cinzano,,지ᄂ자노,cinzano,7,Italy,producer,
pro01629,producer,친짜노,친자노,1,Cinzano,Cinzano,,지ᄂ자노,cinzano,7,,alias,
pro01628,producer,칠카스,칠카스,0,Chilcas,Chilcas,,지ᄅ가스,chilcas,7,,producer,
pro01392,producer,카 델 보스코,카 델 보스코,0,Ca' del Bosco,Ca' del Bosco,,가데ᄅ보스고,ca del bosco,11,Italy,producer,
pro01391,producer,카 마르칸다,카 마르칸다,0,Ca' Marcanda,Ca' Marcanda,,가마르가ᄂ다,ca marcanda,11,Italy,producer,
pro01918,producer,카논콥,카논콥,0,Kanonkop,Kanonkop,,가노ᄂ고ᄇ,kanonkop,8,Oceania/SA,producer,
pro01919,producer,카논콥 폴 뉴먼,카논콥 폴 뉴먼,0,Kanonkop Paul Sauer,Kanonkop Paul Sauer,,가노ᄂ고ᄇ보ᄅ누머ᄂ,kanonkop paul sauer,16,,alias,
pro01403,producer,카니발 오브 러브,카니발 오브 러브,0,Carnival of Love,Carnival of Love,,가니바로브러브,carnival of love,14,,producer,
pro01404,producer,카니보어,카니보어,0,Carnivor,Carnivor,,가니보ᅥ,carnivor,7,New World,producer,
pro01401,producer,카레,카레,0,Care,Care,,가레,care,4,Iberia,producer,
pro01405,producer,카뤼아드 드 라피트,카뤼아드 드 라피트,0,Carruades de Lafite,Carruades de Lafite,,가뤼ᅡ드드라비드,carruades de lafite,15,,producer,
pro01402,producer,카르멘,카르멘,0,Carmen,Carmen,,가르메ᄂ,carmen,7,South America,producer,
pro01420,producer,카브 드 탱,카브 드 탱,0,Cave de Tain,Cave de Tain,,가브드뎅,cave de tain,9,France,producer,
pro01408,producer,카사 라포스톨,카사 라포스톨,0,Casa Lapostolle,Casa Lapostolle,,가사라보스도ᄅ,lapostolle,13,South America,producer,
pro01409,producer,카사 실바,카사 실바,0,Casa Silva,Casa Silva,,가사시ᄅ바,silva,9,South America,producer,
pro01406,producer,카사 카스티요,카사 카스티요,0,Casa Castillo,Casa Castillo,,가사가스디ᅩ,castillo,11,Iberia,producer,
pro01407,producer,카사 페레이리냐,카사 페레이리냐,0,Casa Ferreirinha,Casa Ferreirinha,,가사베레ᅵ리나,ferreirinha,13,Iberia,producer,
pro01412,producer,카사노바 디 네리,카사노바 디 네리,0,Casanova di Neri,Casanova di Neri,,가사노바디네리,casanova di neri,14,Italy,producer,
pro01410,producer,카살 가르시아,카살 가르시아,0,Casal Garcia,Casal Garcia,,가사ᄅ가르시ᅡ,casal garcia,12,Iberia,producer,
pro01417,producer,카스텔로 디 볼파이아,카스텔로 디 볼파이아,0,Castello di Volpaia,Castello di Volpaia,,가스데ᄅ로디보ᄅ바ᅵᅡ,di volpaia,18,Italy,producer,
pro01416,producer,카스텔로 디 아마,카스텔로 디 아마,0,Castello di Ama,Castello di Ama,,가스데ᄅ로디ᅡ마,di ama,14,Italy,producer,
pro01415,producer,카스텔로 반피,카스텔로 반피,0,Castello Banfi,Castello Banfi,,가스데ᄅ로바ᄂ비,banfi,14,Italy,producer,
pro01413,producer,카시나 키코,카시나 키코,0,Cascina Chicco,Cascina Chicco,,가시나기고,cascina chicco,10,Italy,producer,
pro01414,producer,카시예로 델 디아블로,카시예로 델 디아블로,0,Casillero del Diablo,Casillero del Diablo,,가시ᅦ로데ᄅ디ᅡ브ᄅ로,casillero del diablo,18,South America,producer,
pro01414,producer,디아블로,카시예로 델 디아블로,1,Casillero del Diablo,Casillero del Diablo,,디ᅡ브ᄅ로,casillero del diablo,8,,alias,
pro01414,producer,카시제로,카시예로 델 디아블로,1,Casillero del Diablo,Casillero del Diablo,,가시제로,casillero del diablo,8,,alias,
pro01414,producer,까시제로 델 디아블로,카시예로 델 디아블로,1,Casillero del Diablo,Casillero del Diablo,,가시제로데ᄅ디ᅡ브ᄅ로,casillero del diablo,19,,alias,
pro01917,producer,카이켄,카이켄,0,Kaiken,Kaiken,,가ᅵ게ᄂ,kaiken,6,South America,producer,
pro01411,producer,카자마타,카자마타,0,Casamatta,Casamatta,,가자마다,casamatta,8,,producer,
pro01418,producer,카테나,카테나,0,Catena,Catena,,가데나,catena,6,South America,producer,
pro01419,producer,카테나 사파타,카테나 사파타,0,Catena Zapata,Catena Zapata,,가데나사바다,catena zapata,12,South America,producer,
pro01419,producer,까테나 사파타,카테나 사파타,1,Catena Zapata,Catena Zapata,,가데나사바다,catena zapata,12,,alias,
pro01397,producer,칸텔레,칸텔레,0,Cantele,Cantele,,가ᄂ데ᄅ레,cantele,8,Italy,producer,
pro01398,producer,칸티나 디오메데,칸티나 디오메데,0,Cantina Diomede,Cantina Diomede,,가ᄂ디나디ᅩ메데,cantina diomede,14,Italy,producer,
pro01398,producer,디오메데,칸티나 디오메데,1,Cantina Diomede,Cantina Diomede,,디ᅩ메데,cantina diomede,7,Italy,stripped,
pro01400,producer,칸티네 에르메스,칸티네 에르메스,0,Cantine Ermes,Cantine Ermes,,가ᄂ디네ᅦ르메스,cantine ermes,14,Italy,producer,
pro01399,producer,칸티네 콜로시,칸티네 콜로시,0,Cantine Colosi,Cantine Colosi,,가ᄂ디네고ᄅ로시,cantine colosi,14,Italy,producer,
pro01394,producer,칼렘,칼렘,0,Calem,Calem,,가ᄅ레ᄆ,calem,6,Iberia,producer,
pro01395,producer,칼베,칼베,0,Calvet,Calvet,,가ᄅ베,calvet,5,France,producer,
pro01396,producer,캄포 비에호,캄포 비에호,0,Campo Viejo,Campo Viejo,,가ᄆ보비ᅦ호,campo viejo,10,Iberia,producer,
pro01396,producer,깜뽀 비에호,캄포 비에호,1,Campo Viejo,Campo Viejo,,가ᄆ보비ᅦ호,campo viejo,10,,alias,
pro01920,producer,캣눅,캣눅,0,Katnook,Katnook,,게ᄉ누ᄀ,katnook,6,New World,producer,
pro01926,producer,커클랜드 시그니처,커클랜드 시그니처,0,Kirkland Signature,Kirkland Signature,,거그ᄅ레ᄂ드시그니저,kirkland signature,18,New World,producer,
pro01926,producer,커클랜드,커클랜드 시그니처,1,Kirkland Signature,Kirkland Signature,,거그ᄅ레ᄂ드,kirkland signature,10,,alias,
pro01649,producer,컬럼비아 크레스트,컬럼비아 크레스트,0,Columbia Crest,Columbia Crest,,거ᄅ러ᄆ비ᅡ그레스드,columbia crest,17,New World,producer,
pro01668,producer,컬렌 와인즈,컬렌 와인즈,0,Cullen Wines,Cullen Wines,,거ᄅ레놔ᅵᄂ즈,cullen wines,11,Oceania/SA,producer,
pro01916,producer,케이더블유브이,케이더블유브이,0,KWV,KWV,,게ᅵ더브루브ᅵ,kwv,12,New World,producer,
pro01421,producer,케이머스,케이머스,0,Caymus,Caymus,,게ᅵ머스,caymus,7,USA,producer,
pro01422,producer,케이머스 빈야드,케이머스 빈야드,0,Caymus Vineyards,Caymus Vineyards,,게ᅵ머스비나드,caymus vineyards,13,USA,producer,
pro01422,producer,카이머스,케이머스 빈야드,1,Caymus Vineyards,Caymus Vineyards,,가ᅵ머스,caymus vineyards,7,,alias,
pro01422,producer,케이무스,케이머스 빈야드,1,Caymus Vineyards,Caymus Vineyards,,게ᅵ무스,caymus vineyards,7,,alias,
pro01423,producer,케이유즈,케이유즈,0,Cayuse,Cayuse,,게ᅵᅮ즈,cayuse,6,USA,producer,
pro01393,producer,케이크브레드 셀러,케이크브레드 셀러,0,Cakebread Cellars,Cakebread Cellars,,게ᅵ그브레드세ᄅ러,cakebread cellars,16,USA,producer,
pro01922,producer,켄달 잭슨,켄달 잭슨,0,Kendall-Jackson,Kendall-Jackson,,게ᄂ다ᄅ제ᄀ스ᄂ,kendalljackson,12,USA,producer,
pro01923,producer,켄더만스,켄더만스,0,Kendermanns,Kendermanns,,게ᄂ더마ᄂ스,kendermanns,10,Germany/Austria,producer,
pro01921,producer,켈러,켈러,0,Keller,Keller,,게ᄅ러,keller,5,Germany/Austria,producer,
pro01652,producer,코네타블 드 탈보,코네타블 드 탈보,0,Connetable de Talbot,Connetable de Talbot,,고네다브ᄅ드다ᄅ보,connetable de talbot,16,,producer,
pro01653,producer,코노 수르,코노 수르,0,Cono Sur,Cono Sur,,고노수르,cono sur,8,South America,producer,
pro01653,producer,꼬노수르,코노 수르,1,Cono Sur,Cono Sur,,고노수르,cono sur,8,,alias,
pro01653,producer,코노수르,코노 수르,1,Cono Sur,Cono Sur,,고노수르,cono sur,8,,alias,
pro01644,producer,코도르니우,코도르니우,0,Codorniu,Codorniu,,고도르니ᅮ,codorniu,9,Iberia,producer,
pro01658,producer,코르디에,코르디에,0,Cordier,Cordier,,고르디ᅦ,cordier,7,France,producer,
pro01659,producer,코르보,코르보,0,Corvo,Corvo,,고르보,corvo,6,Italy,producer,
pro01643,producer,코번스,코번스,0,Cockburn's,Cockburn's,,고버ᄂ스,cockburns,7,Iberia,producer,
pro01660,producer,코스타 루시,코스타 루시,0,Costa Russi,Costa Russi,,고스다루시,costa russi,10,,producer,
pro01663,producer,코얌,코얌,0,Coyam,Coyam,,고ᅡᄆ,coyam,4,South America,producer,
pro01657,producer,코포,코포,0,Coppo,Coppo,,고보,coppo,4,Italy,producer,
pro01650,producer,콘차 이 토로,콘차 이 토로,0,Concha y Toro,Concha y Toro,,고ᄂ자ᅵ도로,concha y toro,10,South America,producer,
pro01650,producer,콘차이토로,콘차 이 토로,1,Concha y Toro,Concha y Toro,,고ᄂ자ᅵ도로,concha y toro,10,,alias,
pro01651,producer,콘차이토로 돈 멜초,콘차이토로 돈 멜초,0,Concha y Toro Don Melchor,Concha y Toro Don Melchor,,고ᄂ자ᅵ도로도ᄂ메ᄅ조,concha y toro don melchor,18,,alias,
pro01654,producer,콘테 디 캄피아노,콘테 디 캄피아노,0,Conte di Campiano,Conte di Campiano,,고ᄂ데디가ᄆ비ᅡ노,conte di campiano,15,Italy,producer,
pro01655,producer,콘티노,콘티노,0,Contino,Contino,,고ᄂ디노,contino,7,Iberia,producer,
pro01656,producer,콘티뉴엄,콘티뉴엄,0,Continuum,Continuum,,고ᄂ디누ᅥᄆ,continuum,9,USA,producer,
pro01645,producer,콜 도르차,콜 도르차,0,Col d'Orcia,Col d'Orcia,,고ᄅ도르자,col dorcia,9,,producer,
pro01645,producer,코앙포,콜 도르차,1,Col d'Orcia,Col d'Orcia,,고ᅡᆼ보,col dorcia,6,,alias,
pro01647,producer,콜긴,콜긴,0,Colgin,Colgin,,고ᄅ기ᄂ,colgin,6,USA,producer,
pro01646,producer,콜레인,콜레인,0,Coleraine,Coleraine,,고ᄅ레ᅵᄂ,coleraine,7,,producer,
pro01648,producer,콜로메,콜로메,0,Colome,Colome,,고ᄅ로메,colome,7,South America,producer,
pro01390,producer,쿠네,쿠네,0,CVNE,CVNE,,구네,cvne,4,Iberia,producer,
pro01669,producer,쿠마로,쿠마로,0,Cumaro,Cumaro,,구마로,cumaro,6,,producer,
pro01932,producer,쿠뮤 리버,쿠뮤 리버,0,Kumeu River,Kumeu River,,구무리버,kumeu river,8,Oceania/SA,producer,
pro01662,producer,쿠방 데 자코뱅,쿠방 데 자코뱅,0,Couvent des Jacobins,Couvent des Jacobins,,구방데자고벵,couvent des jacobins,14,Bordeaux,producer,
pro01670,producer,쿠수마노,쿠수마노,0,Cusumano,Cusumano,,구수마노,cusumano,8,Italy,producer,
pro01661,producer,쿠시뇨 마쿨,쿠시뇨 마쿨,0,Cousino-Macul,Cousino-Macul,,구시노마구ᄅ,cousinomacul,11,South America,producer,
pro02119,producer,쿠에르차벨라,쿠에르차벨라,0,Querciabella,Querciabella,,구ᅦ르자베ᄅ라,querciabella,12,Italy,producer,
pro01673,producer,퀴베 다 카포,퀴베 다 카포,0,Cuvee da Capo,Cuvee da Capo,,귀베다가보,cuvee da capo,10,,producer,
pro01672,producer,퀴베 레제르베,퀴베 레제르베,0,Cuvee Reservee,Cuvee Reservee,,귀베레제르베,cuvee reservee,12,,producer,
pro01671,producer,퀴베 프레데릭 에밀,퀴베 프레데릭 에밀,0,Cuvee Frederic Emile,Cuvee Frederic Emile,,귀베브레데리게미ᄅ,cuvee frederic emile,17,,producer,
pro01933,producer,퀸스틀러,퀸스틀러,0,Kunstler,Kunstler,,귀ᄂ스드ᄅ러,kunstler,10,Germany/Austria,producer,
pro02122,producer,퀸타 노바,퀸타 노바,0,Quinta Nova,Quinta Nova,,귀ᄂ다노바,nova,9,Iberia,producer,
pro02123,producer,퀸타 두 노발,퀸타 두 노발,0,Quinta Noval,Quinta Noval,DO,귀ᄂ다두노바ᄅ,noval,12,Iberia,producer,
pro02125,producer,퀸타 두 발라두,퀸타 두 발라두,0,Quinta Vallado,Quinta Vallado,DO,귀ᄂ다두바ᄅ라두,vallado,14,Iberia,producer,
pro02124,producer,퀸타 두 발레 메앙,퀸타 두 발레 메앙,0,Quinta Vale Meao,Quinta Vale Meao,DO,귀ᄂ다두바ᄅ레메ᅡᆼ,vale meao,16,Iberia,producer,
pro02121,producer,퀸타 두 크라스투,퀸타 두 크라스투,0,Quinta Crasto,Quinta Crasto,DO,귀ᄂ다두그라스두,crasto,15,Iberia,producer,
pro02120,producer,퀼세다 크릭,퀼세다 크릭,0,Quilceda Creek,Quilceda Creek,,귀ᄅ세다그리ᄀ,quilceda creek,12,USA,producer,
pro01929,producer,크라허,크라허,0,Kracher,Kracher,,그라허,kracher,6,Germany/Austria,producer,
pro01664,producer,크래기 레인지,크래기 레인지,0,Craggy Range,Craggy Range,,그레기레ᅵᄂ지,craggy range,12,Oceania/SA,producer,
pro01667,producer,크로 파랑투,크로 파랑투,0,Cros-Parantoux,Cros-Parantoux,,그로바랑두,crosparantoux,11,,producer,
pro01666,producer,크로프트,크로프트,0,Croft,Croft,,그로브드,croft,8,Iberia,producer,
pro01931,producer,크루그 그랑 퀴베,크루그 그랑 퀴베,0,Krug Grande Cuvee,Krug Grande Cuvee,,그루그그랑귀베,krug grande cuvee,15,,alias,
pro01930,producer,크뤼그,크뤼그,0,Krug,Krug,,그뤼그,krug,6,Champagne,producer,
pro01930,producer,크룩,크뤼그,1,Krug,Krug,,그루ᄀ,krug,5,,alias,
pro01930,producer,크루그,크뤼그,1,Krug,Krug,,그루그,krug,6,,alias,
pro01665,producer,크리스탈,크리스탈,0,Cristal,Cristal,,그리스다ᄅ,cristal,9,Champagne,producer,
pro01630,producer,클라렌든 힐스,클라렌든 힐스,0,Clarendon Hills,Clarendon Hills,,그ᄅ라레ᄂ드ᄂ히ᄅ스,clarendon hills,16,Oceania/SA,producer,
pro01642,producer,클라우디 베이,클라우디 베이,0,Cloudy Bay,Cloudy Bay,,그ᄅ라ᅮ디베ᅵ,cloudy bay,11,Oceania/SA,producer,
pro01642,producer,클라우디베이,클라우디 베이,1,Cloudy Bay,Cloudy Bay,,그ᄅ라ᅮ디베ᅵ,cloudy bay,11,,alias,
pro01928,producer,클라인 콘스탄시아,클라인 콘스탄시아,0,Klein Constantia,Klein Constantia,,그ᄅ라ᅵᄂ고ᄂ스다ᄂ시ᅡ,klein constantia,18,Oceania/SA,producer,
pro01631,producer,클레멘스 부슈,클레멘스 부슈,0,Clemens Busch,Clemens Busch,,그ᄅ레메ᄂ스부수,clemens busch,14,Germany/Austria,producer,
pro01632,producer,클레토 키알리,클레토 키알리,0,Cleto Chiarli,Cleto Chiarli,,그ᄅ레도기ᅡᄅ리,cleto chiarli,13,Italy,producer,
pro01639,producer,클로 데 자코뱅,클로 데 자코뱅,0,Clos des Jacobins,Clos des Jacobins,,그ᄅ로데자고벵,clos des jacobins,14,Bordeaux,producer,
pro01639,producer,데 자코뱅,클로 데 자코뱅,1,Clos des Jacobins,Clos des Jacobins,,데자고벵,clos des jacobins,9,Bordeaux,stripped,
pro01640,producer,클로 데 파프,클로 데 파프,0,Clos des Papes,Clos des Papes,,그ᄅ로데바브,clos des papes,11,France,producer,
pro01640,producer,데 파프,클로 데 파프,1,Clos des Papes,Clos des Papes,,데바브,clos des papes,6,France,stripped,
pro01638,producer,클로 데 푸,클로 데 푸,0,Clos des Fous,Clos des Fous,,그ᄅ로데부,clos des fous,9,South America,producer,
pro01638,producer,데 푸,클로 데 푸,1,Clos des Fous,Clos des Fous,,데부,clos des fous,4,South America,stripped,
pro01641,producer,클로 뒤 부아,클로 뒤 부아,0,Clos du Bois,Clos du Bois,,그ᄅ로뒤부ᅡ,clos du bois,10,New World,producer,
pro01641,producer,뒤 부아,클로 뒤 부아,1,Clos du Bois,Clos du Bois,,뒤부ᅡ,clos du bois,5,New World,stripped,
pro01637,producer,클로 드 로라투아르,클로 드 로라투아르,0,Clos de L'Oratoire,Clos de L'Oratoire,,그ᄅ로드로라두ᅡ르,clos de loratoire,16,Bordeaux,producer,
pro01637,producer,드 로라투아르,클로 드 로라투아르,1,Clos de L'Oratoire,Clos de L'Oratoire,,드로라두ᅡ르,clos de loratoire,11,Bordeaux,stripped,
pro01636,producer,클로 르네,클로 르네,0,Clos Rene,Clos Rene,,그ᄅ로르네,clos rene,9,Bordeaux,producer,
pro01636,producer,르네,클로 르네,1,Clos Rene,Clos Rene,,르네,clos rene,4,Bordeaux,stripped,
pro01633,producer,클로 아팔타,클로 아팔타,0,Clos Apalta,Clos Apalta,,그ᄅ로ᅡ바ᄅ다,clos apalta,11,South America,producer,
pro01633,producer,아팔타,클로 아팔타,1,Clos Apalta,Clos Apalta,,ᅡ바ᄅ다,clos apalta,6,South America,stripped,
pro01635,producer,클로스 모가도르,클로스 모가도르,0,Clos Mogador,Clos Mogador,,그ᄅ로스모가도르,clos mogador,15,Iberia,producer,
pro01635,producer,클로 모가돌,클로스 모가도르,1,Clos Mogador,Clos Mogador,,그ᄅ로모가도ᄅ,clos mogador,12,,alias,
pro01635,producer,모가돌,클로스 모가도르,1,Clos Mogador,Clos Mogador,,모가도ᄅ,clos mogador,7,,stripped,
pro01634,producer,클로스 에라스무스,클로스 에라스무스,0,Clos Erasmus,Clos Erasmus,,그ᄅ로스ᅦ라스무스,clos erasmus,16,,producer,
pro01927,producer,키슬러,키슬러,0,Kistler,Kistler,,기스ᄅ러,kistler,7,USA,producer,
pro01924,producer,킴 크로포드,킴 크로포드,0,Kim Crawford,Kim Crawford,,기ᄆ그로보드,kim crawford,11,Oceania/SA,producer,
pro01925,producer,킹스턴 패밀리,킹스턴 패밀리,0,Kingston Family,Kingston Family,,깅스더ᄂ베미ᄅ리,kingston family,15,South America,producer,
pro02224,producer,타라파카,타라파카,0,Tarapaca,Tarapaca,,다라바가,tarapaca,8,South America,producer,
pro02225,producer,타르디외 로랑,타르디외 로랑,0,Tardieu-Laurent,Tardieu-Laurent,,다르디ᅰ로랑,tardieulaurent,12,France,producer,
pro02226,producer,타스카 달메리타,타스카 달메리타,0,Tasca d'Almerita,Tasca d'Almerita,,다스가다ᄅ메리다,tasca dalmerita,15,Italy,producer,
pro02228,producer,테 마타,테 마타,0,Te Mata,Te Mata,,데마다,te mata,6,Oceania/SA,producer,
pro02229,producer,테누타 누오바,테누타 누오바,0,Tenuta Nuova,Tenuta Nuova,,데누다누ᅩ바,nuova,11,,producer,
pro02229,producer,누오바,테누타 누오바,1,Tenuta Nuova,Tenuta Nuova,,누ᅩ바,nuova,5,,stripped,
pro02231,producer,테누타 델 오르넬라이아,테누타 델 오르넬라이아,0,Tenuta dell'Ornellaia,Tenuta dell'Ornellaia,,데누다데로르네ᄅ라ᅵᅡ,dellornellaia,19,Italy,producer,
pro02231,producer,테누타 오르넬라이아,테누타 델 오르넬라이아,1,Tenuta dell'Ornellaia,Tenuta dell'Ornellaia,,데누다ᅩ르네ᄅ라ᅵᅡ,dellornellaia,16,,alias,
pro02231,producer,오르넬라이아,테누타 델 오르넬라이아,1,Tenuta dell'Ornellaia,Tenuta dell'Ornellaia,,ᅩ르네ᄅ라ᅵᅡ,dellornellaia,10,,stripped,
pro02231,producer,델 오르넬라이아,테누타 델 오르넬라이아,1,Tenuta dell'Ornellaia,Tenuta dell'Ornellaia,,데로르네ᄅ라ᅵᅡ,dellornellaia,13,Italy,stripped,
pro02232,producer,테누타 델레 테레 네레,테누타 델레 테레 네레,0,Tenuta delle Terre Nere,Tenuta delle Terre Nere,,데누다데ᄅ레데레네레,delle terre nere,19,,producer,
pro02232,producer,델레 테레 네레,테누타 델레 테레 네레,1,Tenuta delle Terre Nere,Tenuta delle Terre Nere,,데ᄅ레데레네레,delle terre nere,13,,stripped,
pro02233,producer,테누타 디 비비아노,테누타 디 비비아노,0,Tenuta di Bibbiano,Tenuta di Bibbiano,,데누다디비비ᅡ노,di bibbiano,15,,producer,
pro02233,producer,디 비비아노,테누타 디 비비아노,1,Tenuta di Bibbiano,Tenuta di Bibbiano,,디비비ᅡ노,di bibbiano,9,,stripped,
pro02234,producer,테누타 디 트리노로,테누타 디 트리노로,0,Tenuta di Trinoro,Tenuta di Trinoro,,데누다디드리노로,di trinoro,16,,producer,
pro02234,producer,디 트리노로,테누타 디 트리노로,1,Tenuta di Trinoro,Tenuta di Trinoro,,디드리노로,di trinoro,10,,stripped,
pro02230,producer,테누타 산 귀도,테누타 산 귀도,0,Tenuta San Guido,Tenuta San Guido,,데누다사ᄂ귀도,san guido,13,Italy,producer,
pro02230,producer,산 귀도,테누타 산 귀도,1,Tenuta San Guido,Tenuta San Guido,,사ᄂ귀도,san guido,7,Italy,stripped,
pro02235,producer,테누테 네이라노,테누테 네이라노,0,Tenute Neirano,Tenute Neirano,,데누데네ᅵ라노,tenute neirano,13,Italy,producer,
pro02236,producer,테누테 루비노,테누테 루비노,0,Tenute Rubino,Tenute Rubino,,데누데루비노,tenute rubino,12,Italy,producer,
pro02238,producer,테라스 가우다,테라스 가우다,0,Terras Gauda,Terras Gauda,,데라스가ᅮ다,terras gauda,11,Iberia,producer,
pro02239,producer,테라자스 데 로스 안데스,테라자스 데 로스 안데스,0,Terrazas de los Andes,Terrazas de los Andes,,데라자스데로스ᅡᄂ데스,terrazas de los andes,20,South America,producer,
pro02240,producer,테레도라,테레도라,0,Terredora,Terredora,,데레도라,terredora,8,,producer,
pro02240,producer,테라노라 타우라시,테레도라,1,Terredora,Terredora,,데라노라다ᅮ라시,terredora,15,,alias,
pro02241,producer,테루뇨,테루뇨,0,Terrunyo,Terrunyo,,데루노,terrunyo,6,South America,producer,
pro02237,producer,테르만시아,테르만시아,0,Termanthia,Termanthia,,데르마ᄂ시ᅡ,termanthia,10,,producer,
pro02068,producer,테만시아,테만시아,0,Numanthia Termanthia,Numanthia Termanthia,,데마ᄂ시ᅡ,numanthia termanthia,8,,alias,
pro02227,producer,테일러스,테일러스,0,Taylor's,Taylor's,,데ᅵᄅ러스,taylors,8,Iberia,producer,
pro02223,producer,테탱저,테탱저,0,Taittinger,Taittinger,,데뎅저,taittinger,7,Champagne,producer,
pro02223,producer,떼땅져,테탱저,1,Taittinger,Taittinger,,데당저,taittinger,7,,alias,
pro02245,producer,텔레마,텔레마,0,Thelema,Thelema,,데ᄅ레마,thelema,7,New World,producer,
pro02254,producer,토레 오리아,토레 오리아,0,Torre Oria,Torre Oria,,도레ᅩ리ᅡ,torre oria,8,Iberia,producer,
pro02255,producer,토레스,토레스,0,Torres,Torres,,도레스,torres,6,Iberia,producer,
pro02253,producer,토르마레스카,토르마레스카,0,Tormaresca,Tormaresca,,도르마레스가,tormaresca,12,Italy,producer,
pro02249,producer,토마시,토마시,0,Tommasi,Tommasi,,도마시,tommasi,6,Italy,producer,
pro02252,producer,토브렉,토브렉,0,Torbreck,Torbreck,,도브레ᄀ,torbreck,7,Oceania/SA,producer,
pro02251,producer,톤도니아,톤도니아,0,Tondonia,Tondonia,,도ᄂ도니ᅡ,tondonia,8,Iberia,producer,
pro02250,producer,톰마소 부솔라,톰마소 부솔라,0,Tommaso Bussola,Tommaso Bussola,,도ᄆ마소부소ᄅ라,tommaso bussola,14,,producer,
pro02250,producer,부솔라 아마로네,톰마소 부솔라,1,Tommaso Bussola,Tommaso Bussola,,부소ᄅ라ᅡ마로네,tommaso bussola,14,,alias,
pro02263,producer,투 패독스,투 패독스,0,Two Paddocks,Two Paddocks,,두베도ᄀ스,two paddocks,9,New World,producer,
pro02262,producer,투 핸즈,투 핸즈,0,Two Hands,Two Hands,,두헤ᄂ즈,two hands,7,Oceania/SA,producer,
pro02261,producer,투아 리타,투아 리타,0,Tua Rita,Tua Rita,,두ᅡ리다,tua rita,7,,producer,
pro02256,producer,트라피체,트라피체,0,Trapiche,Trapiche,,드라비제,trapiche,8,South America,producer,
pro02259,producer,트리벤토,트리벤토,0,Trivento,Trivento,,드리베ᄂ도,trivento,9,,producer,
pro02260,producer,트리비체 이엔에스 말벡,트리비체 이엔에스 말벡,0,Trivento Eolo Malbec,Trivento Eolo Malbec,,드리비제ᅵᅦ네스마ᄅ베ᄀ,trivento eolo malbec,20,,alias,
pro02258,producer,트리오,트리오,0,Trio,Trio,,드리ᅩ,trio,5,South America,producer,
pro02257,producer,트림바흐,트림바흐,0,Trimbach,Trimbach,,드리ᄆ바흐,trimbach,9,France,producer,
pro02257,producer,위겔 앤 필스,트림바흐,1,Trimbach,Trimbach,,ᅱ게레ᄂ비ᄅ스,trimbach,11,,alias,
pro02246,producer,티냐넬로,티냐넬로,0,Tignanello,Tignanello,,디나네ᄅ로,tignanello,9,Italy,producer,
pro02246,producer,띠냐넬로,티냐넬로,1,Tignanello,Tignanello,,디나네ᄅ로,tignanello,9,,alias,
pro02264,producer,티렐스,티렐스,0,Tyrrell's,Tyrrell's,,디레ᄅ스,tyrrells,7,New World,producer,
pro02248,producer,티오 페페,티오 페페,0,Tio Pepe,Tio Pepe,,디ᅩ베베,tio pepe,7,Iberia,producer,
pro02247,producer,팀 아담스,팀 아담스,0,Tim Adams,Tim Adams,,디마다ᄆ스,tim adams,9,New World,producer,
pro01806,producer,파 니엔테,파 니엔테,0,Far Niente,Far Niente,,바니ᅦᄂ데,far niente,8,USA,producer,
pro01806,producer,파니엔테,파 니엔테,1,Far Niente,Far Niente,,바니ᅦᄂ데,far niente,8,,alias,
pro02077,producer,파고 데 로스 카페야네스,파고 데 로스 카페야네스,0,Pago de los Capellanes,Pago de los Capellanes,,바고데로스가베ᅡ네스,pago de los capellanes,19,Iberia,producer,
pro01807,producer,파르네세,파르네세,0,Farnese,Farnese,,바르네세,farnese,8,,producer,
pro01808,producer,파르네세 판티니,파르네세 판티니,0,Farnese Fantini,Farnese Fantini,,바르네세바ᄂ디니,farnese fantini,15,Italy,producer,
pro01805,producer,파미유 페랭,파미유 페랭,0,Famille Perrin,Famille Perrin,,바미ᅮ베렝,famille perrin,10,France,producer,
pro01804,producer,파밀리아 수카르디,파밀리아 수카르디,0,Familia Zuccardi,Familia Zuccardi,,바미ᄅ리ᅡ수가르디,familia zuccardi,16,South America,producer,
pro02088,producer,파비용 루주 뒤 샤토 마고,파비용 루주 뒤 샤토 마고,0,Pavillon Rouge du Chateau Margaux,Pavillon Rouge du Chateau Margaux,,바비ᅩᆼ루주뒤사도마고,pavillon rouge du chateau margaux,20,Bordeaux,producer,
pro02088,producer,파비용 루즈,파비용 루주 뒤 샤토 마고,1,Pavillon Rouge du Chateau Margaux,Pavillon Rouge du Chateau Margaux,,바비ᅩᆼ루즈,pavillon rouge du chateau margaux,10,,alias,
pro02087,producer,파비용 블랑 뒤 샤토 마고,파비용 블랑 뒤 샤토 마고,0,Pavillon Blanc du Chateau Margaux,Pavillon Blanc du Chateau Margaux,,바비ᅩᆼ브ᄅ랑뒤사도마고,pavillon blanc du chateau margaux,22,,producer,
pro02089,producer,파소 데 세뇨란스,파소 데 세뇨란스,0,Pazo de Senorans,Pazo de Senorans,,바소데세노라ᄂ스,pazo de senorans,15,Iberia,producer,
pro02083,producer,파소피시아로,파소피시아로,0,Passopisciaro,Passopisciaro,,바소비시ᅡ로,passopisciaro,11,Italy,producer,
pro02082,producer,파스쿠알 토소,파스쿠알 토소,0,Pascual Toso,Pascual Toso,,바스구ᅡᄅ도소,pascual toso,12,,producer,
pro02080,producer,파올로 사라코,파올로 사라코,0,Paolo Saracco,Paolo Saracco,,바ᅩᄅ로사라고,paolo saracco,12,Italy,producer,
pro02081,producer,파올로 스카비노,파올로 스카비노,0,Paolo Scavino,Paolo Scavino,,바ᅩᄅ로스가비노,paolo scavino,14,Italy,producer,
pro01810,producer,파우스티노,파우스티노,0,Faustino,Faustino,,바ᅮ스디노,faustino,9,Iberia,producer,
pro02104,producer,파이크스,파이크스,0,Pikes,Pikes,,바ᅵ그스,pikes,7,New World,producer,
pro02107,producer,파이퍼 하이직,파이퍼 하이직,0,Piper-Heidsieck,Piper-Heidsieck,,바ᅵ버하ᅵ지ᄀ,piperheidsieck,11,Champagne,producer,
pro01809,producer,파토리아 페트롤로,파토리아 페트롤로,0,Fattoria Petrolo,Fattoria Petrolo,,바도리ᅡ베드로ᄅ로,fattoria petrolo,16,,producer,
pro02272,producer,판 폴셈,판 폴셈,0,Van Volxem,Van Volxem,,바ᄂ보ᄅ세ᄆ,van volxem,9,Germany/Austria,producer,
pro02079,producer,팔레오 로소,팔레오 로소,0,Paleo Rosso,Paleo Rosso,,바ᄅ레ᅩ로소,paleo rosso,10,,producer,
pro02078,producer,팔레오 비앙코,팔레오 비앙코,0,Paleo Bianco,Paleo Bianco,,바ᄅ레ᅩ비ᅡᆼ고,paleo bianco,12,,producer,
pro01803,producer,팔레토,팔레토,0,Falletto,Falletto,,바ᄅ레도,falletto,7,,producer,
pro01813,producer,페라리,페라리,0,Ferrari,Ferrari,,베라리,ferrari,6,Italy,producer,
pro01814,producer,페라통,페라통,0,Ferraton,Ferraton,,베라동,ferraton,7,France,producer,
pro01815,producer,페레이라,페레이라,0,Ferreira,Ferreira,,베레ᅵ라,ferreira,7,Iberia,producer,
pro02093,producer,페르카를로,페르카를로,0,Percarlo,Percarlo,,베르가르ᄅ로,percarlo,11,,producer,
pro02094,producer,페리에 주에,페리에 주에,0,Perrier-Jouet,Perrier-Jouet,,베리ᅦ주ᅦ,perrierjouet,8,Champagne,producer,
pro01802,producer,페블레,페블레,0,Faiveley,Faiveley,,베브ᄅ레,faiveley,7,Burgundy,producer,
pro02095,producer,페스케라,페스케라,0,Pesquera,Pesquera,,베스게라,pesquera,8,Iberia,producer,
pro01817,producer,페우도 아란치오,페우도 아란치오,0,Feudo Arancio,Feudo Arancio,,베ᅮ도ᅡ라ᄂ지ᅩ,feudo arancio,12,Italy,producer,
pro01816,producer,페우디 디 산 그레고리오,페우디 디 산 그레고리오,0,Feudi di San Gregorio,Feudi di San Gregorio,,베ᅮ디디사ᄂ그레고리ᅩ,feudi di san gregorio,19,Italy,producer,
pro02096,producer,페탈루마,페탈루마,0,Petaluma,Petaluma,,베다ᄅ루마,petaluma,9,New World,producer,
pro02099,producer,페트뤼스,페트뤼스,0,Petrus,Petrus,,베드뤼스,petrus,8,Bordeaux,producer,
pro02099,producer,뻬트뤼스,페트뤼스,1,Petrus,Petrus,,베드뤼스,petrus,8,,alias,
pro02099,producer,페트루스,페트뤼스,1,Petrus,Petrus,,베드루스,petrus,8,,alias,
pro02099,producer,샤토 페트뤼스,페트뤼스,1,Petrus,Petrus,,사도베드뤼스,petrus,12,,alias,
pro02091,producer,펜폴즈,펜폴즈,0,Penfolds,Penfolds,,베ᄂ보ᄅ즈,penfolds,8,Oceania/SA,producer,
pro02091,producer,펜폴드,펜폴즈,1,Penfolds,Penfolds,,베ᄂ보ᄅ드,penfolds,8,,alias,
pro02092,producer,펜폴즈 그랜지,펜폴즈 그랜지,0,Penfolds Grange,Penfolds Grange,,베ᄂ보ᄅ즈그레ᄂ지,penfolds grange,15,Oceania/SA,producer,
pro02092,producer,펜폴즈 그란지,펜폴즈 그랜지,1,Penfolds Grange,Penfolds Grange,,베ᄂ보ᄅ즈그라ᄂ지,penfolds grange,15,,alias,
pro02090,producer,펠라고,펠라고,0,Pelago,Pelago,,베ᄅ라고,pelago,7,,producer,
pro01811,producer,펠시나,펠시나,0,Felsina,Felsina,,베ᄅ시나,felsina,7,Italy,producer,
pro01812,producer,펠튼 로드,펠튼 로드,0,Felton Road,Felton Road,,베ᄅ드ᄂ로드,felton road,10,Oceania/SA,producer,
pro01829,producer,포르탕,포르탕,0,Fortant,Fortant,,보르당,fortant,7,France,producer,
pro02110,producer,포조 디 소토,포조 디 소토,0,Poggio di Sotto,Poggio di Sotto,,보조디소도,poggio di sotto,10,Italy,producer,
pro02109,producer,포조 알 테소로,포조 알 테소로,0,Poggio al Tesoro,Poggio al Tesoro,,보조ᅡᄅ데소로,poggio al tesoro,12,Italy,producer,
pro01826,producer,폰세카,폰세카,0,Fonseca,Fonseca,,보ᄂ세가,fonseca,7,Iberia,producer,
pro01827,producer,폰타나프레다,폰타나프레다,0,Fontanafredda,Fontanafredda,,보ᄂ다나브레다,fontanafredda,13,Italy,producer,
pro01827,producer,폰따나프레다,폰타나프레다,1,Fontanafredda,Fontanafredda,,보ᄂ다나브레다,fontanafredda,13,,alias,
pro01827,producer,폰타나 프레다,폰타나프레다,1,Fontanafredda,Fontanafredda,,보ᄂ다나브레다,fontanafredda,13,,alias,
pro01828,producer,폰토디,폰토디,0,Fontodi,Fontodi,,보ᄂ도디,fontodi,7,Italy,producer,
pro02111,producer,폴 로저,폴 로저,0,Pol Roger,Pol Roger,,보ᄅ로저,pol roger,7,Champagne,producer,
pro02085,producer,폴 마스,폴 마스,0,Paul Mas,Paul Mas,,보ᄅ마스,paul mas,7,France,producer,
pro02086,producer,폴 사우어,폴 사우어,0,Paul Sauer,Paul Sauer,,보ᄅ사ᅮᅥ,paul sauer,7,,producer,
pro02084,producer,폴 자불레 애네,폴 자불레 애네,0,Paul Jaboulet Aine,Paul Jaboulet Aine,,보ᄅ자부ᄅ레ᅦ네,paul jaboulet aine,13,France,producer,
pro02103,producer,퐁 드 드망주,퐁 드 드망주,0,Pierre de Demange,Pierre de Demange,,봉드드망주,pierre de demange,12,,alias,
pro02112,producer,푸피유,푸피유,0,Poupille,Poupille,,부비ᅮ,poupille,5,,producer,
pro02114,producer,프라거,프라거,0,Prager,Prager,,브라거,prager,6,Germany/Austria,producer,
pro02113,producer,프라도 에네아,프라도 에네아,0,Prado Enea,Prado Enea,,브라도ᅦ네ᅡ,prado enea,10,,producer,
pro01831,producer,프라이 브라더스,프라이 브라더스,0,Frei Brothers,Frei Brothers,,브라ᅵ브라더스,frei brothers,13,New World,producer,
pro01830,producer,프란시스칸,프란시스칸,0,Franciscan,Franciscan,,브라ᄂ시스가ᄂ,franciscan,12,New World,producer,
pro01833,producer,프레스코발디,프레스코발디,0,Frescobaldi,Frescobaldi,,브레스고바ᄅ디,frescobaldi,13,Italy,producer,
pro01834,producer,프레스코발디 니포차노,프레스코발디 니포차노,0,Frescobaldi Nipozzano,Frescobaldi Nipozzano,,브레스고바ᄅ디니보자노,frescobaldi nipozzano,21,Italy,producer,
pro01832,producer,프레이세넷,프레이세넷,0,Freixenet,Freixenet,,브레ᅵ세네ᄉ,freixenet,10,Iberia,producer,
pro01836,producer,프로그스 립,프로그스 립,0,Frog's Leap,Frog's Leap,,브로그스리ᄇ,frogs leap,11,New World,producer,
pro02115,producer,프로두토리 델 바르바레스코,프로두토리 델 바르바레스코,0,Produttori del Barbaresco,Produttori del Barbaresco,,브로두도리데ᄅ바르바레스고,produttori del barbaresco,25,Italy,producer,
pro02116,producer,프로미스,프로미스,0,Promis,Promis,,브로미스,promis,8,Italy,producer,
pro02117,producer,프로토스,프로토스,0,Protos,Protos,,브로도스,protos,8,Iberia,producer,
pro02118,producer,프루노토,프루노토,0,Prunotto,Prunotto,,브루노도,prunotto,8,Italy,producer,
pro02118,producer,프루노또,프루노토,1,Prunotto,Prunotto,,브루노도,prunotto,8,,alias,
pro01835,producer,프리츠 하그,프리츠 하그,0,Fritz Haag,Fritz Haag,,브리즈하그,fritz haag,10,Germany/Austria,producer,
pro02108,producer,플라네타,플라네타,0,Planeta,Planeta,,브ᄅ라네다,planeta,9,Italy,producer,
pro01823,producer,플라차넬로 델라 피에베,플라차넬로 델라 피에베,0,Flaccianello della Pieve,Flaccianello della Pieve,,브ᄅ라자네ᄅ로데ᄅ라비ᅦ베,flaccianello della pieve,22,,producer,
pro01825,producer,플로르 데 핑구스,플로르 데 핑구스,0,Flor de Pingus,Flor de Pingus,,브ᄅ로르데빙구스,flor de pingus,16,,producer,
pro01824,producer,플뢰르 뒤 캅,플뢰르 뒤 캅,0,Fleur du Cap,Fleur du Cap,,브ᄅ뤠르뒤가ᄇ,fleur du cap,12,New World,producer,
pro01822,producer,피리아토,피리아토,0,Firriato,Firriato,,비리ᅡ도,firriato,7,Italy,producer,
pro02102,producer,피에르 페테르,피에르 페테르,0,Pierre Peters,Pierre Peters,,비ᅦ르베데르,pierre peters,11,Champagne,producer,
pro02106,producer,피오 체사레,피오 체사레,0,Pio Cesare,Pio Cesare,,비ᅩ제사레,pio cesare,9,Italy,producer,
pro02106,producer,삐오 체사레,피오 체사레,1,Pio Cesare,Pio Cesare,,비ᅩ제사레,pio cesare,9,,alias,
pro02101,producer,피치니,피치니,0,Piccini,Piccini,,비지니,piccini,6,Italy,producer,
pro02101,producer,삐치니,피치니,1,Piccini,Piccini,,비지니,piccini,6,,alias,
pro02097,producer,피터 르만,피터 르만,0,Peter Lehmann,Peter Lehmann,,비더르마ᄂ,peter lehmann,9,New World,producer,
pro02098,producer,피터 마이클,피터 마이클,0,Peter Michael,Peter Michael,,비더마ᅵ그ᄅ,peter michael,10,USA,producer,
pro01821,producer,핀카 비야크레세스,핀카 비야크레세스,0,Finca Villacreces,Finca Villacreces,,비ᄂ가비ᅡ그레세스,finca villacreces,16,Iberia,producer,
pro01820,producer,핀카 소페니아,핀카 소페니아,0,Finca Sophenia,Finca Sophenia,,비ᄂ가소베니ᅡ,finca sophenia,12,South America,producer,
pro01818,producer,핀카 알타미라,핀카 알타미라,0,Finca Altamira,Finca Altamira,,비ᄂ가ᅡᄅ다미라,finca altamira,13,,producer,
pro01819,producer,핀카 플리치만,핀카 플리치만,0,Finca Flichman,Finca Flichman,,비ᄂ가브ᄅ리지마ᄂ,finca flichman,15,South America,producer,
pro02100,producer,필리포나,필리포나,0,Philipponnat,Philipponnat,,비ᄅ리보나,philipponnat,9,Champagne,producer,
pro02105,producer,핑구스,핑구스,0,Pingus,Pingus,,빙구스,pingus,7,Iberia,producer,
pro01875,producer,하디스,하디스,0,Hardys,Hardys,,하디스,hardys,6,New World,producer,
pro02129,producer,하무스 핀투,하무스 핀투,0,Ramos Pinto,Ramos Pinto,,하무스비ᄂ두,ramos pinto,11,Iberia,producer,
pro01877,producer,하이츠 셀러,하이츠 셀러,0,Heitz Cellar,Heitz Cellar,,하ᅵ즈세ᄅ러,heitz cellar,10,USA,producer,
pro01876,producer,할란 에스테이트,할란 에스테이트,0,Harlan Estate,Harlan Estate,,하ᄅ라네스데ᅵ드,harlan estate,14,USA,producer,
pro01876,producer,하를란 에스테이트,할란 에스테이트,1,Harlan Estate,Harlan Estate,,하르ᄅ라네스데ᅵ드,harlan estate,16,,alias,
pro01874,producer,해밀턴 러셀,해밀턴 러셀,0,Hamilton Russell,Hamilton Russell,,헤미ᄅ더ᄂ러세ᄅ,hamilton russell,13,Oceania/SA,producer,
pro01886,producer,헤스,헤스,0,Hess,Hess,,헤스,hess,4,New World,producer,
pro01882,producer,헨쉬케,헨쉬케,0,Henschke,Henschke,,헤ᄂ쉬게,henschke,7,Oceania/SA,producer,
pro01882,producer,헨쉬키,헨쉬케,1,Henschke,Henschke,,헤ᄂ쉬기,henschke,7,,alias,
pro01883,producer,헨쉬키 렝골드,헨쉬키 렝골드,0,Henschke Mount Edelstone,Henschke Mount Edelstone,,헤ᄂ쉬기렝고ᄅ드,henschke mount edelstone,15,,alias,
pro01910,producer,호세 파리엔테,호세 파리엔테,0,Jose Pariente,Jose Pariente,,호세바리ᅦᄂ데,jose pariente,12,Iberia,producer,
pro02307,producer,화이트헤이븐,화이트헤이븐,0,Whitehaven,Whitehaven,,화ᅵ드헤ᅵ브ᄂ,whitehaven,11,New World,producer,
pro01915,producer,후베 이 캄프스,후베 이 캄프스,0,Juve y Camps,Juve y Camps,,후베ᅵ가ᄆ브스,juve y camps,12,Iberia,producer,
pro01914,producer,후안 힐,후안 힐,0,Juan Gil,Juan Gil,,후ᅡᄂ히ᄅ,juan gil,7,Iberia,producer,
pro01890,producer,휘겔,휘겔,0,Hugel,Hugel,,휘게ᄅ,hugel,5,France,producer,
pro01888,producer,히르슈,히르슈,0,Hirsch,Hirsch,,히르수,hirsch,6,Germany/Austria,producer,
pro01889,producer,히르츠베르거,히르츠베르거,0,Hirtzberger,Hirtzberger,,히르즈베르거,hirtzberger,12,Germany/Austria,producer,
pro01887,producer,힐 오브 그레이스,힐 오브 그레이스,0,Hill of Grace,Hill of Grace,,히로브그레ᅵ스,hill of grace,13,Oceania/SA,producer,
reg00658,region,가르다 브레시아노,가르다 브레시아노,0,Garda Bresciano,Garda Bresciano,,가르다브레시ᅡ노,garda bresciano,15,,manual,
reg00659,region,가비,가비,0,Gavi,Gavi,,가비,gavi,4,,manual,
reg01267,region,가스코뉴,가스코뉴,0,Wines of Gascony,Wines of Gascony,,가스고누,wines of gascony,8,,manual,
reg00656,region,갈루라,갈루라,0,Gallura,Gallura,,가ᄅ루라,gallura,7,,manual,
reg00657,region,감벨라라,감벨라라,0,Gambellara,Gambellara,,가ᄆ베ᄅ라라,gambellara,10,,manual,
reg00682,region,건다가이,건다가이,0,Gundagai,Gundagai,,거ᄂ다가ᅵ,gundagai,8,,manual,
reg00681,region,게녹 밸리,게녹 밸리,0,Guenoc Valley,Guenoc Valley,AVA,게노ᄀ베ᄅ리,guenoc valley,10,,auto,
reg00661,region,겜메 가티나라,겜메 가티나라,0,Ghemme-Gattinara,Ghemme-Gattinara,,게ᄆ메가디나라,ghemmegattinara,13,,manual,
reg00721,region,고슈 밸리,고슈 밸리,0,Koshu Valley,Koshu Valley,,고수베ᄅ리,koshu valley,9,,manual,
reg00666,region,골포 델 티굴리오,골포 델 티굴리오,0,Golfo del Tigullio,Golfo del Tigullio,,고ᄅ보데ᄅ디구ᄅ리ᅩ,golfo del tigullio,16,,manual,
reg00670,region,그라나다,그라나다,0,Granada,Granada,,그라나다,granada,8,,manual,
reg00676,region,그라브,그라브,0,Graves,Graves,,그라브,graves,6,,added,
reg00668,region,그라시오자,그라시오자,0,Graciosa,Graciosa,IPR,그라시ᅩ자,graciosa,9,,manual,
reg00675,region,그란자 아마렐레자,그란자 아마렐레자,0,Granja-Amareleja,Granja-Amareleja,DOC,그라ᄂ자ᅡ마레ᄅ레자,granjaamareleja,17,,manual,
reg00674,region,그랑 제셰조,그랑 제셰조,0,Grands Echezeaux,Grands Echezeaux,,그랑제세조,grands echezeaux,11,,added,
reg00673,region,그랑드 샹파뉴,그랑드 샹파뉴,0,Grande Champagne,Grande Champagne,,그랑드상바누,grande champagne,14,,manual,
reg00671,region,그랜드 리버 밸리,그랜드 리버 밸리,0,Grand River Valley,Grand River Valley,AVA,그레ᄂ드리버베ᄅ리,grand river valley,16,,auto,
reg00672,region,그랜드 밸리,그랜드 밸리,0,Grand Valley,Grand Valley,AVA,그레ᄂ드베ᄅ리,grand valley,12,,auto,
reg00669,region,그램피언스,그램피언스,0,Grampians,Grampians,,그레ᄆ비ᅥᄂ스,grampians,11,,manual,
reg00677,region,그레이트 서던,그레이트 서던,0,Great Southern,Great Southern,,그레ᅵ드서더ᄂ,great southern,12,,manual,
reg00678,region,그레코 디 비앙코,그레코 디 비앙코,0,Greco di Bianco,Greco di Bianco,,그레고디비ᅡᆼ고,greco di bianco,14,,manual,
reg00679,region,그레코 디 투포,그레코 디 투포,0,Greco di Tufo,Greco di Tufo,,그레고디두보,greco di tufo,12,,added,
reg00680,region,그린 밸리 러시안 리버 밸리,그린 밸리 러시안 리버 밸리,0,Green Valley of Russian River Valley,Green Valley of Russian River Valley,AVA,그리ᄂ베ᄅ리러시ᅡᄂ리버베ᄅ리,green valley of russian river valley,25,,auto,
reg00877,region,나감비 레이크스,나감비 레이크스,0,Nagambie Lakes,Nagambie Lakes,,나가ᄆ비레ᅵ그스,nagambie lakes,14,,manual,
reg00882,region,나바라,나바라,0,Navarra,Navarra,,나바라,navarra,6,,added,
reg00881,region,나쇼바 밸리,나쇼바 밸리,0,Nashoba Valley,Nashoba Valley,AVA,나소바베ᄅ리,nashoba valley,11,,auto,
reg00878,region,나에,나에,0,Nahe,Nahe,,나ᅦ,nahe,3,,manual,
reg00879,region,나우사,나우사,0,Naoussa,Naoussa,,나ᅮ사,naoussa,5,,added,
reg00886,region,나이아가라 에스카프먼트,나이아가라 에스카프먼트,0,Niagara Escarpment,Niagara Escarpment,AVA,나ᅵᅡ가라ᅦ스가브머ᄂ드,niagara escarpment,20,,auto,
reg00719,region,나이츠 밸리,나이츠 밸리,0,Knights Valley,Knights Valley,AVA,나ᅵ즈베ᄅ리,knights valley,10,,auto,
reg00889,region,나인 레이크스 이스트 테네시,나인 레이크스 이스트 테네시,0,Nine Lakes of East Tennessee,Nine Lakes of East Tennessee,AVA,나ᅵᄂ레ᅵ그스ᅵ스드데네시,nine lakes of east tennessee,22,,auto,
reg00876,region,나체스 하이츠,나체스 하이츠,0,Naches Heights,Naches Heights,AVA,나제스하ᅵ즈,naches heights,11,,auto,
reg00880,region,나파 밸리,나파 밸리,0,Napa Valley,Napa Valley,,나바베ᄅ리,napa valley,9,,added,
reg00880,region,나파밸리,나파 밸리,1,Napa Valley,Napa Valley,,나바베ᄅ리,napa valley,9,,alias,
reg00883,region,네메아,네메아,0,Nemea,Nemea,,네메ᅡ,nemea,5,,manual,
reg01240,region,네우켄,네우켄,0,Vino de Neuquén,Vino de Neuquén,,네ᅮ게ᄂ,vino de neuquen,6,,manual,
reg00898,region,노던 넥 조지 워싱턴 버스플레이스,노던 넥 조지 워싱턴 버스플레이스,0,Northern Neck George Washington Birthplace,Northern Neck George Washington Birthplace,AVA,노더ᄂ네ᄀ조지ᅯ싱더ᄂ버스브ᄅ레ᅵ스,northern neck george washington birthplace,31,,auto,
reg00899,region,노던 소노마,노던 소노마,0,Northern Sonoma,Northern Sonoma,AVA,노더ᄂ소노마,northern sonoma,11,,auto,
reg00897,region,노스 유바,노스 유바,0,North Yuba,North Yuba,AVA,노스ᅮ바,north yuba,7,,auto,
reg00894,region,노스 이스트 빅토리아,노스 이스트 빅토리아,0,North East Victoria,North East Victoria,,노스ᅵ스드비ᄀ도리ᅡ,north east victoria,17,,manual,
reg00892,region,노스 캔터베리,노스 캔터베리,0,North Canterbury,North Canterbury,,노스게ᄂ더베리,north canterbury,13,,manual,
reg00893,region,노스 코스트,노스 코스트,0,North Coast,North Coast,AVA,노스고스드,north coast,10,,auto,
reg00896,region,노스 포크 로어노크,노스 포크 로어노크,0,North Fork of Roanoke,North Fork of Roanoke,AVA,노스보그로ᅥ노그,north fork of roanoke,15,,auto,
reg00895,region,노스 포크 롱 아일랜드,노스 포크 롱 아일랜드,0,North Fork of Long Island,North Fork of Long Island,AVA,노스보그롱ᅡᅵᄅ레ᄂ드,north fork of long island,19,,auto,
reg00900,region,노토,노토,0,Noto,Noto,,노도,noto,4,,manual,
reg00903,region,누라,누라,0,Nurra,Nurra,,누라,nurra,4,,manual,
reg00902,region,누오로,누오로,0,Nuoro,Nuoro,,누ᅩ로,nuoro,5,,manual,
reg00901,region,뉘 생 조르주,뉘 생 조르주,0,Nuits-Saint-Georges,Nuits-Saint-Georges,,뉘셍조르주,nuitssaintgeorges,11,,added,
reg00901,region,뉘 생 조르쥬,뉘 생 조르주,1,Nuits-Saint-Georges,Nuits-Saint-Georges,,뉘셍조르주,nuitssaintgeorges,11,,alias,
reg00884,region,뉴멕시코,뉴멕시코,0,New Mexico,New Mexico,,누메ᄀ시고,new mexico,9,,manual,
reg00885,region,뉴질랜드,뉴질랜드,0,New Zealand,New Zealand,,누지ᄅ레ᄂ드,new zealand,10,,wikidata,
reg00887,region,니더라우지츠,니더라우지츠,0,Niederlausitz,Niederlausitz,,니더라ᅮ지즈,niederlausitz,11,,manual,
reg00890,region,니스트레아나,니스트레아나,0,Nistreană,Nistreană,,니스드레ᅡ나,nistreana,11,,manual,
reg00888,region,니어슈타인,니어슈타인,0,Nierstein,Nierstein,,니ᅥ수다ᅵᄂ,nierstein,9,,manual,
reg00891,region,니트라,니트라,0,Nitra,Nitra,,니드라,nitra,6,,manual,
reg00588,region,다우니아,다우니아,0,Daunia,Daunia,,다ᅮ니ᅡ,daunia,6,,manual,
reg00591,region,다이아몬드 마운틴,다이아몬드 마운틴,0,Diamond Mountain,Diamond Mountain,,다ᅵᅡ모ᄂ드마ᅮᄂ디ᄂ,diamond mountain,16,,added,
reg00592,region,다이아몬드 마운틴,다이아몬드 마운틴,0,Diamond Mountain District,Diamond Mountain District,AVA,다ᅵᅡ모ᄂ드마ᅮᄂ디ᄂ,diamond mountain district,16,,auto,
reg00587,region,달로네가 플래토,달로네가 플래토,0,Dahlonega Plateau,Dahlonega Plateau,AVA,다ᄅ로네가브ᄅ레도,dahlonega plateau,16,,auto,
reg00603,region,당,당,0,Dão,Dão,DOC,당,dao,3,,manual,
reg00601,region,더니건 힐스,더니건 힐스,0,Dunnigan Hills,Dunnigan Hills,AVA,더니거ᄂ히ᄅ스,dunnigan hills,12,,auto,
reg00600,region,던디 힐스,던디 힐스,0,Dundee Hills,Dundee Hills,AVA,더ᄂ디히ᄅ스,dundee hills,10,,auto,
reg00604,region,데잘레,데잘레,0,Dézaley,Dézaley,,데자ᄅ레,dezaley,7,,manual,
reg00589,region,델리아 니볼렐리,델리아 니볼렐리,0,Delia Nivolelli,Delia Nivolelli,,데ᄅ리ᅡ니보ᄅ레ᄅ리,delia nivolelli,16,,manual,
reg00598,region,도루,도루,0,Douro,Douro,DOC,도루,douro,4,,manual,
reg00990,region,도루,도루,0,Região Demarcada Douro,Região Demarcada Douro,DO/RDD,도루,regiao demarcada douro,4,,manual,
reg00597,region,도스 리오스,도스 리오스,0,Dos Rios,Dos Rios,AVA,도스리ᅩ스,dos rios,9,,auto,
reg00595,region,돈 밸리,돈 밸리,0,Don Valley,Don Valley,,도ᄂ베ᄅ리,don valley,8,,manual,
reg00596,region,돈니치,돈니치,0,Donnici,Donnici,,도ᄂ니지,donnici,7,,manual,
reg00594,region,돌렌스카,돌렌스카,0,Dolenjska,Dolenjska,,도ᄅ레ᄂ스가,dolenjska,10,,manual,
reg00602,region,두리엔스,두리엔스,0,Duriense,Duriense,VR,두리ᅦᄂ스,duriense,8,,manual,
reg00599,region,드라이 크릭 밸리,드라이 크릭 밸리,0,Dry Creek Valley,Dry Creek Valley,,드라ᅵ그리ᄀ베ᄅ리,dry creek valley,15,,added,
reg00590,region,디아블로 그란데,디아블로 그란데,0,Diablo Grande,Diablo Grande,AVA,디ᅡ브ᄅ로그라ᄂ데,diablo grande,15,,auto,
reg00593,region,딘가치,딘가치,0,Dingač,Dingač,,디ᄂ가지,dingac,7,,manual,
reg00725,region,라 만차,라 만차,0,La Mancha,La Mancha,,라마ᄂ자,la mancha,7,,added,
reg00724,region,라 코트,라 코트,0,La Côte,La Côte,,라고드,la cote,6,,manual,
reg00726,region,라 타슈,라 타슈,0,La Tache,La Tache,,라다수,la tache,6,,added,
reg00729,region,라고 디 코르바라,라고 디 코르바라,0,Lago di Corbara,Lago di Corbara,,라고디고르바라,lago di corbara,14,,manual,
reg00730,region,라고아,라고아,0,Lagoa,Lagoa,DOC,라고ᅡ,lagoa,5,,manual,
reg00731,region,라구스,라구스,0,Lagos,Lagos,DOC,라구스,lagos,6,,manual,
reg00736,region,라랑드 드 포므롤,라랑드 드 포므롤,0,Lalande-de-Pomerol,Lalande-de-Pomerol,,라랑드드보므로ᄅ,lalandedepomerol,16,,added,
reg00980,region,라만돌로,라만돌로,0,Ramandolo,Ramandolo,,라마ᄂ도ᄅ로,ramandolo,10,,manual,
reg00738,region,라메치아,라메치아,0,Lamezia,Lamezia,,라메지ᅡ,lamezia,7,,manual,
reg00981,region,라모나 밸리,라모나 밸리,0,Ramona Valley,Ramona Valley,AVA,라모나베ᄅ리,ramona valley,11,,auto,
reg00739,region,라모린다,라모린다,0,Lamorinda,Lamorinda,AVA,라모리ᄂ다,lamorinda,9,,auto,
reg00996,region,라인가우,라인가우,0,Rheingau,Rheingau,,라ᅵᄂ가ᅮ,rheingau,7,,manual,
reg00997,region,라인헤센,라인헤센,0,Rheinhessen,Rheinhessen,,라ᅵᄂ헤세ᄂ,rheinhessen,9,,manual,
reg00757,region,라임 킬른 밸리,라임 킬른 밸리,0,Lime Kiln Valley,Lime Kiln Valley,AVA,라ᅵᄆ기ᄅ르ᄂ베ᄅ리,lime kiln valley,15,,auto,
reg00750,region,라치오,라치오,0,Lazio,Lazio,,라지ᅩ,lazio,5,,added,
reg00727,region,라크리마 디 모로 달바,라크리마 디 모로 달바,0,Lacrima di Morro d'Alba,Lacrima di Morro d'Alba,,라그리마디모로다ᄅ바,lacrima di morro dalba,19,,manual,
reg00982,region,라펠 밸리,라펠 밸리,0,Rapel Valley,Rapel Valley,,라베ᄅ베ᄅ리,rapel valley,10,,added,
reg01220,region,라펠 밸리,라펠 밸리,0,Valle del Rapel,Valle del Rapel,,라베ᄅ베ᄅ리,valle del rapel,10,,manual,
reg00728,region,라포엥스,라포엥스,0,Lafões,Lafões,IPR,라보ᅦᆼ스,lafoes,8,,manual,
reg00737,region,람브루스코 디 소르바라,람브루스코 디 소르바라,0,Lambrusco di Sorbara,Lambrusco di Sorbara,,라ᄆ브루스고디소르바라,lambrusco di sorbara,21,,manual,
reg00745,region,랑게,랑게,0,Langhe,Langhe,,랑게,langhe,5,,manual,
reg00747,region,랑그도크,랑그도크,0,Languedoc,Languedoc,,랑그도그,languedoc,9,,added,
reg00748,region,랑그도크 루시용,랑그도크 루시용,0,Languedoc-Roussillon,Languedoc-Roussillon,,랑그도그루시ᅩᆼ,languedocroussillon,15,,manual,
reg00983,region,래틀스네이크 힐스,래틀스네이크 힐스,0,Rattlesnake Hills,Rattlesnake Hills,AVA,레드ᄅ스네ᅵ그히ᄅ스,rattlesnake hills,17,,auto,
reg00993,region,랭스,랭스,0,Reims,Reims,,렝스,reims,5,,added,
reg00740,region,랭커스터 밸리,랭커스터 밸리,0,Lancaster Valley,Lancaster Valley,AVA,렝거스더베ᄅ리,lancaster valley,14,,auto,
reg00746,region,랭혼 크릭,랭혼 크릭,0,Langhorne Creek,Langhorne Creek,,렝호ᄂ그리ᄀ,langhorne creek,11,,manual,
reg01034,region,러더퍼드,러더퍼드,0,Rutherford,Rutherford,AVA,러더버드,rutherford,8,,manual,
reg01032,region,러시안,러시안,0,Russian,Russian,,러시ᅡᄂ,russian,6,,auto,
reg01033,region,러시안 리버 밸리,러시안 리버 밸리,0,Russian River Valley,Russian River Valley,,러시ᅡᄂ리버베ᄅ리,russian river valley,15,,added,
reg00992,region,레겡구스,레겡구스,0,Reguengos,Reguengos,DOC,레겡구스,reguengos,9,,manual,
reg00994,region,레노,레노,0,Reno,Reno,,레노,reno,4,,manual,
reg00987,region,레돈두,레돈두,0,Redondo,Redondo,DOC,레도ᄂ두,redondo,7,,manual,
reg00986,region,레드 마운틴,레드 마운틴,0,Red Mountain,Red Mountain,AVA,레드마ᅮᄂ디ᄂ,red mountain,11,,auto,
reg00984,region,레드 힐 더글러스 카운티,레드 힐 더글러스 카운티,0,"Red Hill Douglas County, Oregon","Red Hill Douglas County, Oregon",AVA,레드히ᄅ더그ᄅ러스가ᅮᄂ디,red hill douglas county oregon,22,,manual,
reg00985,region,레드 힐스 레이크 카운티,레드 힐스 레이크 카운티,0,Red Hills Lake County,Red Hills Lake County,AVA,레드히ᄅ스레ᅵ그가ᅮᄂ디,red hills lake county,20,,auto,
reg00988,region,레드우드 밸리,레드우드 밸리,0,Redwood Valley,Redwood Valley,AVA,레드ᅮ드베ᄅ리,redwood valley,12,,auto,
reg01036,region,레들 록 말리부,레들 록 말리부,0,Saddle Rock-Malibu,Saddle Rock-Malibu,AVA,레드ᄅ로ᄀ마ᄅ리부,saddle rockmalibu,15,,auto,
reg00755,region,레시니,레시니,0,Lessini,Lessini,,레시니,lessini,6,,manual,
reg00734,region,레이크 미시간 쇼어,레이크 미시간 쇼어,0,Lake Michigan Shore,Lake Michigan Shore,AVA,레ᅵ그미시가ᄂ소ᅥ,lake michigan shore,15,,auto,
reg00732,region,레이크 셸란,레이크 셸란,0,Lake Chelan,Lake Chelan,AVA,레ᅵ그세ᄅ라ᄂ,lake chelan,11,,auto,
reg00735,region,레이크 위스콘신,레이크 위스콘신,0,Lake Wisconsin,Lake Wisconsin,AVA,레ᅵ그ᅱ스고ᄂ시ᄂ,lake wisconsin,14,,auto,
reg00733,region,레이크 이리,레이크 이리,0,Lake Erie,Lake Erie,AVA,레ᅵ그ᅵ리,lake erie,8,,auto,
reg00989,region,레자노,레자노,0,Reggiano,Reggiano,,레자노,reggiano,6,,manual,
reg01018,region,로그 밸리,로그 밸리,0,Rogue Valley,Rogue Valley,AVA,로그베ᄅ리,rogue valley,9,,auto,
reg00767,region,로다이,로다이,0,Lodi,Lodi,AVA,로다ᅵ,lodi,5,,manual,
reg00773,region,로라미 크릭,로라미 크릭,0,Loramie Creek,Loramie Creek,AVA,로라미그리ᄀ,loramie creek,11,,auto,
reg00749,region,로렐우드,로렐우드,0,Laurelwood District,Laurelwood District,AVA,로레루드,laurelwood district,8,,auto,
reg00776,region,로리냐,로리냐,0,Lourinhã,Lourinhã,DOC,로리나,lourinha,6,,manual,
reg01019,region,로마냐,로마냐,0,Romagna,Romagna,,로마나,romagna,6,,manual,
reg01020,region,로마네 콩티,로마네 콩티,0,Romanee-Conti,Romanee-Conti,,로마네공디,romaneeconti,11,,added,
reg01021,region,로만자,로만자,0,Romangia,Romangia,,로마ᄂ자,romangia,7,,manual,
reg01013,region,로브,로브,0,Robe,Robe,,로브,robe,4,,manual,
reg01024,region,로소 코네로,로소 코네로,0,Rosso Conero,Rosso Conero,,로소고네로,rosso conero,10,,manual,
reg01025,region,로소 피체노,로소 피체노,0,Rosso Piceno,Rosso Piceno,,로소비제노,rosso piceno,10,,manual,
reg00775,region,로스 올리보스,로스 올리보스,0,Los Olivos District,Los Olivos District,AVA,로스ᅩᄅ리보스,los olivos district,12,,auto,
reg00774,region,로스 카네로스,로스 카네로스,0,Los Carneros,Los Carneros,AVA,로스가네로스,los carneros,12,,auto,
reg00777,region,로어 롱 톰,로어 롱 톰,0,Lower Long Tom,Lower Long Tom,AVA,로ᅥ롱도ᄆ,lower long tom,9,,manual,
reg01017,region,로에로,로에로,0,Roero,Roero,,로ᅦ로,roero,5,,manual,
reg01027,region,로우드니체,로우드니체,0,Roudnice vineyard,Roudnice vineyard,,로ᅮ드니제,roudnice vineyard,9,,manual,
reg01023,region,로제트,로제트,0,Rosette,Rosette,AOC,로제드,rosette,6,,manual,
reg01022,region,로젠항,로젠항,0,Rosenhang,Rosenhang,,로제ᄂ항,rosenhang,8,,manual,
reg00765,region,로코로톤도,로코로톤도,0,Locorotondo,Locorotondo,,로고로도ᄂ도,locorotondo,11,,manual,
reg00766,region,로크리데,로크리데,0,Locride,Locride,,로그리데,locride,8,,manual,
reg01015,region,로키 노브,로키 노브,0,Rocky Knob,Rocky Knob,AVA,로기노브,rocky knob,8,,auto,
reg01016,region,로키 리치,로키 리치,0,Rocky Reach,Rocky Reach,AVA,로기리지,rocky reach,8,,manual,
reg01026,region,로터 항,로터 항,0,Roter Hang,Roter Hang,,로더항,roter hang,7,,manual,
reg01159,region,록스,록스,0,The Rocks,The Rocks,AVA,로ᄀ스,the rocks,5,,auto,
reg01014,region,록파일,록파일,0,Rockpile,Rockpile,AVA,로ᄀ바ᅵᄅ,rockpile,7,,auto,
reg00998,region,론,론,0,Rhône,Rhône,,로ᄂ,rhone,3,,manual,
reg01218,region,론투에 밸리,론투에 밸리,0,Valle del Lontué,Valle del Lontué,,로ᄂ두ᅦ베ᄅ리,valle del lontue,11,,manual,
reg00771,region,롬바르디아,롬바르디아,0,Lombardy,Lombardy,,로ᄆ바르디ᅡ,lombardy,10,,added,
reg00772,region,롱 아일랜드,롱 아일랜드,0,Long Island,Long Island,AVA,롱ᅡᅵᄅ레ᄂ드,long island,11,,auto,
reg00768,region,뢰스 힐스,뢰스 힐스,0,Loess Hills District,Loess Hills District,AVA,뤠스히ᄅ스,loess hills district,9,,auto,
reg00995,region,뢰이,뢰이,0,Reuilly,Reuilly,AOC,뤠ᅵ,reuilly,3,,manual,
reg00779,region,루가나,루가나,0,Lugana,Lugana,,루가나,lugana,6,,manual,
reg01028,region,루시용,루시용,0,Roussillon,Roussillon,,루시ᅩᆼ,roussillon,6,,added,
reg00769,region,루아르,루아르,0,Loire,Loire,,루ᅡ르,loire,5,,added,
reg00770,region,루아르 밸리,루아르 밸리,0,Loire Valley,Loire Valley,,루ᅡ르베ᄅ리,loire valley,10,,manual,
reg01029,region,루에다,루에다,0,Rueda,Rueda,,루ᅦ다,rueda,5,,added,
reg00756,region,루이스 클라크 밸리,루이스 클라크 밸리,0,Lewis-Clark Valley,Lewis-Clark Valley,AVA,루ᅵ스그ᄅ라그베ᄅ리,lewisclark valley,17,,auto,
reg00778,region,루체라,루체라,0,Lucera,Lucera,,루제라,lucera,6,,manual,
reg01030,region,루피나,루피나,0,Rufina,Rufina,,루비나,rufina,6,,manual,
reg01031,region,륄리,륄리,0,Rully,Rully,,뤼ᄅ리,rully,5,,added,
reg00760,region,리락,리락,0,Lirac,Lirac,,리라ᄀ,lirac,5,,added,
reg01010,region,리버 정션,리버 정션,0,River Junction,River Junction,AVA,리버정서ᄂ,river junction,10,,auto,
reg00764,region,리버모어 밸리,리버모어 밸리,0,Livermore Valley,Livermore Valley,AVA,리버모ᅥ베ᄅ리,livermore valley,12,,auto,
reg01002,region,리베라 델 가예고 신코 비야스,리베라 델 가예고 신코 비야스,0,Ribera del Gállego-Cinco Villas,Ribera del Gállego-Cinco Villas,PGI,리베라데ᄅ가ᅦ고시ᄂ고비ᅡ스,ribera del gallegocinco villas,24,,manual,
reg01001,region,리베라 델 두에로,리베라 델 두에로,0,Ribera del Duero,Ribera del Duero,,리베라데ᄅ두ᅦ로,ribera del duero,14,,manual,
reg01004,region,리베라 델 케일레스,리베라 델 케일레스,0,Ribera del Queiles,Ribera del Queiles,PGI,리베라데ᄅ게ᅵᄅ레스,ribera del queiles,17,,manual,
reg01003,region,리베라 델 힐로카,리베라 델 힐로카,0,Ribera del Jiloca,Ribera del Jiloca,PGI,리베라데ᄅ히ᄅ로가,ribera del jiloca,16,,manual,
reg01000,region,리본 리지,리본 리지,0,Ribbon Ridge,Ribbon Ridge,AVA,리보ᄂ리지,ribbon ridge,9,,auto,
reg01011,region,리비에라 디 레반테,리비에라 디 레반테,0,Riviera di Levante,Riviera di Levante,,리비ᅦ라디레바ᄂ데,riviera di levante,16,,manual,
reg01012,region,리비에라 디 포넨테,리비에라 디 포넨테,0,Riviera di Ponente,Riviera di Ponente,,리비ᅦ라디보네ᄂ데,riviera di ponente,16,,manual,
reg00762,region,리손 프라마조레,리손 프라마조레,0,Lison-Pramaggiore,Lison-Pramaggiore,,리소ᄂ브라마조레,lisonpramaggiore,15,,manual,
reg01005,region,리슈부르,리슈부르,0,Richebourg,Richebourg,,리수부르,richebourg,8,,added,
reg00761,region,리스보아,리스보아,0,Lisboa,Lisboa,VR,리스보ᅡ,lisboa,7,,manual,
reg00763,region,리스트락 메독,리스트락 메독,0,Listrac-Medoc,Listrac-Medoc,,리스드라ᄀ메도ᄀ,listracmedoc,14,,added,
reg00999,region,리아스 바이샤스,리아스 바이샤스,0,Rias Baixas,Rias Baixas,,리ᅡ스바ᅵ사스,rias baixas,12,,added,
reg00999,region,리아스 바이사스,리아스 바이샤스,1,Rias Baixas,Rias Baixas,,리ᅡ스바ᅵ사스,rias baixas,12,,alias,
reg01006,region,리에시,리에시,0,Riesi,Riesi,,리ᅦ시,riesi,5,,manual,
reg00754,region,리오나 밸리,리오나 밸리,0,Leona Valley,Leona Valley,AVA,리ᅩ나베ᄅ리,leona valley,10,,auto,
reg01007,region,리오하,리오하,0,Rioja,Rioja,,리ᅩ하,rioja,5,,manual,
reg01008,region,리오하 알라베사,리오하 알라베사,0,Rioja Alavesa,Rioja Alavesa,,리ᅩ하ᅡᄅ라베사,rioja alavesa,13,,added,
reg01009,region,리오하 알타,리오하 알타,0,Rioja Alta,Rioja Alta,,리ᅩ하ᅡᄅ다,rioja alta,9,,added,
reg00759,region,리파리,리파리,0,Lipari,Lipari,,리바리,lipari,6,,manual,
reg00753,region,리하이 밸리,리하이 밸리,0,Lehigh Valley,Lehigh Valley,AVA,리하ᅵ베ᄅ리,lehigh valley,10,,auto,
reg00758,region,린가노어,린가노어,0,Linganore,Linganore,AVA,리ᄂ가노ᅥ,linganore,8,,auto,
reg00752,region,릴라노 페닌슐라,릴라노 페닌슐라,0,Leelanau Peninsula,Leelanau Peninsula,AVA,리ᄅ라노베니ᄂ수ᄅ라,leelanau peninsula,17,,auto,
reg00794,region,마가렛 리버,마가렛 리버,0,Margaret River,Margaret River,,마가레ᄉ리버,margaret river,11,,manual,
reg00795,region,마고,마고,0,Margaux,Margaux,,마고,margaux,4,,added,
reg00783,region,마데라,마데라,0,Madera,Madera,AVA,마데라,madera,6,,auto,
reg00782,region,마데이라,마데이라,0,Madeira,Madeira,DOC,마데ᅵ라,madeira,7,,manual,
reg00784,region,마디랑,마디랑,0,Madiran,Madiran,,마디랑,madiran,7,,added,
reg00793,region,마렘마,마렘마,0,Maremma,Maremma,,마레ᄆ마,maremma,7,,manual,
reg00798,region,마르밀라,마르밀라,0,Marmilla,Marmilla,,마르미ᄅ라,marmilla,9,,manual,
reg00800,region,마르사네,마르사네,0,Marsannay,Marsannay,,마르사네,marsannay,8,,added,
reg00799,region,마르살라,마르살라,0,Marsala,Marsala,,마르사ᄅ라,marsala,9,,manual,
reg00792,region,마르케,마르케,0,Marche,Marche,,마르게,marche,6,,added,
reg00796,region,마리노,마리노,0,Marino,Marino,,마리노,marino,6,,manual,
reg00788,region,마메르티노,마메르티노,0,Mamertino,Mamertino,,마메르디노,mamertino,10,,manual,
reg00801,region,마사스 빈야드,마사스 빈야드,0,Martha's Vineyard,Martha's Vineyard,AVA,마사스비나드,marthas vineyard,12,,manual,
reg00864,region,마운트 갬비어,마운트 갬비어,0,Mount Gambier,Mount Gambier,,마ᅮᄂ드게ᄆ비ᅥ,mount gambier,12,,manual,
reg00863,region,마운트 벤슨,마운트 벤슨,0,Mount Benson,Mount Benson,,마ᅮᄂ드베ᄂ스ᄂ,mount benson,12,,manual,
reg00867,region,마운트 비더,마운트 비더,0,Mount Veeder,Mount Veeder,AVA,마ᅮᄂ드비더,mount veeder,10,,manual,
reg00866,region,마운트 피스가,마운트 피스가,0,"Mount Pisgah, Polk County, Oregon","Mount Pisgah, Polk County, Oregon",AVA,마ᅮᄂ드비스가,mount pisgah polk county oregon,12,,manual,
reg00865,region,마운트 할란,마운트 할란,0,Mount Harlan,Mount Harlan,AVA,마ᅮᄂ드하ᄅ라ᄂ,mount harlan,12,,manual,
reg00785,region,마이포 밸리,마이포 밸리,0,Maipo Valley,Maipo Valley,,마ᅵ보베ᄅ리,maipo valley,10,,added,
reg01219,region,마이포 밸리,마이포 밸리,0,Valle del Maipo,Valle del Maipo,,마ᅵ보베ᄅ리,valle del maipo,10,,manual,
reg00781,region,마코네,마코네,0,Maconnais,Maconnais,,마고네,maconnais,6,,added,
reg00780,region,마콩,마콩,0,Macon,Macon,,마공,macon,5,,added,
reg00803,region,마테라,마테라,0,Matera,Matera,,마데라,matera,6,,manual,
reg00875,region,마트라,마트라,0,Mátra,Mátra,,마드라,matra,6,,manual,
reg00802,region,마틴버러,마틴버러,0,Martinborough,Martinborough,,마디ᄂ버러,martinborough,9,,added,
reg00790,region,만두리아,만두리아,0,Manduria,Manduria,,마ᄂ두리ᅡ,manduria,8,,manual,
reg00789,region,만드롤리사이,만드롤리사이,0,Mandrolisai,Mandrolisai,,마ᄂ드로ᄅ리사ᅵ,mandrolisai,13,,manual,
reg00791,region,만토바노,만토바노,0,Mantovano,Mantovano,,마ᄂ도바노,mantovano,9,,manual,
reg00787,region,말리부 뉴턴 캐니언,말리부 뉴턴 캐니언,0,Malibu-Newton Canyon,Malibu-Newton Canyon,AVA,마ᄅ리부누더ᄂ게니ᅥᄂ,malibunewton canyon,18,,auto,
reg00786,region,말리부 코스트,말리부 코스트,0,Malibu Coast,Malibu Coast,AVA,마ᄅ리부고스드,malibu coast,13,,auto,
reg00797,region,말보로,말보로,0,Marlborough,Marlborough,,마ᄅ보로,marlborough,7,,manual,
reg00797,region,말보루,말보로,1,Marlborough,Marlborough,,마ᄅ보루,marlborough,7,,alias,
reg00805,region,맥다월 밸리,맥다월 밸리,0,McDowell Valley,McDowell Valley,AVA,메ᄀ다ᅯᄅ베ᄅ리,mcdowell valley,12,,auto,
reg00806,region,맥라렌 베일,맥라렌 베일,0,McLaren Vale,McLaren Vale,,메ᄀ라레ᄂ베ᅵᄅ,mclaren vale,12,,manual,
reg00807,region,맥미빌,맥미빌,0,McMinnville,McMinnville,AVA,메ᄀ미비ᄅ,mcminnville,8,,auto,
reg00871,region,머레이 달링,머레이 달링,0,Murray Darling,Murray Darling,,머레ᅵ다ᄅ링,murray darling,11,,manual,
reg00869,region,머지,머지,0,Mudgee,Mudgee,,머지,mudgee,4,,manual,
reg00808,region,메독,메독,0,Medoc,Medoc,,메도ᄀ,medoc,5,,added,
reg00817,region,메라네세,메라네세,0,Meranese,Meranese,,메라네세,meranese,8,,manual,
reg00818,region,메르퀴레,메르퀴레,0,Mercurey,Mercurey,,메르귀레,mercurey,8,,added,
reg00819,region,메르헬란트,메르헬란트,0,Mergelland,Mergelland,,메르헤ᄅ라ᄂ드,mergelland,12,,manual,
reg00820,region,메릿 아일랜드,메릿 아일랜드,0,Merritt Island,Merritt Island,AVA,메리사ᅵᄅ레ᄂ드,merritt island,13,,auto,
reg00821,region,메시야 밸리,메시야 밸리,0,Mesilla Valley,Mesilla Valley,AVA,메시ᅡ베ᄅ리,mesilla valley,10,,auto,
reg00813,region,멘도사,멘도사,0,Mendoza,Mendoza,,메ᄂ도사,mendoza,7,,added,
reg00814,region,멘도사,멘도사,0,Mendoza Province,Mendoza Province,,메ᄂ도사,mendoza province,7,,added,
reg00813,region,멘도싸,멘도사,1,Mendoza,Mendoza,,메ᄂ도사,mendoza,7,,alias,
reg00810,region,멘도시노,멘도시노,0,Mendocino,Mendocino,AVA,메ᄂ도시노,mendocino,9,,auto,
reg00812,region,멘도시노 리지,멘도시노 리지,0,Mendocino Ridge,Mendocino Ridge,AVA,메ᄂ도시노리지,mendocino ridge,13,,auto,
reg00811,region,멘도시노 카운티,멘도시노 카운티,0,Mendocino County,Mendocino County,,메ᄂ도시노가ᅮᄂ디,mendocino county,15,,auto,
reg00816,region,멘피,멘피,0,Menfi,Menfi,,메ᄂ비,menfi,5,,manual,
reg00809,region,멜리사,멜리사,0,Melissa,Melissa,,메ᄅ리사,melissa,7,,manual,
reg00832,region,모데나,모데나,0,Modena,Modena,,모데나,modena,6,,manual,
reg00853,region,모라비아,모라비아,0,Moravia,Moravia,,모라비ᅡ,moravia,7,,manual,
reg00855,region,모레 생 드니,모레 생 드니,0,Morey-Saint-Denis,Morey-Saint-Denis,,모레셍드니,moreysaintdenis,11,,added,
reg00854,region,모렐리노 디 스칸사노,모렐리노 디 스칸사노,0,Morellino di Scansano,Morellino di Scansano,,모레ᄅ리노디스가ᄂ사노,morellino di scansano,20,,manual,
reg00856,region,모르공,모르공,0,Morgon,Morgon,,모르공,morgon,7,,added,
reg00804,region,모리,모리,0,Maury,Maury,AOC,모리,maury,4,,manual,
reg00857,region,모스카텔 드 세투발,모스카텔 드 세투발,0,Moscatel de Setúbal,Moscatel de Setúbal,DOC,모스가데ᄅ드세두바ᄅ,moscatel de setubal,18,,manual,
reg00858,region,모스카토 다스티,모스카토 다스티,0,Moscato d'Asti,Moscato d'Asti,,모스가도다스디,moscato dasti,14,,manual,
reg00858,region,모스카토 아스티,모스카토 다스티,1,Moscato d'Asti,Moscato d'Asti,,모스가도ᅡ스디,moscato dasti,13,,alias,
reg00858,region,무스카토 다스티,모스카토 다스티,1,Moscato d'Asti,Moscato d'Asti,,무스가도다스디,moscato dasti,14,,alias,
reg00858,region,무스카토 아스티,모스카토 다스티,1,Moscato d'Asti,Moscato d'Asti,,무스가도ᅡ스디,moscato dasti,13,,alias,
reg00868,region,모우라,모우라,0,Moura,Moura,DOC,모ᅮ라,moura,5,,manual,
reg00859,region,모젤,모젤,0,Mosel,Mosel,,모제ᄅ,mosel,5,,manual,
reg00860,region,모젤,모젤,0,Moselle,Moselle,,모제ᄅ,moselle,5,,manual,
reg00833,region,모컬럼 리버,모컬럼 리버,0,Mokelumne River,Mokelumne River,AVA,모거ᄅ러ᄆ리버,mokelumne river,12,,auto,
reg00836,region,몬레알레,몬레알레,0,Monreale,Monreale,,모ᄂ레ᅡᄅ레,monreale,9,,manual,
reg00851,region,몬산트,몬산트,0,Montsant,Montsant,,모ᄂ사ᄂ드,montsant,8,,added,
reg00839,region,몬탈치노,몬탈치노,0,Montalcino,Montalcino,,모ᄂ다ᄅ지노,montalcino,10,,manual,
reg00840,region,몬태나,몬태나,0,Montana,Montana,,모ᄂ데나,montana,7,,manual,
reg00846,region,몬터레이,몬터레이,0,Monterey,Monterey,AVA,모ᄂ더레ᅵ,monterey,8,,manual,
reg00841,region,몬테카를로,몬테카를로,0,Montecarlo,Montecarlo,,모ᄂ데가르ᄅ로,montecarlo,12,,manual,
reg00842,region,몬테팔코,몬테팔코,0,Montefalco,Montefalco,,모ᄂ데바ᄅ고,montefalco,10,,manual,
reg00844,region,몬테풀차노,몬테풀차노,0,Montepulciano,Montepulciano,,모ᄂ데부ᄅ자노,montepulciano,12,,manual,
reg00845,region,몬테풀차노 다브루초,몬테풀차노 다브루초,0,Montepulciano d'Abruzzo,Montepulciano d'Abruzzo,,모ᄂ데부ᄅ자노다브루조,montepulciano dabruzzo,20,,manual,
reg00845,region,다부루쪼,몬테풀차노 다브루초,1,Montepulciano d'Abruzzo,Montepulciano d'Abruzzo,,다부루조,montepulciano dabruzzo,8,,alias,
reg00845,region,다부루초,몬테풀차노 다브루초,1,Montepulciano d'Abruzzo,Montepulciano d'Abruzzo,,다부루조,montepulciano dabruzzo,8,,alias,
reg00845,region,다부르쪼,몬테풀차노 다브루초,1,Montepulciano d'Abruzzo,Montepulciano d'Abruzzo,,다부르조,montepulciano dabruzzo,8,,alias,
reg00845,region,다부르쬬,몬테풀차노 다브루초,1,Montepulciano d'Abruzzo,Montepulciano d'Abruzzo,,다부르조,montepulciano dabruzzo,8,,alias,
reg00845,region,다부르초,몬테풀차노 다브루초,1,Montepulciano d'Abruzzo,Montepulciano d'Abruzzo,,다부르조,montepulciano dabruzzo,8,,alias,
reg00845,region,다부르쵸,몬테풀차노 다브루초,1,Montepulciano d'Abruzzo,Montepulciano d'Abruzzo,,다부르조,montepulciano dabruzzo,8,,alias,
reg00845,region,다브루쪼,몬테풀차노 다브루초,1,Montepulciano d'Abruzzo,Montepulciano d'Abruzzo,,다브루조,montepulciano dabruzzo,8,,alias,
reg00845,region,다브루쬬,몬테풀차노 다브루초,1,Montepulciano d'Abruzzo,Montepulciano d'Abruzzo,,다브루조,montepulciano dabruzzo,8,,alias,
reg00845,region,다브루쵸,몬테풀차노 다브루초,1,Montepulciano d'Abruzzo,Montepulciano d'Abruzzo,,다브루조,montepulciano dabruzzo,8,,alias,
reg00845,region,디아부르초,몬테풀차노 다브루초,1,Montepulciano d'Abruzzo,Montepulciano d'Abruzzo,,디ᅡ부르조,montepulciano dabruzzo,9,,alias,
reg00845,region,디아부르쵸,몬테풀차노 다브루초,1,Montepulciano d'Abruzzo,Montepulciano d'Abruzzo,,디ᅡ부르조,montepulciano dabruzzo,9,,alias,
reg00845,region,몬테풀차노 다부르쪼,몬테풀차노 다브루초,1,Montepulciano d'Abruzzo,Montepulciano d'Abruzzo,,모ᄂ데부ᄅ자노다부르조,montepulciano dabruzzo,20,,alias,
reg00845,region,몬테풀치아노 다부르쪼,몬테풀차노 다브루초,1,Montepulciano d'Abruzzo,Montepulciano d'Abruzzo,,모ᄂ데부ᄅ지ᅡ노다부르조,montepulciano dabruzzo,21,,alias,
reg00845,region,몬테풀치아노 다부르초,몬테풀차노 다브루초,1,Montepulciano d'Abruzzo,Montepulciano d'Abruzzo,,모ᄂ데부ᄅ지ᅡ노다부르조,montepulciano dabruzzo,21,,alias,
reg00845,region,몬테풀치아노 다브루쪼,몬테풀차노 다브루초,1,Montepulciano d'Abruzzo,Montepulciano d'Abruzzo,,모ᄂ데부ᄅ지ᅡ노다브루조,montepulciano dabruzzo,21,,alias,
reg00843,region,몬텔로 에 콜리 아솔라니,몬텔로 에 콜리 아솔라니,0,Montello e Colli Asolani,Montello e Colli Asolani,,모ᄂ데ᄅ로ᅦ고ᄅ리ᅡ소ᄅ라니,montello e colli asolani,22,,manual,
reg00849,region,몬티첼로,몬티첼로,0,Monticello,Monticello,AVA,모ᄂ디제ᄅ로,monticello,10,,auto,
reg00835,region,몬페라토,몬페라토,0,Monferrato,Monferrato,,모ᄂ베라도,monferrato,9,,manual,
reg00847,region,몬페라토,몬페라토,0,Montferrat,Montferrat,,모ᄂ베라도,montferrat,9,,wikidata,
reg00850,region,몽라셰,몽라셰,0,Montrachet,Montrachet,,몽라세,montrachet,7,,added,
reg00850,region,몽라쉐,몽라셰,1,Montrachet,Montrachet,,몽라쉐,montrachet,7,,alias,
reg00834,region,몽바지야크,몽바지야크,0,Monbazillac,Monbazillac,,몽바지ᅡ그,monbazillac,10,,added,
reg00837,region,몽타뉴 드 랭스,몽타뉴 드 랭스,0,Montagne de Reims,Montagne de Reims,,몽다누드렝스,montagne de reims,14,,manual,
reg00838,region,몽타니,몽타니,0,Montagny,Montagny,,몽다니,montagny,7,,added,
reg00848,region,몽텔리,몽텔리,0,Monthelie,Monthelie,,몽데ᄅ리,monthelie,8,,added,
reg00822,region,뫼르소,뫼르소,0,Meursault,Meursault,,뭬르소,meursault,6,,added,
reg00822,region,뫼르쏘,뫼르소,1,Meursault,Meursault,,뭬르소,meursault,6,,alias,
reg00874,region,무테니체,무테니체,0,Mutěnice,Mutěnice,,무데니제,mutenice,8,,manual,
reg00852,region,문 마운틴 디스트릭트,문 마운틴 디스트릭트,0,Moon Mountain District Sonoma County,Moon Mountain District Sonoma County,,무ᄂ마ᅮᄂ디ᄂ디스드리ᄀ드,moon mountain district sonoma county,21,,manual,
reg00870,region,물더스플레이,물더스플레이,0,Muldersvlei district,Muldersvlei district,,무ᄅ더스브ᄅ레ᅵ,muldersvlei district,13,,manual,
reg00861,region,물랭 아 방,물랭 아 방,0,Moulin-a-Vent,Moulin-a-Vent,,무ᄅ렝ᅡ방,moulinavent,10,,added,
reg00862,region,물리 앙 메독,물리 앙 메독,0,Moulis-en-Medoc,Moulis-en-Medoc,,무ᄅ리ᅡᆼ메도ᄀ,moulisenmedoc,12,,added,
reg00872,region,뮈스카데,뮈스카데,0,Muscadet,Muscadet,,뮈스가데,muscadet,8,,added,
reg00873,region,뮈지니,뮈지니,0,Musigny,Musigny,,뮈지니,musigny,6,,added,
reg00815,region,므네투 살롱,므네투 살롱,0,Menetou-Salon,Menetou-Salon,,므네두사ᄅ롱,menetousalon,12,,added,
reg00827,region,미네르부아,미네르부아,0,Minervois,Minervois,,미네르부ᅡ,minervois,9,,added,
reg00828,region,미뉴,미뉴,0,Minho,Minho,VR,미누,minho,4,,manual,
reg00823,region,미들 리오 그란데 밸리,미들 리오 그란데 밸리,0,Middle Rio Grande Valley,Middle Rio Grande Valley,AVA,미드ᄅ리ᅩ그라ᄂ데베ᄅ리,middle rio grande valley,20,,auto,
reg00824,region,미들버그,미들버그,0,Middleburg,Middleburg,AVA,미드ᄅ버그,middleburg,9,,auto,
reg00829,region,미시시피 델타,미시시피 델타,0,Mississippi Delta,Mississippi Delta,AVA,미시시비데ᄅ다,mississippi delta,13,,auto,
reg00830,region,미주리 라인란트,미주리 라인란트,0,Missouri Rhineland,Missouri Rhineland,,미주리라ᅵᄂ라ᄂ드,missouri rhineland,15,,manual,
reg00825,region,미쿨로프,미쿨로프,0,Mikulovská,Mikulovská,,미구ᄅ로브,mikulovska,9,,manual,
reg00831,region,미텔라인,미텔라인,0,Mittelrhein,Mittelrhein,,미데ᄅ라ᅵᄂ,mittelrhein,9,,manual,
reg00826,region,밈브레스 밸리,밈브레스 밸리,0,Mimbres Valley,Mimbres Valley,AVA,미ᄆ브레스베ᄅ리,mimbres valley,14,,auto,
reg00391,region,바 아르마냑,바 아르마냑,0,Bas-Armagnac,Bas-Armagnac,,바ᅡ르마나ᄀ,basarmagnac,10,,manual,
reg00383,region,바뉠스,바뉠스,0,Banyuls,Banyuls,,바뉘ᄅ스,banyuls,7,,added,
reg00376,region,바다초니,바다초니,0,Badacsony,Badacsony,,바다조니,badacsony,8,,manual,
reg00377,region,바덴,바덴,0,Baden,Baden,,바데ᄂ,baden,5,,manual,
reg00389,region,바로사 밸리,바로사 밸리,0,Barossa Valley,Barossa Valley,,바로사베ᄅ리,barossa valley,11,,manual,
reg00389,region,바로싸 밸리,바로사 밸리,1,Barossa Valley,Barossa Valley,,바로사베ᄅ리,barossa valley,11,,alias,
reg01226,region,바로자,바로자,0,Varosa,Varosa,IPR,바로자,varosa,6,,manual,
reg00388,region,바롤로,바롤로,0,Barolo,Barolo,,바로ᄅ로,barolo,7,,manual,
reg00386,region,바르돌리노,바르돌리노,0,Bardolino,Bardolino,,바르도ᄅ리노,bardolino,11,,manual,
reg00385,region,바르바레스코,바르바레스코,0,Barbaresco,Barbaresco,,바르바레스고,barbaresco,12,,manual,
reg00384,region,바르바자,바르바자,0,Barbagia,Barbagia,,바르바자,barbagia,8,,manual,
reg00390,region,바르삭,바르삭,0,Barsac,Barsac,,바르사ᄀ,barsac,7,,added,
reg00387,region,바를레타,바를레타,0,Barletta,Barletta,,바르ᄅ레다,barletta,9,,manual,
reg00392,region,바실리카타,바실리카타,0,Basilicata,Basilicata,,바시ᄅ리가다,basilicata,11,,added,
reg01215,region,바예 데 라 오로타바,바예 데 라 오로타바,0,Valle de la Orotava,Valle de la Orotava,,바ᅦ데라ᅩ로다바,valle de la orotava,14,,manual,
reg01210,region,바예 센트랄,바예 센트랄,0,Valle Central,Valle Central,,바ᅦ세ᄂ드라ᄅ,valle central,11,,manual,
reg00378,region,바이하다,바이하다,0,Bairrada,Bairrada,,바ᅵ하다,bairrada,7,,added,
reg01256,region,바인피어텔,바인피어텔,0,Weinviertel,Weinviertel,,바ᅵᄂ비ᅥ데ᄅ,weinviertel,10,,added,
reg01194,region,바케라스,바케라스,0,Vacqueyras,Vacqueyras,,바게라스,vacqueyras,8,,added,
reg00393,region,바타르 몽라셰,바타르 몽라셰,0,Batard-Montrachet,Batard-Montrachet,,바다르몽라세,batardmontrachet,13,,added,
reg01250,region,바하우,바하우,0,Wachau,Wachau,,바하ᅮ,wachau,5,,added,
reg01196,region,발 데모네,발 데모네,0,Val Demone,Val Demone,,바ᄅ데모네,val demone,9,,manual,
reg01201,region,발 디 네토,발 디 네토,0,Val di Neto,Val di Neto,,바ᄅ디네도,val di neto,9,,manual,
reg01202,region,발 디 노토,발 디 노토,0,Val di Noto,Val di Noto,,바ᄅ디노도,val di noto,9,,manual,
reg01200,region,발 디 마차라,발 디 마차라,0,Val di Mazara,Val di Mazara,,바ᄅ디마자라,val di mazara,11,,manual,
reg01199,region,발 디 코르니아,발 디 코르니아,0,Val di Cornia,Val di Cornia,,바ᄅ디고르니ᅡ,val di cornia,12,,manual,
reg01198,region,발 티도네,발 티도네,0,Val Tidone,Val Tidone,,바ᄅ디도네,val tidone,9,,manual,
reg01197,region,발 폴체베라,발 폴체베라,0,Val Polcevera,Val Polcevera,,바ᄅ보ᄅ제베라,val polcevera,12,,manual,
reg01205,region,발다르노 디 소프라,발다르노 디 소프라,0,Valdarno di Sopra,Valdarno di Sopra,,바ᄅ다르노디소브라,valdarno di sopra,17,,manual,
reg01207,region,발데오라스,발데오라스,0,Valdeorras,Valdeorras,,바ᄅ데ᅩ라스,valdeorras,10,,added,
reg01206,region,발데할론,발데할론,0,Valdejalón,Valdejalón,PGI,바ᄅ데하ᄅ로ᄂ,valdejalon,11,,manual,
reg01208,region,발도비아데네,발도비아데네,0,Valdobbiadene,Valdobbiadene,,바ᄅ도비ᅡ데네,valdobbiadene,12,,added,
reg01209,region,발라가리나,발라가리나,0,Vallagarina,Vallagarina,,바ᄅ라가리나,vallagarina,11,,manual,
reg00381,region,발라드 캐니언,발라드 캐니언,0,Ballard Canyon,Ballard Canyon,AVA,바ᄅ라드게니ᅥᄂ,ballard canyon,13,,auto,
reg00379,region,발라톤보글라르,발라톤보글라르,0,Balatonboglár,Balatonboglár,,바ᄅ라도ᄂ보그ᄅ라르,balatonboglar,17,,manual,
reg00380,region,발라톤퓌레드 초팍,발라톤퓌레드 초팍,0,Balatonfüred-Csopak,Balatonfüred-Csopak,,바ᄅ라도ᄂ뷔레드조바ᄀ,balatonfuredcsopak,19,,manual,
reg01213,region,발레 다오스타,발레 다오스타,0,Valle d'Aosta,Valle d'Aosta,,바ᄅ레다ᅩ스다,valle daosta,12,,manual,
reg01221,region,발레 드 라 마른,발레 드 라 마른,0,Vallée de la Marne,Vallée de la Marne,,바ᄅ레드라마르ᄂ,vallee de la marne,14,,manual,
reg01214,region,발레 디트리아,발레 디트리아,0,Valle d'Itria,Valle d'Itria,,바ᄅ레디드리ᅡ,valle ditria,12,,manual,
reg01212,region,발레 베노스타,발레 베노스타,0,Valle Venosta,Valle Venosta,,바ᄅ레베노스다,valle venosta,13,,manual,
reg01211,region,발레 이사르코,발레 이사르코,0,Valle Isarco,Valle Isarco,,바ᄅ레ᅵ사르고,valle isarco,12,,manual,
reg01204,region,발카모니카,발카모니카,0,Valcamonica,Valcamonica,,바ᄅ가모니가,valcamonica,11,,manual,
reg01203,region,발칼레피오,발칼레피오,0,Valcalepio,Valcalepio,,바ᄅ가ᄅ레비ᅩ,valcalepio,11,,manual,
reg01224,region,발텔리나,발텔리나,0,Valtellina,Valtellina,,바ᄅ데ᄅ리나,valtellina,10,,manual,
reg01222,region,발파소스,발파소스,0,Valpaços,Valpaços,DOC,바ᄅ바소스,valpacos,9,,manual,
reg01223,region,발폴리첼라,발폴리첼라,0,Valpolicella,Valpolicella,,바ᄅ보ᄅ리제ᄅ라,valpolicella,13,,manual,
reg00382,region,방돌,방돌,0,Bandol,Bandol,,방도ᄅ,bandol,6,,added,
reg01225,region,밴 듀저 코리도,밴 듀저 코리도,0,Van Duzer Corridor,Van Duzer Corridor,AVA,베ᄂ두저고리도,van duzer corridor,13,,auto,
reg01242,region,뱅소브르,뱅소브르,0,Vinsobres,Vinsobres,AOC,벵소브르,vinsobres,9,,manual,
reg01243,region,버지니아 이스턴 쇼어,버지니아 이스턴 쇼어,0,Virginia's Eastern Shore,Virginia's Eastern Shore,AVA,버지니ᅡᅵ스더ᄂ소ᅥ,virginias eastern shore,16,,manual,
reg01228,region,베네토,베네토,0,Veneto,Veneto,,베네도,veneto,6,,added,
reg00401,region,베넷 밸리,베넷 밸리,0,Bennett Valley,Bennett Valley,AVA,베네ᄉ베ᄅ리,bennett valley,10,,auto,
reg01057,region,베르나차 디 산 지미냐노,베르나차 디 산 지미냐노,0,San Gimignano,San Gimignano,,베르나자디사ᄂ지미나노,san gimignano,21,,manual,
reg01229,region,베르디키오 데이 카스텔리 디 예지,베르디키오 데이 카스텔리 디 예지,0,Verdicchio dei Castelli di Jesi,Verdicchio dei Castelli di Jesi,,베르디기ᅩ데ᅵ가스데ᄅ리디ᅦ지,verdicchio dei castelli di jesi,26,,manual,
reg01230,region,베르디키오 디 마텔리카,베르디키오 디 마텔리카,0,Verdicchio di Matelica,Verdicchio di Matelica,,베르디기ᅩ디마데ᄅ리가,verdicchio di matelica,20,,manual,
reg00403,region,베르주라크,베르주라크,0,Bergerac,Bergerac,,베르주라그,bergerac,10,,added,
reg01231,region,베수비오,베수비오,0,Vesuvio,Vesuvio,,베수비ᅩ,vesuvio,7,,manual,
reg00428,region,베아른,베아른,0,Béarn,Béarn,AOC,베ᅡ르ᄂ,bearn,6,,manual,
reg00396,region,베이라 인테리오르,베이라 인테리오르,0,Beira Interior,Beira Interior,DOC,베ᅵ라ᅵᄂ데리ᅩ르,beira interior,14,,manual,
reg00397,region,베이라스,베이라스,0,Beiras,Beiras,VR,베ᅵ라스,beiras,7,,manual,
reg01195,region,베종 라 로멘,베종 라 로멘,0,Vaison-la-romaine,Vaison-la-romaine,,베종라로메ᄂ,vaisonlaromaine,12,,manual,
reg00399,region,벤 로몬드 마운틴,벤 로몬드 마운틴,0,Ben Lomond Mountain,Ben Lomond Mountain,AVA,베ᄂ로모ᄂ드마ᅮᄂ디ᄂ,ben lomond mountain,17,,auto,
reg00400,region,벤모어 밸리,벤모어 밸리,0,Benmore Valley,Benmore Valley,AVA,베ᄂ모ᅥ베ᄅ리,benmore valley,11,,auto,
reg00398,region,벨 마운틴,벨 마운틴,0,Bell Mountain,Bell Mountain,AVA,베ᄅ마ᅮᄂ디ᄂ,bell mountain,10,,auto,
reg01227,region,벨레트리,벨레트리,0,Velletri,Velletri,,베ᄅ레드리,velletri,9,,manual,
reg00412,region,보느조,보느조,0,Bonnezeaux,Bonnezeaux,,보느조,bonnezeaux,6,,manual,
reg00415,region,보든 랜치,보든 랜치,0,Borden Ranch,Borden Ranch,AVA,보드ᄂ레ᄂ지,borden ranch,10,,auto,
reg00414,region,보르도,보르도,0,Bordeaux,Bordeaux,,보르도,bordeaux,6,,manual,
reg00413,region,보르바,보르바,0,Borba,Borba,DOC,보르바,borba,6,,manual,
reg00394,region,보졸레,보졸레,0,Beaujolais vineyard,Beaujolais vineyard,,보조ᄅ레,beaujolais vineyard,7,,manual,
reg00395,region,본,본,0,Beaune,Beaune,,보ᄂ,beaune,3,,added,
reg01246,region,본 로마네,본 로마네,0,Vosne-Romanee,Vosne-Romanee,,보ᄂ로마네,vosneromanee,9,,added,
reg01246,region,본느 로마네,본 로마네,1,Vosne-Romanee,Vosne-Romanee,,보ᄂ느로마네,vosneromanee,11,,alias,
reg00411,region,본 마르,본 마르,0,Bonnes-Mares,Bonnes-Mares,,보ᄂ마르,bonnesmares,7,,added,
reg00410,region,볼게리,볼게리,0,Bolgheri,Bolgheri,,보ᄅ게리,bolgheri,7,,manual,
reg01245,region,볼네,볼네,0,Volnay,Volnay,,보ᄅ네,volnay,5,,added,
reg00426,region,부르겐란트,부르겐란트,0,Burgenland,Burgenland,,부르게ᄂ라ᄂ드,burgenland,12,,added,
reg00416,region,부르고뉴,부르고뉴,0,Bourgogne,Bourgogne,,부르고누,bourgogne,8,,added,
reg00427,region,부르고뉴,부르고뉴,0,Burgundy,Burgundy,,부르고누,burgundy,8,,manual,
reg00427,region,버건디,부르고뉴,1,Burgundy,Burgundy,,버거ᄂ디,burgundy,7,,alias,
reg00417,region,부르괴이,부르괴이,0,Bourgueil,Bourgueil,,부르궤ᅵ,bourgueil,7,,added,
reg00402,region,부르크 코헴,부르크 코헴,0,Bereich Burg Cochem,Bereich Burg Cochem,,부르그고헤ᄆ,bereich burg cochem,11,,manual,
reg01248,region,부브레,부브레,0,Vouvray,Vouvray,,부브레,vouvray,6,,added,
reg00425,region,부셀라스,부셀라스,0,Bucelas,Bucelas,DOC,부세ᄅ라스,bucelas,9,,manual,
reg01247,region,부조,부조,0,Vougeot,Vougeot,,부조,vougeot,4,,added,
reg01249,region,불투레,불투레,0,Vulture,Vulture,,부ᄅ두레,vulture,7,,manual,
reg01270,region,뷔르템베르크,뷔르템베르크,0,Württemberg,Württemberg,,뷔르데ᄆ베르그,wurttemberg,13,,manual,
reg00419,region,브레간체,브레간체,0,Breganze,Breganze,,브레가ᄂ제,breganze,9,,manual,
reg00418,region,브레데클루프,브레데클루프,0,Breedekloof,Breedekloof,,브레데그ᄅ루브,breedekloof,13,,manual,
reg00422,region,브로크 포드위치,브로크 포드위치,0,Broke Fordwich,Broke Fordwich,,브로그보드ᅱ지,broke fordwich,13,,manual,
reg00424,region,브루넬로 디 몬탈치노,브루넬로 디 몬탈치노,0,Brunello di Montalcino,Brunello di Montalcino,,브루네ᄅ로디모ᄂ다ᄅ지노,brunello di montalcino,21,,added,
reg00424,region,브루넬로,브루넬로 디 몬탈치노,1,Brunello di Montalcino,Brunello di Montalcino,,브루네ᄅ로,brunello di montalcino,9,,alias,
reg00424,region,브루넬로 디 몰탈치노,브루넬로 디 몬탈치노,1,Brunello di Montalcino,Brunello di Montalcino,,브루네ᄅ로디모ᄅ다ᄅ지노,brunello di montalcino,21,,alias,
reg00423,region,브루이,브루이,0,Brouilly,Brouilly,,브루ᅵ,brouilly,5,,added,
reg00420,region,브리지 파 트라이앵글,브리지 파 트라이앵글,0,Bridge Pa Triangle,Bridge Pa Triangle,,브리지바드라ᅵᅦᆼ그ᄅ,bridge pa triangle,18,,manual,
reg00421,region,브린디시,브린디시,0,Brindisi,Brindisi,,브리ᄂ디시,brindisi,9,,manual,
reg01233,region,비냐넬로,비냐넬로,0,Vignanello,Vignanello,,비나네ᄅ로,vignanello,9,,manual,
reg01239,region,비노 노빌레 디 몬테풀차노,비노 노빌레 디 몬테풀차노,0,Vino Nobile di Montepulciano,Vino Nobile di Montepulciano,,비노노비ᄅ레디모ᄂ데부ᄅ자노,vino nobile di montepulciano,25,,added,
reg01238,region,비뉴 베르드,비뉴 베르드,0,Vinho Verde,Vinho Verde,DOC,비누베르드,vinho verde,10,,manual,
reg01238,region,비뉴 베르데,비뉴 베르드,1,Vinho Verde,Vinho Verde,,비누베르데,vinho verde,10,,alias,
reg01232,region,비디게이라,비디게이라,0,Vidigueira,Vidigueira,DOC,비디게ᅵ라,vidigueira,9,,manual,
reg01244,region,비레 클레세,비레 클레세,0,Viré-Clessé,Viré-Clessé,,비레그ᄅ레세,vireclesse,11,,manual,
reg00408,region,비봉기,비봉기,0,Bivongi,Bivongi,DOC,비봉기,bivongi,7,,manual,
reg00407,region,비스코이투스,비스코이투스,0,Biscoitos,Biscoitos,IPR,비스고ᅵ두스,biscoitos,11,,manual,
reg00404,region,비에르소,비에르소,0,Bierzo,Bierzo,,비ᅦ르소,bierzo,7,,manual,
reg00409,region,비젤스코 스레미치,비젤스코 스레미치,0,Bizeljsko-Sremič,Bizeljsko-Sremič,,비제ᄅ스고스레미지,bizeljskosremic,17,,manual,
reg00405,region,비페르노,비페르노,0,Biferno,Biferno,,비베르노,biferno,8,,manual,
reg00406,region,빅 밸리 레이크 카운티,빅 밸리 레이크 카운티,0,Big Valley District-Lake County,Big Valley District-Lake County,AVA,비ᄀ베ᄅ리레ᅵ그가ᅮᄂ디,big valley districtlake county,19,,auto,
reg01235,region,빌라니,빌라니,0,Villany,Villany,,비ᄅ라니,villany,7,,added,
reg01236,region,빌라니,빌라니,0,Villányi borvidék,Villányi borvidék,,비ᄅ라니,villanyi borvidek,7,,manual,
reg01234,region,빌라마냐,빌라마냐,0,Villamagna,Villamagna,,비ᄅ라마나,villamagna,9,,manual,
reg01078,region,사르데냐,사르데냐,0,Sardinia,Sardinia,,사르데나,sardinia,8,,added,
reg01083,region,사부아,사부아,0,Savoie,Savoie,,사부ᅡ,savoie,5,,added,
reg01084,region,사부토,사부토,0,Savuto,Savuto,,사부도,savuto,6,,manual,
reg01081,region,사브니에르,사브니에르,0,Savennieres,Savennieres,,사브니ᅦ르,savennieres,9,,added,
reg01082,region,사비니 레 본,사비니 레 본,0,Savigny-les-Beaune,Savigny-les-Beaune,,사비니레보ᄂ,savignylesbeaune,11,,added,
reg01118,region,사우스 코스트,사우스 코스트,0,South Coast,South Coast,,사ᅮ스고스드,south coast,11,,manual,
reg01120,region,사우스이스턴 뉴잉글랜드,사우스이스턴 뉴잉글랜드,0,Southeastern New England,Southeastern New England,AVA,사ᅮ스ᅵ스더ᄂ누ᅵᆼ그ᄅ레ᄂ드,southeastern new england,23,,manual,
reg01055,region,산 콜롬바노 알 람브로,산 콜롬바노 알 람브로,0,San Colombano al Lambro,San Colombano al Lambro,,사ᄂ고ᄅ로ᄆ바노ᅡᄅ라ᄆ브로,san colombano al lambro,22,,manual,
reg01065,region,산니오,산니오,0,Sannio,Sannio,,사ᄂ니ᅩ,sannio,6,,manual,
reg01070,region,산타 루시아 하이랜즈,산타 루시아 하이랜즈,0,Santa Lucia Highlands,Santa Lucia Highlands,AVA,사ᄂ다루시ᅡ하ᅵ레ᄂ즈,santa lucia highlands,18,,auto,
reg01073,region,산타 리타 힐스,산타 리타 힐스,0,Santa Rita Hills,Santa Rita Hills,,사ᄂ다리다히ᄅ스,santa rita hills,14,,added,
reg01071,region,산타 마르가리타 랜치,산타 마르가리타 랜치,0,Santa Margarita Ranch,Santa Margarita Ranch,AVA,사ᄂ다마르가리다레ᄂ지,santa margarita ranch,20,,auto,
reg01072,region,산타 마리아 밸리,산타 마리아 밸리,0,Santa Maria Valley,Santa Maria Valley,AVA,사ᄂ다마리ᅡ베ᄅ리,santa maria valley,15,,auto,
reg01067,region,산타 바바라,산타 바바라,0,Santa Barbara,Santa Barbara,,사ᄂ다바바라,santa barbara,11,,added,
reg01074,region,산타 이네즈 밸리,산타 이네즈 밸리,0,Santa Ynez Valley,Santa Ynez Valley,AVA,사ᄂ다ᅵ네즈베ᄅ리,santa ynez valley,15,,auto,
reg01069,region,산타 크루즈 마운틴스,산타 크루즈 마운틴스,0,Santa Cruz Mountains,Santa Cruz Mountains,AVA,사ᄂ다그루즈마ᅮᄂ디ᄂ스,santa cruz mountains,20,,auto,
reg01068,region,산타 클라라 밸리,산타 클라라 밸리,0,Santa Clara Valley,Santa Clara Valley,AVA,사ᄂ다그ᄅ라라베ᄅ리,santa clara valley,17,,auto,
reg01066,region,산타나 디 이솔라 카포 리추토,산타나 디 이솔라 카포 리추토,0,Sant'Anna di Isola Capo Rizzuto,Sant'Anna di Isola Capo Rizzuto,,사ᄂ다나디ᅵ소ᄅ라가보리주도,santanna di isola capo rizzuto,25,,manual,
reg01075,region,산타렝,산타렝,0,Santarém,Santarém,DOC,사ᄂ다렝,santarem,8,,manual,
reg01077,region,산토리니,산토리니,0,Santorini,Santorini,,사ᄂ도리니,santorini,9,,added,
reg01045,region,살라도 크릭,살라도 크릭,0,Salado Creek,Salado Creek,AVA,사ᄅ라도그리ᄀ,salado creek,12,,auto,
reg01046,region,살레미,살레미,0,Salemi,Salemi,,사ᄅ레미,salemi,7,,manual,
reg01047,region,살렌토,살렌토,0,Salento,Salento,,사ᄅ레ᄂ도,salento,8,,manual,
reg01050,region,살루체제,살루체제,0,Saluzzese,Saluzzese,,사ᄅ루제제,saluzzese,9,,manual,
reg01048,region,살리나,살리나,0,Salina,Salina,,사ᄅ리나,salina,7,,manual,
reg01049,region,살타,살타,0,Salta,Salta,,사ᄅ다,salta,5,,added,
reg01051,region,삼부카 디 시칠리아,삼부카 디 시칠리아,0,Sambuca di Sicilia,Sambuca di Sicilia,,사ᄆ부가디시지ᄅ리ᅡ,sambuca di sicilia,17,,manual,
reg01064,region,상세르,상세르,0,Sancerre,Sancerre,,상세르,sancerre,7,,added,
reg01076,region,상트네,상트네,0,Santenay,Santenay,,상드네,santenay,7,,added,
reg01060,region,샌 루이스 레이,샌 루이스 레이,0,San Luis Rey,San Luis Rey,AVA,세ᄂ루ᅵ스레ᅵ,san luis rey,11,,auto,
reg01059,region,샌 루카스,샌 루카스,0,San Lucas,San Lucas,AVA,세ᄂ루가스,san lucas,9,,auto,
reg01061,region,샌 미겔,샌 미겔,0,San Miguel District,San Miguel District,AVA,세ᄂ미게ᄅ,san miguel district,8,,auto,
reg01053,region,샌 베니토,샌 베니토,0,San Benito,San Benito,AVA,세ᄂ베니도,san benito,9,,auto,
reg01054,region,샌 베르나베,샌 베르나베,0,San Bernabe,San Bernabe,AVA,세ᄂ베르나베,san bernabe,11,,auto,
reg01052,region,샌 안토니오 밸리,샌 안토니오 밸리,0,San Antonio Valley,San Antonio Valley,AVA,세나ᄂ도니ᅩ베ᄅ리,san antonio valley,15,,auto,
reg01063,region,샌 이시드로,샌 이시드로,0,San Ysidro District,San Ysidro District,AVA,세니시드로,san ysidro district,10,,auto,
reg01062,region,샌 파스쿠알 밸리,샌 파스쿠알 밸리,0,San Pasqual Valley,San Pasqual Valley,AVA,세ᄂ바스구ᅡᄅ베ᄅ리,san pasqual valley,16,,auto,
reg01056,region,샌 프란시스코 베이,샌 프란시스코 베이,0,San Francisco Bay,San Francisco Bay,AVA,세ᄂ브라ᄂ시스고베ᅵ,san francisco bay,17,,auto,
reg01058,region,샌 후안 크릭,샌 후안 크릭,0,San Juan Creek,San Juan Creek,AVA,세ᄂ후ᅡᄂ그리ᄀ,san juan creek,12,,auto,
reg01044,region,생 베랑,생 베랑,0,Saint-Veran,Saint-Veran,,셍베랑,saintveran,8,,added,
reg01037,region,생 토뱅,생 토뱅,0,Saint-Aubin,Saint-Aubin,,셍도벵,saintaubin,8,,added,
reg01043,region,생 티에리 마시프,생 티에리 마시프,0,Saint-Thierry Massif,Saint-Thierry Massif,,셍디ᅦ리마시브,saintthierry massif,14,,manual,
reg01042,region,생 페레,생 페레,0,Saint-Peray,Saint-Peray,,셍베레,saintperay,7,,added,
reg01040,region,생조제프,생조제프,0,Saint-Joseph,Saint-Joseph,,셍조제브,saintjoseph,9,,added,
reg01041,region,생쥘리앵,생쥘리앵,0,Saint-Julien,Saint-Julien,,셍쥐ᄅ리ᅦᆼ,saintjulien,10,,added,
reg01041,region,생 쥘리앙,생쥘리앵,1,Saint-Julien,Saint-Julien,,셍쥐ᄅ리ᅡᆼ,saintjulien,10,,alias,
reg01038,region,생테밀리옹,생테밀리옹,0,Saint-Emilion,Saint-Emilion,,셍데미ᄅ리ᅩᆼ,saintemilion,12,,manual,
reg01038,region,생떼밀리옹,생테밀리옹,1,Saint-Emilion,Saint-Emilion,,셍데미ᄅ리ᅩᆼ,saintemilion,12,,alias,
reg01038,region,쌩테밀리옹,생테밀리옹,1,Saint-Emilion,Saint-Emilion,,셍데미ᄅ리ᅩᆼ,saintemilion,12,,alias,
reg01039,region,생테스테프,생테스테프,0,Saint-Estephe,Saint-Estephe,,셍데스데브,saintestephe,11,,added,
reg01039,region,쌩테스테프,생테스테프,1,Saint-Estephe,Saint-Estephe,,셍데스데브,saintestephe,11,,alias,
reg00479,region,샤무스카,샤무스카,0,Chamusca,Chamusca,DOC,사무스가,chamusca,8,,manual,
reg00482,region,샤브스,샤브스,0,Chaves,Chaves,DOC,사브스,chaves,6,,manual,
reg00473,region,샤블리,샤블리,0,Chablis,Chablis,,사브ᄅ리,chablis,7,,manual,
reg00480,region,샤사뉴 몽라셰,샤사뉴 몽라셰,0,Chassagne-Montrachet,Chassagne-Montrachet,,사사누몽라세,chassagnemontrachet,13,,added,
reg00480,region,샤사뉴 몽라쉐,샤사뉴 몽라셰,1,Chassagne-Montrachet,Chassagne-Montrachet,,사사누몽라쉐,chassagnemontrachet,13,,alias,
reg00480,region,샤샤뉴 몽라쉐,샤사뉴 몽라셰,1,Chassagne-Montrachet,Chassagne-Montrachet,,사사누몽라쉐,chassagnemontrachet,13,,alias,
reg00491,region,샤토 샬롱,샤토 샬롱,0,Château-Chalon,Château-Chalon,AOC,사도사ᄅ롱,chateauchalon,10,,manual,
reg00481,region,샤토뇌프 뒤 파프,샤토뇌프 뒤 파프,0,Chateauneuf-du-Pape,Chateauneuf-du-Pape,,사도눼브뒤바브,chateauneufdupape,14,,added,
reg00481,region,샤또네프 뒤 파프,샤토뇌프 뒤 파프,1,Chateauneuf-du-Pape,Chateauneuf-du-Pape,,사도네브뒤바브,chateauneufdupape,14,,alias,
reg00481,region,샤토네프 뒤 파프,샤토뇌프 뒤 파프,1,Chateauneuf-du-Pape,Chateauneuf-du-Pape,,사도네브뒤바브,chateauneufdupape,14,,alias,
reg00492,region,샤토메이앙,샤토메이앙,0,Châteaumeillant,Châteaumeillant,,사도메ᅵᅡᆼ,chateaumeillant,9,,manual,
reg00475,region,샬론,샬론,0,Chalone,Chalone,AVA,사ᄅ로ᄂ,chalone,6,,auto,
reg00476,region,샹베르탱,샹베르탱,0,Chambertin,Chambertin,,상베르뎅,chambertin,10,,added,
reg00477,region,샹볼 뮈지니,샹볼 뮈지니,0,Chambolle-Musigny,Chambolle-Musigny,,상보ᄅ뮈지니,chambollemusigny,12,,added,
reg00477,region,샴볼 뮈지니,샹볼 뮈지니,1,Chambolle-Musigny,Chambolle-Musigny,,사ᄆ보ᄅ뮈지니,chambollemusigny,12,,alias,
reg00477,region,샹볼 뮤지니,샹볼 뮈지니,1,Chambolle-Musigny,Chambolle-Musigny,,상보ᄅ무지니,chambollemusigny,12,,alias,
reg00478,region,샹파뉴,샹파뉴,0,Champagne,Champagne,,상바누,champagne,7,,manual,
reg01122,region,서던 오리건,서던 오리건,0,Southern Oregon,Southern Oregon,AVA,서더노리거ᄂ,southern oregon,11,,auto,
reg01121,region,서던 플루리에,서던 플루리에,0,Southern Fleurieu,Southern Fleurieu,,서더ᄂ브ᄅ루리ᅦ,southern fleurieu,13,,manual,
reg01091,region,세네카 레이크,세네카 레이크,0,Seneca Lake,Seneca Lake,AVA,세네가레ᅵ그,seneca lake,11,,auto,
reg01092,region,세라페트로나,세라페트로나,0,Serrapetrona,Serrapetrona,,세라베드로나,serrapetrona,12,,manual,
reg01128,region,세인트 헬레나,세인트 헬레나,0,St. Helena,St. Helena,AVA,세ᅵᄂ드헤ᄅ레나,st helena,13,,auto,
reg01140,region,세크사르드,세크사르드,0,Szekszárd,Szekszárd,,세그사르드,szekszard,10,,manual,
reg01093,region,세투발,세투발,0,Setubal,Setubal,,세두바ᄅ,setubal,7,,added,
reg00468,region,센트럴 델라웨어 밸리,센트럴 델라웨어 밸리,0,Central Delaware Valley,Central Delaware Valley,AVA,세ᄂ드러ᄅ데ᄅ라ᅰᅥ베ᄅ리,central delaware valley,20,,auto,
reg00469,region,센트럴 오타고,센트럴 오타고,0,Central Otago,Central Otago,,세ᄂ드러로다고,central otago,13,,manual,
reg00467,region,센트럴 코스트,센트럴 코스트,0,Central Coast,Central Coast,AVA,세ᄂ드러ᄅ고스드,central coast,14,,manual,
reg00484,region,셰나,셰나,0,Chenas,Chenas,,세나,chenas,4,,manual,
reg01095,region,셰넌도어 밸리,셰넌도어 밸리,0,Shenandoah Valley,Shenandoah Valley,AVA,세너ᄂ도ᅥ베ᄅ리,shenandoah valley,13,,auto,
reg01278,region,셰리,셰리,0,sherry,sherry,,세리,sherry,4,,manual,
reg01096,region,셰리 트라이앵글,셰리 트라이앵글,0,Sherry Triangle,Sherry Triangle,,세리드라ᅵᅦᆼ그ᄅ,sherry triangle,14,,manual,
reg01116,region,소노마,소노마,0,Sonoma Valley,Sonoma Valley,AVA,소노마,sonoma valley,6,,manual,
reg01115,region,소노마 마운틴,소노마 마운틴,0,Sonoma Mountain,Sonoma Mountain,AVA,소노마마ᅮᄂ디ᄂ,sonoma mountain,13,,auto,
reg01114,region,소노마 카운티,소노마 카운티,0,Sonoma County,Sonoma County,,소노마가ᅮᄂ디,sonoma county,12,,added,
reg01113,region,소노마 코스트,소노마 코스트,0,Sonoma Coast,Sonoma Coast,AVA,소노마고스드,sonoma coast,12,,auto,
reg01112,region,소노이타,소노이타,0,Sonoita,Sonoita,AVA,소노ᅵ다,sonoita,7,,auto,
reg01111,region,소몬타노,소몬타노,0,Somontano,Somontano,,소모ᄂ다노,somontano,9,,manual,
reg01079,region,소뮈르,소뮈르,0,Saumur,Saumur,,소뮈르,saumur,6,,added,
reg01108,region,소아베,소아베,0,Soave,Soave,,소ᅡ베,soave,5,,manual,
reg01080,region,소테른,소테른,0,Sauternes,Sauternes,,소데르ᄂ,sauternes,7,,added,
reg01080,region,쏘떼른,소테른,1,Sauternes,Sauternes,,소데르ᄂ,sauternes,7,,alias,
reg01080,region,소테른느,소테른,1,Sauternes,Sauternes,,소데르ᄂ느,sauternes,9,,alias,
reg01109,region,솔라노 카운티 그린 밸리,솔라노 카운티 그린 밸리,0,Solano County Green Valley,Solano County Green Valley,AVA,소ᄅ라노가ᅮᄂ디그리ᄂ베ᄅ리,solano county green valley,23,,auto,
reg01094,region,쇼니 힐스,쇼니 힐스,0,Shawnee Hills,Shawnee Hills,AVA,소니히ᄅ스,shawnee hills,9,,auto,
reg01110,region,쇼믈로,쇼믈로,0,Somló,Somló,,소므ᄅ로,somlo,7,,manual,
reg01117,region,쇼프론,쇼프론,0,Sopron,Sopron,,소브로ᄂ,sopron,7,,manual,
reg01135,region,수베레토,수베레토,0,Suvereto,Suvereto,,수베레도,suvereto,8,,manual,
reg01133,region,수이순 밸리,수이순 밸리,0,Suisun Valley,Suisun Valley,AVA,수ᅵ수ᄂ베ᄅ리,suisun valley,11,,auto,
reg01134,region,술치스,술치스,0,Sulcis,Sulcis,,수ᄅ지스,sulcis,7,,manual,
reg01119,region,쉬드 우에스트,쉬드 우에스트,0,South West France,South West France,,쉬드ᅮᅦ스드,south west france,10,,manual,
reg00485,region,슈발리에 몽라셰,슈발리에 몽라셰,0,Chevalier-Montrachet,Chevalier-Montrachet,,수바ᄅ리ᅦ몽라세,chevaliermontrachet,15,,added,
reg01132,region,슈투트가르트,슈투트가르트,0,Stuttgart,Stuttgart,,수두드가르드,stuttgart,12,,manual,
reg01107,region,스나입스 마운틴,스나입스 마운틴,0,Snipes Mountain,Snipes Mountain,AVA,스나ᅵᄇ스마ᅮᄂ디ᄂ,snipes mountain,15,,auto,
reg01106,region,스네이크 리버 밸리,스네이크 리버 밸리,0,Snake River Valley,Snake River Valley,AVA,스네ᅵ그리버베ᄅ리,snake river valley,16,,auto,
reg01127,region,스렘,스렘,0,Srem,Srem,,스레ᄆ,srem,5,,manual,
reg01139,region,스와트랜드,스와트랜드,0,Swartland,Swartland,,스ᅪ드레ᄂ드,swartland,10,,added,
reg01138,region,스완 밸리,스완 밸리,0,Swan Valley,Swan Valley,,스ᅪᄂ베ᄅ리,swan valley,9,,auto,
reg01136,region,스완 크릭,스완 크릭,0,Swan Creek,Swan Creek,,스ᅪᄂ그리ᄀ,swan creek,9,,auto,
reg01137,region,스완 힐,스완 힐,0,Swan Hill,Swan Hill,,스ᅪᄂ히ᄅ,swan hill,7,,auto,
reg01086,region,스칸초로시아테,스칸초로시아테,0,Scanzorosciate,Scanzorosciate,,스가ᄂ조로시ᅡ데,scanzorosciate,14,,manual,
reg01126,region,스쿼 밸리 미라몬테,스쿼 밸리 미라몬테,0,Squaw Valley-Miramonte,Squaw Valley-Miramonte,AVA,스궈베ᄅ리미라모ᄂ데,squaw valleymiramonte,18,,auto,
reg01129,region,스타 리타 힐스,스타 리타 힐스,0,Sta. Rita Hills,Sta. Rita Hills,AVA,스다리다히ᄅ스,sta rita hills,13,,auto,
reg01130,region,스택스 립 디스트릭트,스택스 립 디스트릭트,0,Stags Leap District,Stags Leap District,AVA,스데ᄀ스리ᄇ디스드리ᄀ드,stags leap district,21,,manual,
reg01131,region,스텔렌보스,스텔렌보스,0,Stellenbosch,Stellenbosch,,스데ᄅ레ᄂ보스,stellenbosch,12,,added,
reg01131,region,스텔렌보쉬,스텔렌보스,1,Stellenbosch,Stellenbosch,,스데ᄅ레ᄂ보쉬,stellenbosch,12,,alias,
reg01123,region,스폴레토,스폴레토,0,Spoleto,Spoleto,,스보ᄅ레도,spoleto,9,,manual,
reg01124,region,스프링 마운틴,스프링 마운틴,0,Spring Mountain,Spring Mountain,,스브링마ᅮᄂ디ᄂ,spring mountain,14,,added,
reg01125,region,스프링 마운틴,스프링 마운틴,0,Spring Mountain District,Spring Mountain District,AVA,스브링마ᅮᄂ디ᄂ,spring mountain district,14,,auto,
reg01105,region,슬로바키아 토카이,슬로바키아 토카이,0,Slovak Tokaj wineyards,Slovak Tokaj wineyards,,스ᄅ로바기ᅡ도가ᅵ,slovak tokaj wineyards,15,,manual,
reg01104,region,슬로하우스,슬로하우스,0,Sloughhouse,Sloughhouse,AVA,스ᄅ로하ᅮ스,sloughhouse,10,,auto,
reg00489,region,시농,시농,0,Chinon,Chinon,,시농,chinon,5,,added,
reg01103,region,시라쿠사,시라쿠사,0,Siracusa,Siracusa,,시라구사,siracusa,8,,manual,
reg00490,region,시루블,시루블,0,Chiroubles,Chiroubles,,시루브ᄅ,chiroubles,7,,manual,
reg01090,region,시아드 밸리,시아드 밸리,0,Seiad Valley,Seiad Valley,AVA,시ᅡ드베ᄅ리,seiad valley,10,,auto,
reg01088,region,시아카,시아카,0,Sciacca,Sciacca,,시ᅡ가,sciacca,5,,manual,
reg00493,region,시에네가 밸리,시에네가 밸리,0,Cienega Valley,Cienega Valley,AVA,시ᅦ네가베ᄅ리,cienega valley,12,,auto,
reg01102,region,시에라 데 알카라스,시에라 데 알카라스,0,Sierra de Alcaraz,Sierra de Alcaraz,,시ᅦ라데ᅡᄅ가라스,sierra de alcaraz,15,,manual,
reg01101,region,시에라 펠로나 밸리,시에라 펠로나 밸리,0,Sierra Pelona Valley,Sierra Pelona Valley,AVA,시ᅦ라베ᄅ로나베ᄅ리,sierra pelona valley,17,,auto,
reg01100,region,시에라 풋힐스,시에라 풋힐스,0,Sierra Foothills,Sierra Foothills,AVA,시ᅦ라부ᄉ히ᄅ스,sierra foothills,13,,auto,
reg01097,region,시칠리아,시칠리아,0,Sicilia,Sicilia,,시지ᄅ리ᅡ,sicilia,8,,added,
reg01098,region,시칠리아,시칠리아,0,Sicily,Sicily,,시지ᄅ리ᅡ,sicily,8,,added,
reg01089,region,실라,실라,0,Scilla,Scilla,,시ᄅ라,scilla,5,,manual,
reg01087,region,실허란트,실허란트,0,Schilcherland DAC,Schilcherland DAC,,시ᄅ허라ᄂ드,schilcherland dac,10,,manual,
reg00327,region,아델라이다,아델라이다,0,Adelaida District,Adelaida District,AVA,ᅡ데ᄅ라ᅵ다,adelaida district,9,,auto,
reg00329,region,아델라이드 플레인스,아델라이드 플레인스,0,Adelaide Plains,Adelaide Plains,,ᅡ데ᄅ라ᅵ드브ᄅ레ᅵᄂ스,adelaide plains,18,,manual,
reg00328,region,아델라이드 힐스,아델라이드 힐스,0,Adelaide Hills,Adelaide Hills,,ᅡ데ᄅ라ᅵ드히ᄅ스,adelaide hills,14,,added,
reg00364,region,아라비다,아라비다,0,Arrábida,Arrábida,IPR,ᅡ라비다,arrabida,7,,manual,
reg00361,region,아로요 그란데 밸리,아로요 그란데 밸리,0,Arroyo Grande Valley,Arroyo Grande Valley,AVA,ᅡ로ᅩ그라ᄂ데베ᄅ리,arroyo grande valley,16,,auto,
reg00362,region,아로요 세코,아로요 세코,0,Arroyo Seco,Arroyo Seco,AVA,ᅡ로ᅩ세고,arroyo seco,8,,auto,
reg00363,region,아루다,아루다,0,Arruda,Arruda,DOC,ᅡ루다,arruda,5,,manual,
reg00330,region,아르,아르,0,Ahr,Ahr,,ᅡ르,ahr,3,,manual,
reg00360,region,아르마냑 테나레즈,아르마냑 테나레즈,0,Armagnac-Ténarèze,Armagnac-Ténarèze,,ᅡ르마나ᄀ데나레즈,armagnactenareze,16,,manual,
reg00358,region,아르보레아,아르보레아,0,Arborea,Arborea,,ᅡ르보레ᅡ,arborea,8,,manual,
reg00357,region,아르부아,아르부아,0,Arbois,Arbois,,ᅡ르부ᅡ,arbois,6,,added,
reg00350,region,아마로네 델라 발폴리첼라,아마로네 델라 발폴리첼라,0,Amarone della Valpolicella,Amarone della Valpolicella,,ᅡ마로네데ᄅ라바ᄅ보ᄅ리제ᄅ라,amarone della valpolicella,25,,added,
reg00350,region,아마로네,아마로네 델라 발폴리첼라,1,Amarone della Valpolicella,Amarone della Valpolicella,,ᅡ마로네,amarone della valpolicella,7,,alias,
reg00350,region,아마로네 데라 발폴리첼라,아마로네 델라 발폴리첼라,1,Amarone della Valpolicella,Amarone della Valpolicella,,ᅡ마로네데라바ᄅ보ᄅ리제ᄅ라,amarone della valpolicella,24,,alias,
reg00373,region,아베르사,아베르사,0,Aversa,Aversa,,ᅡ베르사,aversa,7,,manual,
reg00324,region,아보나,아보나,0,Abona,Abona,,ᅡ보나,abona,5,,manual,
reg00325,region,아브루초,아브루초,0,Abruzzo,Abruzzo,,ᅡ브루조,abruzzo,7,,added,
reg00325,region,아부르쪼,아브루초,1,Abruzzo,Abruzzo,,ᅡ부르조,abruzzo,7,,alias,
reg00325,region,아부르초,아브루초,1,Abruzzo,Abruzzo,,ᅡ부르조,abruzzo,7,,alias,
reg00325,region,아브루쪼,아브루초,1,Abruzzo,Abruzzo,,ᅡ브루조,abruzzo,7,,alias,
reg00325,region,아브루쬬,아브루초,1,Abruzzo,Abruzzo,,ᅡ브루조,abruzzo,7,,alias,
reg00375,region,아소르스,아소르스,0,Açores,Açores,VR,ᅡ소르스,acores,7,,manual,
reg00366,region,아스티,아스티,0,Asti,Asti,,ᅡ스디,asti,5,,added,
reg00367,region,아스티자노,아스티자노,0,Astigiano,Astigiano,,ᅡ스디자노,astigiano,9,,manual,
reg00365,region,아시시,아시시,0,Assisi,Assisi,,ᅡ시시,assisi,5,,manual,
reg00918,region,아우터 코스털 플레인,아우터 코스털 플레인,0,Outer Coastal Plain,Outer Coastal Plain,AVA,ᅡᅮ더고스더ᄅ브ᄅ레ᅵᄂ,outer coastal plain,18,,auto,
reg00707,region,아일 세인트 조지,아일 세인트 조지,0,Isle St. George,Isle St. George,AVA,ᅡᅵᄅ세ᅵᄂ드조지,isle st george,13,,auto,
reg00374,region,아일레스,아일레스,0,Aylés,Aylés,DO,ᅡᅵᄅ레스,ayles,7,,manual,
reg00359,region,아칸소 마운틴,아칸소 마운틴,0,Arkansas Mountain,Arkansas Mountain,AVA,ᅡ가ᄂ소마ᅮᄂ디ᄂ,arkansas mountain,13,,auto,
reg00326,region,아콩카과,아콩카과,0,Aconcagua,Aconcagua,,ᅡ공가과,aconcagua,8,,manual,
reg00369,region,아틀라스 피크,아틀라스 피크,0,Atlas Peak,Atlas Peak,AVA,ᅡ드ᄅ라스비그,atlas peak,12,,auto,
reg00368,region,아티나,아티나,0,Atina,Atina,,ᅡ디나,atina,5,,manual,
reg00338,region,알가르브,알가르브,0,Algarve,Algarve,VR,ᅡᄅ가르브,algarve,8,,manual,
reg00336,region,알렉산더 밸리,알렉산더 밸리,0,Alexander Valley,Alexander Valley,,ᅡᄅ레ᄀ사ᄂ더베ᄅ리,alexander valley,15,,added,
reg00337,region,알렉산드리아 레이크스,알렉산드리아 레이크스,0,Alexandria Lakes,Alexandria Lakes,AVA,ᅡᄅ레ᄀ사ᄂ드리ᅡ레ᅵ그스,alexandria lakes,20,,auto,
reg00335,region,알렌테주,알렌테주,0,Alentejo,Alentejo,DOC,ᅡᄅ레ᄂ데주,alentejo,9,,manual,
reg00334,region,알렝케르,알렝케르,0,Alenquer,Alenquer,DOC,ᅡᄅ렝게르,alenquer,9,,manual,
reg00341,region,알록스 코르통,알록스 코르통,0,Aloxe-Corton,Aloxe-Corton,,ᅡᄅ로ᄀ스고르동,aloxecorton,14,,added,
reg00339,region,알리소스 캐니언,알리소스 캐니언,0,Alisos Canyon,Alisos Canyon,AVA,ᅡᄅ리소스게니ᅥᄂ,alisos canyon,14,,auto,
reg00340,region,알메이링,알메이링,0,Almeirim,Almeirim,DOC,ᅡᄅ메ᅵ링,almeirim,8,,manual,
reg00331,region,알베제,알베제,0,Albese,Albese,,ᅡᄅ베제,albese,6,,manual,
reg00343,region,알자스,알자스,0,Alsace,Alsace,,ᅡᄅ자스,alsace,6,,manual,
reg00332,region,알카모,알카모,0,Alcamo,Alcamo,,ᅡᄅ가모,alcamo,6,,manual,
reg00333,region,알코바사,알코바사,0,Alcobaça,Alcobaça,IPR,ᅡᄅ고바사,alcobaca,8,,manual,
reg00344,region,알타 메사,알타 메사,0,Alta Mesa,Alta Mesa,AVA,ᅡᄅ다메사,alta mesa,8,,auto,
reg00345,region,알타 발 다그리,알타 발 다그리,0,Alta Val d'Agri,Alta Val d'Agri,,ᅡᄅ다바ᄅ다그리,alta val dagri,13,,manual,
reg00346,region,알토 아디제,알토 아디제,0,Alto Adige,Alto Adige,,ᅡᄅ도ᅡ디제,alto adige,9,,manual,
reg00348,region,알토 피에몬테,알토 피에몬테,0,Alto Piemonte,Alto Piemonte,,ᅡᄅ도비ᅦ모ᄂ데,alto piemonte,12,,manual,
reg00347,region,알투 도루,알투 도루,0,Alto Douro,Alto Douro,,ᅡᄅ두도루,alto douro,8,,wikidata,
reg00349,region,알투스,알투스,0,Altus,Altus,AVA,ᅡᄅ두스,altus,6,,auto,
reg00342,region,알파인 밸리스,알파인 밸리스,0,Alpine Valleys,Alpine Valleys,,ᅡᄅ바ᅵᄂ베ᄅ리스,alpine valleys,13,,manual,
reg00353,region,앙주,앙주,0,Anjou,Anjou,,ᅡᆼ주,anjou,4,,added,
reg00620,region,앙트르 되 메르,앙트르 되 메르,0,Entre-Deux-Mers,Entre-Deux-Mers,,ᅡᆼ드르뒈메르,entredeuxmers,12,,manual,
reg00355,region,애팔래치안 하이 컨트리,애팔래치안 하이 컨트리,0,Appalachian High Country,Appalachian High Country,AVA,ᅦ바ᄅ레지ᅡᄂ하ᅵ거ᄂ드리,appalachian high country,20,,auto,
reg00356,region,애플게이트 밸리,애플게이트 밸리,0,Applegate Valley,Applegate Valley,AVA,ᅦ브ᄅ게ᅵ드베ᄅ리,applegate valley,14,,auto,
reg00352,region,앤더슨 밸리,앤더슨 밸리,0,Anderson Valley,Anderson Valley,AVA,ᅦᄂ더스ᄂ베ᄅ리,anderson valley,12,,auto,
reg00354,region,앤털로프 밸리 캘리포니아 하이 데저트,앤털로프 밸리 캘리포니아 하이 데저트,0,Antelope Valley of the California High Desert,Antelope Valley of the California High Desert,AVA,ᅦᄂ더ᄅ로브베ᄅ리게ᄅ리보니ᅡ하ᅵ데저드,antelope valley of the california high desert,33,,auto,
reg01274,region,야라 밸리,야라 밸리,0,Yarra Valley,Yarra Valley,,ᅡ라베ᄅ리,yarra valley,8,,manual,
reg01272,region,야키마 밸리,야키마 밸리,0,Yakima Valley,Yakima Valley,AVA,ᅡ기마베ᄅ리,yakima valley,10,,auto,
reg01273,region,얌힐 칼턴,얌힐 칼턴,0,Yamhill-Carlton District,Yamhill-Carlton District,AVA,ᅡᄆ히ᄅ가ᄅ더ᄂ,yamhillcarlton district,11,,auto,
reg01271,region,얏킨 밸리,얏킨 밸리,0,Yadkin Valley,Yadkin Valley,AVA,ᅡᄉ기ᄂ베ᄅ리,yadkin valley,10,,auto,
reg01188,region,어퍼 골번,어퍼 골번,0,Upper Goulburn,Upper Goulburn,,ᅥ버고ᄅ버ᄂ,upper goulburn,9,,manual,
reg01191,region,어퍼 레이크 밸리,어퍼 레이크 밸리,0,Upper Lake Valley,Upper Lake Valley,AVA,ᅥ버레ᅵ그베ᄅ리,upper lake valley,13,,auto,
reg01192,region,어퍼 미시시피 리버 밸리,어퍼 미시시피 리버 밸리,0,Upper Mississippi River Valley,Upper Mississippi River Valley,AVA,ᅥ버미시시비리버베ᄅ리,upper mississippi river valley,20,,auto,
reg01189,region,어퍼 하이와시 하이랜즈,어퍼 하이와시 하이랜즈,0,Upper Hiwassee Highlands,Upper Hiwassee Highlands,AVA,ᅥ버하ᅵᅪ시하ᅵ레ᄂ즈,upper hiwassee highlands,17,,auto,
reg01190,region,어퍼 허드슨,어퍼 허드슨,0,Upper Hudson,Upper Hudson,AVA,ᅥ버허드스ᄂ,upper hudson,10,,auto,
reg01187,region,엄콰 밸리,엄콰 밸리,0,Umpqua Valley,Umpqua Valley,AVA,ᅥᄆ과베ᄅ리,umpqua valley,9,,auto,
reg00611,region,에게르,에게르,0,Eger,Eger,,ᅦ게르,eger,5,,manual,
reg00609,region,에덴 밸리,에덴 밸리,0,Eden Valley,Eden Valley,,ᅦ데ᄂ베ᄅ리,eden valley,9,,manual,
reg00610,region,에드나 밸리,에드나 밸리,0,Edna Valley,Edna Valley,AVA,ᅦ드나베ᄅ리,edna valley,10,,auto,
reg00694,region,에르미타주,에르미타주,0,Hermitage,Hermitage,,ᅦ르미다주,hermitage,9,,added,
reg00694,region,에르미따쥬,에르미타주,1,Hermitage,Hermitage,,ᅦ르미다주,hermitage,9,,alias,
reg00623,region,에리체,에리체,0,Erice,Erice,,ᅦ리제,erice,5,,manual,
reg00617,region,에밀리아 로마냐,에밀리아 로마냐,0,Emilia-Romagna,Emilia-Romagna,,ᅦ미ᄅ리ᅡ로마나,emiliaromagna,13,,added,
reg01279,region,에보라,에보라,0,Évora,Évora,DOC,ᅦ보라,evora,5,,manual,
reg00608,region,에셰조,에셰조,0,Echezeaux,Echezeaux,,ᅦ세조,echezeaux,5,,added,
reg00608,region,에쉐조,에셰조,1,Echezeaux,Echezeaux,,ᅦ쉐조,echezeaux,5,,alias,
reg00624,region,에스콘디도 밸리,에스콘디도 밸리,0,Escondido Valley,Escondido Valley,AVA,ᅦ스고ᄂ디도베ᄅ리,escondido valley,15,,auto,
reg00625,region,에스트 에스트 에스트,에스트 에스트 에스트,0,Est Est Est,Est Est Est,,ᅦ스드ᅦ스드ᅦ스드,est est est,15,,manual,
reg00351,region,에인션트 레이크스 컬럼비아 밸리,에인션트 레이크스 컬럼비아 밸리,0,Ancient Lakes of the Columbia Valley,Ancient Lakes of the Columbia Valley,AVA,ᅦᅵᄂ서ᄂ드레ᅵ그스거ᄅ러ᄆ비ᅡ베ᄅ리,ancient lakes of the columbia valley,29,,auto,
reg00626,region,에트나,에트나,0,Etna,Etna,,ᅦ드나,etna,5,,manual,
reg00622,region,에페르네,에페르네,0,Epernay,Epernay,,ᅦ베르네,epernay,7,,added,
reg00619,region,엔코스타스 다 나브,엔코스타스 다 나브,0,Encostas da Nave,Encostas da Nave,IPR,ᅦᄂ고스다스다나브,encostas da nave,16,,manual,
reg00618,region,엔코스타스 다이르,엔코스타스 다이르,0,Encostas d'Aire,Encostas d'Aire,DOC,ᅦᄂ고스다스다ᅵ르,encostas daire,15,,manual,
reg00612,region,엘 도라도,엘 도라도,0,El Dorado,El Dorado,AVA,ᅦᄅ도라도,el dorado,8,,auto,
reg00613,region,엘 포마,엘 포마,0,El Pomar District,El Pomar District,AVA,ᅦᄅ보마,el pomar district,6,,auto,
reg00616,region,엘로로,엘로로,0,Eloro,Eloro,,ᅦᄅ로로,eloro,6,,manual,
reg00614,region,엘바,엘바,0,Elba,Elba,,ᅦᄅ바,elba,4,,manual,
reg00615,region,엘크턴,엘크턴,0,Elkton Oregon,Elkton Oregon,,ᅦᄅ그더ᄂ,elkton oregon,7,,manual,
reg01216,region,엘키 밸리,엘키 밸리,0,Valle del Elqui,Valle del Elqui,,ᅦᄅ기베ᄅ리,valle del elqui,9,,manual,
reg00371,region,오거스타,오거스타,0,Augusta,Augusta,AVA,ᅩ거스다,augusta,7,,auto,
reg00913,region,오렌지,오렌지,0,Orange,Orange,,ᅩ레ᄂ지,orange,6,,manual,
reg00915,region,오로타바 밸리,오로타바 밸리,0,Orotava Valley,Orotava Valley,,ᅩ로다바베ᄅ리,orotava valley,12,,manual,
reg00917,region,오르비에토,오르비에토,0,Orvieto,Orvieto,,ᅩ르비ᅦ도,orvieto,8,,manual,
reg00916,region,오르토나,오르토나,0,Ortona,Ortona,,ᅩ르도나,ortona,7,,manual,
reg00914,region,오리스타네세,오리스타네세,0,Oristanese,Oristanese,,ᅩ리스다네세,oristanese,11,,manual,
reg00686,region,오메독,오메독,0,Haut-Medoc,Haut-Medoc,,ᅩ메도ᄀ,hautmedoc,6,,added,
reg01280,region,오비두스,오비두스,0,Óbidos,Óbidos,DOC,ᅩ비두스,obidos,7,,manual,
reg00920,region,오자크 마운틴,오자크 마운틴,0,Ozark Mountain,Ozark Mountain,AVA,ᅩ자그마ᅮᄂ디ᄂ,ozark mountain,12,,auto,
reg00919,region,오자크 하이랜즈,오자크 하이랜즈,0,Ozark Highlands,Ozark Highlands,AVA,ᅩ자그하ᅵ레ᄂ즈,ozark highlands,13,,auto,
reg00909,region,오카나간 밸리,오카나간 밸리,0,Okanagan Valley,Okanagan Valley,,ᅩ가나가ᄂ베ᄅ리,okanagan valley,13,,manual,
reg00904,region,오크 놀 나파 밸리,오크 놀 나파 밸리,0,Oak Knoll District of Napa Valley,Oak Knoll District of Napa Valley,AVA,ᅩ그노ᄅ나바베ᄅ리,oak knoll district of napa valley,15,,auto,
reg00905,region,오크빌,오크빌,0,Oakville,Oakville,AVA,ᅩ그비ᄅ,oakville,6,,manual,
reg00370,region,오클랜드,오클랜드,0,Auckland,Auckland,,ᅩ그ᄅ레ᄂ드,auckland,9,,manual,
reg00687,region,오트 코트 드 본,오트 코트 드 본,0,Hautes-Côtes de Beaune,Hautes-Côtes de Beaune,,ᅩ드고드드보ᄂ,hautescotes de beaune,12,,manual,
reg00906,region,오피다,오피다,0,Offida,Offida,,ᅩ비다,offida,5,,manual,
reg00908,region,오하이오 리버 밸리,오하이오 리버 밸리,0,Ohio River Valley,Ohio River Valley,AVA,ᅩ하ᅵᅩ리버베ᄅ리,ohio river valley,14,,auto,
reg00372,region,옥세 뒤레스,옥세 뒤레스,0,Auxey-Duresses,Auxey-Duresses,,ᅩᄀ세뒤레스,auxeyduresses,10,,added,
reg00910,region,올드 미션 페닌슐라,올드 미션 페닌슐라,0,Old Mission Peninsula,Old Mission Peninsula,AVA,ᅩᄅ드미서ᄂ베니ᄂ수ᄅ라,old mission peninsula,19,,auto,
reg00907,region,올리아스트라,올리아스트라,0,Ogliastra,Ogliastra,,ᅩᄅ리ᅡ스드라,ogliastra,11,,manual,
reg00911,region,올트라디제,올트라디제,0,Oltradige,Oltradige,,ᅩᄅ드라디제,oltradige,10,,manual,
reg00912,region,올트레포 파베제,올트레포 파베제,0,Oltrepò Pavese,Oltrepò Pavese,,ᅩᄅ드레보바베제,oltrepo pavese,14,,manual,
reg01251,region,와루크 슬로프,와루크 슬로프,0,Wahluke Slope,Wahluke Slope,AVA,ᅪ루그스ᄅ로브,wahluke slope,12,,auto,
reg01253,region,와이타키 밸리,와이타키 밸리,0,Waitaki Valley,Waitaki Valley,,ᅪᅵ다기베ᄅ리,waitaki valley,11,,manual,
reg01252,region,와이헤케 아일랜드,와이헤케 아일랜드,0,Waiheke Island,Waiheke Island,,ᅪᅵ헤게ᅡᅵᄅ레ᄂ드,waiheke island,14,,manual,
reg01263,region,와일드 호스 밸리,와일드 호스 밸리,0,Wild Horse Valley,Wild Horse Valley,AVA,ᅪᅵᄅ드호스베ᄅ리,wild horse valley,14,,auto,
reg01254,region,왈라 왈라 밸리,왈라 왈라 밸리,0,Walla Walla Valley,Walla Walla Valley,,ᅪᄅ라ᅪᄅ라베ᄅ리,walla walla valley,13,,added,
reg01275,region,요크 마운틴,요크 마운틴,0,York Mountain,York Mountain,AVA,ᅩ그마ᅮᄂ디ᄂ,york mountain,10,,manual,
reg01276,region,요크빌 하이랜즈,요크빌 하이랜즈,0,Yorkville Highlands,Yorkville Highlands,AVA,ᅩ그비ᄅ하ᅵ레ᄂ즈,yorkville highlands,14,,auto,
reg01277,region,욘트빌,욘트빌,0,Yountville,Yountville,AVA,ᅩᄂ드비ᄅ,yountville,7,,auto,
reg01193,region,우르베소,우르베소,0,Urbezo,Urbezo,DO,ᅮ르베소,urbezo,7,,manual,
reg01185,region,우코 밸리,우코 밸리,0,Uco Valley,Uco Valley,,ᅮ고베ᄅ리,uco valley,8,,added,
reg01186,region,움브리아,움브리아,0,Umbria,Umbria,,ᅮᄆ브리ᅡ,umbria,7,,added,
reg01255,region,워런 힐스,워런 힐스,0,Warren Hills,Warren Hills,AVA,ᅯ러ᄂ히ᄅ스,warren hills,9,,auto,
reg01261,region,웨스턴 빅토리아,웨스턴 빅토리아,0,Western Victoria,Western Victoria,,ᅰ스더ᄂ비ᄀ도리ᅡ,western victoria,14,,manual,
reg01259,region,웨스턴 코네티컷 하이랜즈,웨스턴 코네티컷 하이랜즈,0,Western Connecticut Highlands,Western Connecticut Highlands,AVA,ᅰ스더ᄂ고네디거ᄉ하ᅵ레ᄂ즈,western connecticut highlands,23,,auto,
reg01260,region,웨스턴 플레인스,웨스턴 플레인스,0,Western Plains,Western Plains,,ᅰ스더ᄂ브ᄅ레ᅵᄂ스,western plains,15,,auto,
reg01258,region,웨스트 소노마 코스트,웨스트 소노마 코스트,0,West Sonoma Coast,West Sonoma Coast,AVA,ᅰ스드소노마고스드,west sonoma coast,17,,auto,
reg01257,region,웨스트 엘크스,웨스트 엘크스,0,West Elks,West Elks,AVA,ᅰ스드ᅦᄅ그스,west elks,11,,auto,
reg01269,region,위스콘신 레지,위스콘신 레지,0,Wisconsin Ledge,Wisconsin Ledge,AVA,ᅱ스고ᄂ시ᄂ레지,wisconsin ledge,13,,auto,
reg01268,region,윈터스 하이랜즈,윈터스 하이랜즈,0,Winters Highlands,Winters Highlands,AVA,ᅱᄂ더스하ᅵ레ᄂ즈,winters highlands,14,,auto,
reg01264,region,윌라메트 밸리,윌라메트 밸리,0,Willamette Valley,Willamette Valley,,ᅱᄅ라메드베ᄅ리,willamette valley,13,,added,
reg01266,region,윌로우 크릭,윌로우 크릭,0,Willow Creek,Willow Creek,AVA,ᅱᄅ로ᅮ그리ᄀ,willow creek,10,,auto,
reg01265,region,윌콕스,윌콕스,0,Willcox,Willcox,AVA,ᅱᄅ고ᄀ스,willcox,7,,auto,
reg00605,region,이글 풋힐스,이글 풋힐스,0,Eagle Foothills,Eagle Foothills,AVA,ᅵ그ᄅ부ᄉ히ᄅ스,eagle foothills,12,,auto,
reg00606,region,이글 피크 멘도시노 카운티,이글 피크 멘도시노 카운티,0,Eagle Peak Mendocino County,Eagle Peak Mendocino County,AVA,ᅵ그ᄅ비그메ᄂ도시노가ᅮᄂ디,eagle peak mendocino county,23,,auto,
reg00705,region,이르피니아,이르피니아,0,Irpinia,Irpinia,,ᅵ르비니ᅡ,irpinia,8,,manual,
reg00706,region,이스키아,이스키아,0,Ischia,Ischia,,ᅵ스기ᅡ,ischia,6,,manual,
reg00607,region,이스턴 코네티컷 하이랜즈,이스턴 코네티컷 하이랜즈,0,Eastern Connecticut Highlands,Eastern Connecticut Highlands,AVA,ᅵ스더ᄂ고네디거ᄉ하ᅵ레ᄂ즈,eastern connecticut highlands,23,,auto,
reg00621,region,이올라 애미티 힐스,이올라 애미티 힐스,0,Eola-Amity Hills,Eola-Amity Hills,AVA,ᅵᅩᄅ라ᅦ미디히ᄅ스,eolaamity hills,15,,auto,
reg01217,region,이타타 밸리,이타타 밸리,0,Valle del Itata,Valle del Itata,,ᅵ다다베ᄅ리,valle del itata,10,,manual,
reg00704,region,인디애나 업랜즈,인디애나 업랜즈,0,Indiana Uplands,Indiana Uplands,AVA,ᅵᄂ디ᅦ나ᅥᄇ레ᄂ즈,indiana uplands,14,,auto,
reg00709,region,자스니에르,자스니에르,0,Jasnières,Jasnières,,자스니ᅦ르,jasnieres,9,,manual,
reg00708,region,자한트,자한트,0,Jahant,Jahant,AVA,자하ᄂ드,jahant,7,,auto,
reg01085,region,작센,작센,0,Saxony,Saxony,,자ᄀ세ᄂ,saxony,6,,manual,
reg01035,region,잘레 운스트루트,잘레 운스트루트,0,Saale-Unstrut,Saale-Unstrut,,자ᄅ레ᅮᄂ스드루드,saaleunstrut,15,,manual,
reg00664,region,조이아 델 콜레,조이아 델 콜레,0,Gioia del Colle,Gioia del Colle,,조ᅵᅡ데ᄅ고ᄅ레,gioia del colle,12,,manual,
reg00660,region,주브레 샹베르탱,주브레 샹베르탱,0,Gevrey-Chambertin,Gevrey-Chambertin,,주브레상베르뎅,gevreychambertin,16,,added,
reg00660,region,쥬브레,주브레 샹베르탱,1,Gevrey-Chambertin,Gevrey-Chambertin,,주브레,gevreychambertin,6,,alias,
reg00660,region,제브레 샹베르탱,주브레 샹베르탱,1,Gevrey-Chambertin,Gevrey-Chambertin,,제브레상베르뎅,gevreychambertin,16,,alias,
reg00660,region,쥬브레 샹베르땡,주브레 샹베르탱,1,Gevrey-Chambertin,Gevrey-Chambertin,,주브레상베르뎅,gevreychambertin,16,,alias,
reg00660,region,즈브레 샹베르탱,주브레 샹베르탱,1,Gevrey-Chambertin,Gevrey-Chambertin,,즈브레상베르뎅,gevreychambertin,16,,alias,
reg00713,region,쥐라,쥐라,0,Jura,Jura,,쥐라,jura,4,,added,
reg00714,region,쥐랑송,쥐랑송,0,Jurancon,Jurancon,,쥐랑송,jurancon,8,,added,
reg00711,region,쥘리에나,쥘리에나,0,Julienas,Julienas,,쥐ᄅ리ᅦ나,julienas,8,,added,
reg00662,region,지공다스,지공다스,0,Gigondas,Gigondas,,지공다스,gigondas,9,,added,
reg01099,region,지벤게비르게,지벤게비르게,0,Siebengebirge,Siebengebirge,,지베ᄂ게비르게,siebengebirge,13,,manual,
reg00665,region,지브리,지브리,0,Givry,Givry,,지브리,givry,6,,added,
reg00663,region,짐블렛 그래블스,짐블렛 그래블스,0,Gimblett Gravels,Gimblett Gravels,,지ᄆ브ᄅ레ᄉ그레브ᄅ스,gimblett gravels,18,,manual,
reg00488,region,차일스 밸리,차일스 밸리,0,Chiles Valley,Chiles Valley,AVA,자ᅵᄅ스베ᄅ리,chiles valley,11,,auto,
reg00470,region,체라수올로 디 비토리아,체라수올로 디 비토리아,0,Cerasuolo di Vittoria,Cerasuolo di Vittoria,,제라수ᅩᄅ로디비도리ᅡ,cerasuolo di vittoria,19,,manual,
reg00471,region,체르베테리,체르베테리,0,Cerveteri,Cerveteri,,제르베데리,cerveteri,10,,manual,
reg00472,region,체사네세,체사네세,0,Cesanese,Cesanese,,제사네세,cesanese,8,,manual,
reg00483,region,체할렘 마운틴스,체할렘 마운틴스,0,Chehalem Mountains,Chehalem Mountains,AVA,제하ᄅ레ᄆ마ᅮᄂ디ᄂ스,chehalem mountains,17,,auto,
reg00474,region,초크 힐,초크 힐,0,Chalk Hill,Chalk Hill,AVA,조그히ᄅ,chalk hill,7,,auto,
reg00497,region,치로,치로,0,Cirò,Cirò,,지로,ciro,4,,manual,
reg00496,region,치르체오,치르체오,0,Circeo,Circeo,,지르제ᅩ,circeo,7,,manual,
reg00495,region,친퀘 테레,친퀘 테레,0,Cinque Terre,Cinque Terre,,지ᄂ궤데레,cinque terre,9,,manual,
reg00494,region,칠렌토,칠렌토,0,Cilento,Cilento,,지ᄅ레ᄂ도,cilento,8,,manual,
reg00441,region,카나베제,카나베제,0,Canavese,Canavese,,가나베제,canavese,8,,manual,
reg00454,region,카네로스,카네로스,0,Carneros,Carneros,,가네로스,carneros,8,,added,
reg00443,region,카넬리,카넬리,0,Canelli,Canelli,,가네ᄅ리,canelli,7,,manual,
reg00430,region,카디약,카디약,0,Cadillac,Cadillac,AOC,가디ᅡᄀ,cadillac,6,,manual,
reg00453,region,카르미냐노,카르미냐노,0,Carmignano,Carmignano,,가르미나노,carmignano,10,,manual,
reg00455,region,카르소,카르소,0,Carso,Carso,,가르소,carso,6,,manual,
reg00450,region,카르카벨루스,카르카벨루스,0,Carcavelos,Carcavelos,DOC,가르가베ᄅ루스,carcavelos,13,,manual,
reg00456,region,카르타슈,카르타슈,0,Cartaxo,Cartaxo,IPR,가르다수,cartaxo,8,,manual,
reg00451,region,카리녜나,카리녜나,0,Cariñena,Cariñena,,가리네나,carinena,8,,manual,
reg00452,region,카멜 밸리,카멜 밸리,0,Carmel Valley,Carmel Valley,AVA,가메ᄅ베ᄅ리,carmel valley,10,,auto,
reg00465,region,카바,카바,0,Cava,Cava,,가바,cava,4,,added,
reg00457,region,카사블랑카 밸리,카사블랑카 밸리,0,Casablanca Valley,Casablanca Valley,,가사브ᄅ랑가베ᄅ리,casablanca valley,17,,added,
reg00458,region,카세르타,카세르타,0,Caserta,Caserta,,가세르다,caserta,8,,manual,
reg00460,region,카스텔 델 몬테,카스텔 델 몬테,0,Castel del Monte,Castel del Monte,,가스데ᄅ데ᄅ모ᄂ데,castel del monte,15,,manual,
reg00461,region,카스텔루 로드리구,카스텔루 로드리구,0,Castelo Rodrigo,Castelo Rodrigo,DOC,가스데ᄅ루로드리구,castelo rodrigo,17,,manual,
reg00462,region,카스티야 이 레온,카스티야 이 레온,0,Castilla y León,Castilla y León,,가스디ᅡᅵ레ᅩᄂ,castilla y leon,12,,manual,
reg00463,region,카스티용,카스티용,0,Castillon,Castillon,,가스디ᅩᆼ,castillon,8,,added,
reg00459,region,카시스,카시스,0,Cassis,Cassis,,가시스,cassis,6,,added,
reg00431,region,카오르,카오르,0,Cahors,Cahors,,가ᅩ르,cahors,5,,added,
reg00562,region,카우라,카우라,0,Cowra,Cowra,,가ᅮ라,cowra,5,,manual,
reg00466,region,카유가 레이크,카유가 레이크,0,Cayuga Lake,Cayuga Lake,AVA,가ᅮ가레ᅵ그,cayuga lake,10,,auto,
reg00429,region,카차포알 밸리,카차포알 밸리,0,Cachapoal Valley,Cachapoal Valley,,가자보ᅡᄅ베ᄅ리,cachapoal valley,13,,manual,
reg00464,region,카톡틴,카톡틴,0,Catoctin,Catoctin,AVA,가도ᄀ디ᄂ,catoctin,8,,auto,
reg00444,region,카페이 밸리,카페이 밸리,0,Capay Valley,Capay Valley,AVA,가베ᅵ베ᄅ리,capay valley,10,,auto,
reg00448,region,카포 밀라초,카포 밀라초,0,Capo Milazzo,Capo Milazzo,,가보미ᄅ라조,capo milazzo,11,,manual,
reg00449,region,카프리,카프리,0,Capri,Capri,,가브리,capri,6,,manual,
reg00715,region,카헤티,카헤티,0,Kakheti,Kakheti,,가헤디,kakheti,6,,added,
reg00432,region,칼라타유드,칼라타유드,0,Calatayud,Calatayud,PDO,가ᄅ라다ᅮ드,calatayud,10,,manual,
reg00435,region,칼리스토가,칼리스토가,0,Calistoga,Calistoga,AVA,가ᄅ리스도가,calistoga,11,,auto,
reg00436,region,캄파니아,캄파니아,0,Campania,Campania,,가ᄆ바니ᅡ,campania,8,,added,
reg00440,region,캄포 데 보르하,캄포 데 보르하,0,Campo de Borja,Campo de Borja,DO,가ᄆ보데보르하,campo de borja,13,,manual,
reg00439,region,캄포 로탈리아노,캄포 로탈리아노,0,Campo Rotaliano,Campo Rotaliano,,가ᄆ보로다ᄅ리ᅡ노,campo rotaliano,15,,manual,
reg00716,region,캄프탈,캄프탈,0,Kamptal,Kamptal,,가ᄆ브다ᄅ,kamptal,8,,added,
reg00437,region,캄피 플레그레이,캄피 플레그레이,0,Campi Flegrei,Campi Flegrei,,가ᄆ비브ᄅ레그레ᅵ,campi flegrei,15,,manual,
reg00438,region,캄피다노,캄피다노,0,Campidano,Campidano,,가ᄆ비다노,campidano,9,,manual,
reg00442,region,캔버라 디스트릭트,캔버라 디스트릭트,0,Canberra District,Canberra District,,게ᄂ버라디스드리ᄀ드,canberra district,18,,manual,
reg00433,region,캘리포니아,캘리포니아,0,California,California,,게ᄅ리보니ᅡ,california,10,,wikidata,
reg00434,region,캘리포니아 셰넌도어 밸리,캘리포니아 셰넌도어 밸리,0,California Shenandoah Valley,California Shenandoah Valley,AVA,게ᄅ리보니ᅡ세너ᄂ도ᅥ베ᄅ리,california shenandoah valley,23,,auto,
reg00979,region,캥시,캥시,0,Quincy,Quincy,AOC,겡시,quincy,5,,manual,
reg00717,region,커노와 리버 밸리,커노와 리버 밸리,0,Kanawha River Valley,Kanawha River Valley,AVA,거노ᅪ리버베ᄅ리,kanawha river valley,14,,auto,
reg00530,region,컬럼비아 고지,컬럼비아 고지,0,Columbia Gorge,Columbia Gorge,AVA,거ᄅ러ᄆ비ᅡ고지,columbia gorge,13,,auto,
reg00531,region,컬럼비아 밸리,컬럼비아 밸리,0,Columbia Valley,Columbia Valley,,거ᄅ러ᄆ비ᅡ베ᄅ리,columbia valley,14,,added,
reg00567,region,컴벌랜드 밸리,컴벌랜드 밸리,0,Cumberland Valley,Cumberland Valley,AVA,거ᄆ버ᄅ레ᄂ드베ᄅ리,cumberland valley,16,,auto,
reg00446,region,케이프 메이 페닌슐라,케이프 메이 페닌슐라,0,Cape May Peninsula,Cape May Peninsula,AVA,게ᅵ브메ᅵ베니ᄂ수ᄅ라,cape may peninsula,18,,auto,
reg00445,region,케이프 아굴라스,케이프 아굴라스,0,Cape Agulhas,Cape Agulhas,,게ᅵ브ᅡ구ᄅ라스,cape agulhas,13,,manual,
reg00447,region,케이프 포인트,케이프 포인트,0,Cape Point,Cape Point,,게ᅵ브보ᅵᄂ드,cape point,11,,auto,
reg00718,region,켈시 벤치 레이크 카운티,켈시 벤치 레이크 카운티,0,Kelsey Bench-Lake County,Kelsey Bench-Lake County,AVA,게ᄅ시베ᄂ지레ᅵ그가ᅮᄂ디,kelsey benchlake county,21,,auto,
reg00533,region,코넬리아노,코넬리아노,0,Conegliano,Conegliano,,고네ᄅ리ᅡ노,conegliano,10,,added,
reg00534,region,코넬리아노 발도비아데네,코넬리아노 발도비아데네,0,Conegliano Valdobbiadene,Conegliano Valdobbiadene,,고네ᄅ리ᅡ노바ᄅ도비ᅡ데네,conegliano valdobbiadene,22,,manual,
reg00506,region,코드루,코드루,0,Codru,Codru,,고드루,codru,6,,manual,
reg00546,region,코루셰,코루셰,0,Coruche,Coruche,DOC,고루세,coruche,6,,manual,
reg00542,region,코르나스,코르나스,0,Cornas,Cornas,,고르나스,cornas,8,,added,
reg00541,region,코르비에르,코르비에르,0,Corbieres,Corbieres,,고르비ᅦ르,corbieres,9,,added,
reg00543,region,코르시카,코르시카,0,Corsica,Corsica,,고르시가,corsica,8,,manual,
reg00544,region,코르통,코르통,0,Corton,Corton,,고르동,corton,7,,added,
reg00545,region,코르통 샤를마뉴,코르통 샤를마뉴,0,Corton-Charlemagne,Corton-Charlemagne,,고르동사르ᄅ마누,cortoncharlemagne,16,,added,
reg00560,region,코바 다 베이라,코바 다 베이라,0,Cova da Beira,Cova da Beira,DOC,고바다베ᅵ라,cova da beira,11,,manual,
reg00561,region,코벨로,코벨로,0,Covelo,Covelo,AVA,고베ᄅ로,covelo,7,,auto,
reg00548,region,코섬네스 리버,코섬네스 리버,0,Cosumnes River,Cosumnes River,AVA,고서ᄆ네스리버,cosumnes river,13,,auto,
reg00547,region,코스타 다말피,코스타 다말피,0,Costa d'Amalfi,Costa d'Amalfi,,고스다다마ᄅ비,costa damalfi,13,,manual,
reg00553,region,코토 뒤 랑그도크,코토 뒤 랑그도크,0,Coteaux du Languedoc,Coteaux du Languedoc,,고도뒤랑그도그,coteaux du languedoc,15,,manual,
reg00554,region,코토 뒤 레용,코토 뒤 레용,0,Coteaux du Layon,Coteaux du Layon,,고도뒤레ᅩᆼ,coteaux du layon,10,,added,
reg00555,region,코토 뒤 루아르,코토 뒤 루아르,0,Coteaux du Loir,Coteaux du Loir,,고도뒤루ᅡ르,coteaux du loir,11,,manual,
reg00556,region,코토 뒤 리오네,코토 뒤 리오네,0,Coteaux du Lyonnais,Coteaux du Lyonnais,,고도뒤리ᅩ네,coteaux du lyonnais,11,,manual,
reg00574,region,코토 뒤 지에누아,코토 뒤 지에누아,0,Côteaux du Giennois,Côteaux du Giennois,,고도뒤지ᅦ누ᅡ,coteaux du giennois,12,,manual,
reg00552,region,코토 드 피에르베르,코토 드 피에르베르,0,Coteaux de Pierrevert,Coteaux de Pierrevert,AOC,고도드비ᅦ르베르,coteaux de pierrevert,15,,manual,
reg00550,region,코트 데 블랑,코트 데 블랑,0,Cote des Blancs,Cote des Blancs,,고드데브ᄅ랑,cote des blancs,12,,added,
reg00549,region,코트 도르,코트 도르,0,Cote d'Or,Cote d'Or,,고드도르,cote dor,8,,added,
reg00583,region,코트 도베르뉴,코트 도베르뉴,0,Côtes d’Auvergne,Côtes d’Auvergne,,고드도베르누,cotes dauvergne,12,,manual,
reg00579,region,코트 뒤 론,코트 뒤 론,0,Côtes du Rhône,Côtes du Rhône,AOC,고드뒤로ᄂ,cotes du rhone,9,,manual,
reg00586,region,코트 뒤 론 빌라주,코트 뒤 론 빌라주,0,Côtes-du-Rhône Villages,Côtes-du-Rhône Villages,AOC,고드뒤로ᄂ비ᄅ라주,cotesdurhone villages,16,,manual,
reg00580,region,코트 뒤 루시용,코트 뒤 루시용,0,Côtes du Roussillon,Côtes du Roussillon,AOC,고드뒤루시ᅩᆼ,cotes du roussillon,12,,manual,
reg00581,region,코트 뒤 방투,코트 뒤 방투,0,Côtes du Ventoux,Côtes du Ventoux,AOC,고드뒤방두,cotes du ventoux,11,,manual,
reg00582,region,코트 뒤 비바레,코트 뒤 비바레,0,Côtes du Vivarais,Côtes du Vivarais,AOC,고드뒤비바레,cotes du vivarais,12,,manual,
reg00578,region,코트 뒤 쥐라,코트 뒤 쥐라,0,Côtes du Jura,Côtes du Jura,,고드뒤쥐라,cotes du jura,10,,manual,
reg00577,region,코트 뒤 포레,코트 뒤 포레,0,Côtes du Forez,Côtes du Forez,,고드뒤보레,cotes du forez,10,,manual,
reg00573,region,코트 드 뉘,코트 드 뉘,0,Côte de Nuits,Côte de Nuits,,고드드뉘,cote de nuits,8,,manual,
reg00573,region,꼬뜨 드 뉘,코트 드 뉘,1,Côte de Nuits,Côte de Nuits,,고드드뉘,cote de nuits,8,,alias,
reg00572,region,코트 드 본,코트 드 본,0,Côte de Beaune,Côte de Beaune,,고드드보ᄂ,cote de beaune,9,,manual,
reg00572,region,꼬뜨 드 본,코트 드 본,1,Côte de Beaune,Côte de Beaune,,고드드보ᄂ,cote de beaune,9,,alias,
reg00558,region,코트 드 부르,코트 드 부르,0,Cotes de Bourg,Cotes de Bourg,,고드드부르,cotes de bourg,10,,added,
reg00557,region,코트 드 블라이,코트 드 블라이,0,Cotes de Blaye,Cotes de Blaye,,고드드브ᄅ라ᅵ,cotes de blaye,12,,added,
reg00576,region,코트 드 상브르 에 뫼즈,코트 드 상브르 에 뫼즈,0,Côtes de Sambre et Meuse,Côtes de Sambre et Meuse,,고드드상브르ᅦ뭬즈,cotes de sambre et meuse,18,,manual,
reg00584,region,코트 드 생 몽,코트 드 생 몽,0,Côtes-de-saint-mont,Côtes-de-saint-mont,,고드드셍몽,cotesdesaintmont,12,,manual,
reg00559,region,코트 드 카스티용,코트 드 카스티용,0,Cotes de Castillon,Cotes de Castillon,,고드드가스디ᅩᆼ,cotes de castillon,14,,added,
reg00585,region,코트 드 통그,코트 드 통그,0,Côtes-de-thongue,Côtes-de-thongue,,고드드동그,cotesdethongue,11,,manual,
reg00575,region,코트 드 프로방스,코트 드 프로방스,0,Côtes de Provence,Côtes de Provence,,고드드브로방스,cotes de provence,15,,manual,
reg00571,region,코트 로아네즈,코트 로아네즈,0,Côte Roannaise,Côte Roannaise,,고드로ᅡ네즈,cote roannaise,11,,manual,
reg00551,region,코트 로티,코트 로티,0,Cote-Rotie,Cote-Rotie,,고드로디,coterotie,8,,added,
reg00551,region,꼬뜨 로티,코트 로티,1,Cote-Rotie,Cote-Rotie,,고드로디,coterotie,8,,alias,
reg00570,region,코트 샬로네즈,코트 샬로네즈,0,Côte Chalonnaise,Côte Chalonnaise,,고드사ᄅ로네즈,cote chalonnaise,13,,manual,
reg01237,region,콘스탄시아,콘스탄시아,0,Vineyards in Constantia,Vineyards in Constantia,,고ᄂ스다ᄂ시ᅡ,vineyards in constantia,11,,manual,
reg00536,region,콘테사 엔텔리나,콘테사 엔텔리나,0,Contessa Entellina,Contessa Entellina,,고ᄂ데사ᅦᄂ데ᄅ리나,contessa entellina,16,,manual,
reg00535,region,콘테아 디 스클라파니,콘테아 디 스클라파니,0,Contea di Sclafani,Contea di Sclafani,,고ᄂ데ᅡ디스그ᄅ라바니,contea di sclafani,19,,manual,
reg00537,region,콘트라 코스타,콘트라 코스타,0,Contra Costa,Contra Costa,AVA,고ᄂ드라고스다,contra costa,13,,auto,
reg00538,region,콘트로구에라,콘트로구에라,0,Controguerra,Controguerra,,고ᄂ드로구ᅦ라,controguerra,12,,manual,
reg00509,region,콜 랜치,콜 랜치,0,Cole Ranch,Cole Ranch,AVA,고ᄅ레ᄂ지,cole ranch,8,,auto,
reg00507,region,콜라르스,콜라르스,0,Colares,Colares,DOC,고ᄅ라르스,colares,9,,manual,
reg00521,region,콜리 델 트라시메노,콜리 델 트라시메노,0,Colli del Trasimeno,Colli del Trasimeno,,고ᄅ리데ᄅ드라시메노,colli del trasimeno,18,,manual,
reg00525,region,콜리 디 리미니,콜리 디 리미니,0,Colli di Rimini,Colli di Rimini,,고ᄅ리디리미니,colli di rimini,13,,manual,
reg00522,region,콜리 디 코넬리아노,콜리 디 코넬리아노,0,Colli di Conegliano,Colli di Conegliano,,고ᄅ리디고네ᄅ리ᅡ노,colli di conegliano,17,,manual,
reg00524,region,콜리 디 파르마,콜리 디 파르마,0,Colli di Parma,Colli di Parma,,고ᄅ리디바르마,colli di parma,13,,manual,
reg00523,region,콜리 디 파엔차,콜리 디 파엔차,0,Colli di Faenza,Colli di Faenza,,고ᄅ리디바ᅦᄂ자,colli di faenza,13,,manual,
reg00519,region,콜리 로마냐 첸트랄레,콜리 로마냐 첸트랄레,0,Colli Romagna Centrale,Colli Romagna Centrale,DOC,고ᄅ리로마나제ᄂ드라ᄅ레,colli romagna centrale,21,,manual,
reg00515,region,콜리 마르타니,콜리 마르타니,0,Colli Martani,Colli Martani,,고ᄅ리마르다니,colli martani,13,,manual,
reg00511,region,콜리 베리치,콜리 베리치,0,Colli Berici,Colli Berici,,고ᄅ리베리지,colli berici,11,,manual,
reg00512,region,콜리 볼로녜시,콜리 볼로녜시,0,Colli Bolognesi,Colli Bolognesi,,고ᄅ리보ᄅ로네시,colli bolognesi,14,,manual,
reg00510,region,콜리 알바니,콜리 알바니,0,Colli Albani,Colli Albani,,고ᄅ리ᅡᄅ바니,colli albani,11,,manual,
reg00514,region,콜리 에우가네이,콜리 에우가네이,0,Colli Euganei,Colli Euganei,,고ᄅ리ᅦᅮ가네ᅵ,colli euganei,12,,manual,
reg00627,region,콜리 에우가네이,콜리 에우가네이,0,Euganean Hills,Euganean Hills,,고ᄅ리ᅦᅮ가네ᅵ,euganean hills,12,,manual,
reg00513,region,콜리 에트루스키 비테르베시,콜리 에트루스키 비테르베시,0,Colli Etruschi Viterbesi,Colli Etruschi Viterbesi,,고ᄅ리ᅦ드루스기비데르베시,colli etruschi viterbesi,24,,manual,
reg00516,region,콜리 오리엔탈리 델 프리울리,콜리 오리엔탈리 델 프리울리,0,Colli Orientali del Friuli,Colli Orientali del Friuli,,고ᄅ리ᅩ리ᅦᄂ다ᄅ리데ᄅ브리ᅮᄅ리,colli orientali del friuli,26,,manual,
reg00520,region,콜리 토르토네시,콜리 토르토네시,0,Colli Tortonesi,Colli Tortonesi,,고ᄅ리도르도네시,colli tortonesi,15,,manual,
reg00517,region,콜리 페사레시,콜리 페사레시,0,Colli Pesaresi,Colli Pesaresi,,고ᄅ리베사레시,colli pesaresi,13,,manual,
reg00518,region,콜리 피아첸티니,콜리 피아첸티니,0,Colli Piacentini,Colli Piacentini,,고ᄅ리비ᅡ제ᄂ디니,colli piacentini,15,,manual,
reg00527,region,콜리네 노바레시,콜리네 노바레시,0,Colline Novaresi,Colline Novaresi,,고ᄅ리네노바레시,colline novaresi,15,,manual,
reg00751,region,콜리네 델 프로세코 디 코넬리아노 에 발도비아데네,콜리네 델 프로세코 디 코넬리아노 에 발도비아데네,0,Le Colline del Prosecco di Conegliano e Valdobbiadene,Le Colline del Prosecco di Conegliano e Valdobbiadene,,고ᄅ리네데ᄅ브로세고디고네ᄅ리ᅡ노ᅦ바ᄅ도비ᅡ데네,le colline del prosecco di conegliano e valdobbiadene,43,,manual,
reg00526,region,콜리네 루케시,콜리네 루케시,0,Colline Lucchesi,Colline Lucchesi,,고ᄅ리네루게시,colline lucchesi,13,,manual,
reg00528,region,콜리네 테라마네,콜리네 테라마네,0,Colline Teramane,Colline Teramane,,고ᄅ리네데라마네,colline teramane,15,,manual,
reg00529,region,콜리오,콜리오,0,Collio,Collio,,고ᄅ리ᅩ,collio,6,,manual,
reg00667,region,콜리오,콜리오,0,Gorizia Hills,Gorizia Hills,,고ᄅ리ᅩ,gorizia hills,6,,manual,
reg00508,region,콜차구아 밸리,콜차구아 밸리,0,Colchagua Valley,Colchagua Valley,,고ᄅ자구ᅡ베ᄅ리,colchagua valley,13,,manual,
reg00532,region,콩드리외,콩드리외,0,Condrieu,Condrieu,,공드리ᅰ,condrieu,8,,added,
reg00532,region,꽁드리유,콩드리외,1,Condrieu,Condrieu,,공드리ᅮ,condrieu,8,,alias,
reg00540,region,쿠나와라,쿠나와라,0,Coonawarra,Coonawarra,,구나ᅪ라,coonawarra,7,,added,
reg00568,region,쿠리코 밸리,쿠리코 밸리,0,Curico Valley,Curico Valley,,구리고베ᄅ리,curico valley,11,,added,
reg00569,region,쿠스토차,쿠스토차,0,Custoza,Custoza,,구스도자,custoza,8,,manual,
reg00566,region,쿠카몽가 밸리,쿠카몽가 밸리,0,Cucamonga Valley,Cucamonga Valley,AVA,구가몽가베ᄅ리,cucamonga valley,14,,auto,
reg00723,region,쿤샤그,쿤샤그,0,Kunság,Kunság,,구ᄂ사그,kunsag,7,,manual,
reg00720,region,쿨렌호프,쿨렌호프,0,Koelenhof,Koelenhof,,구ᄅ레ᄂ호브,koelenhof,10,,manual,
reg00539,region,쿰스빌,쿰스빌,0,Coombsville,Coombsville,AVA,구ᄆ스비ᄅ,coombsville,8,,auto,
reg01241,region,크라스,크라스,0,Vinorodni okoliš Kras,Vinorodni okoliš Kras,,그라스,vinorodni okolis kras,6,,manual,
reg00563,region,크레스턴,크레스턴,0,Creston District,Creston District,AVA,그레스더ᄂ,creston district,9,,auto,
reg00722,region,크렘스탈,크렘스탈,0,Kremstal,Kremstal,,그레ᄆ스다ᄅ,kremstal,10,,added,
reg00564,region,크로즈 에르미타주,크로즈 에르미타주,0,Crozes-Hermitage,Crozes-Hermitage,,그로즈ᅦ르미다주,crozeshermitage,15,,added,
reg00565,region,크리스탈 스프링스 나파 밸리,크리스탈 스프링스 나파 밸리,0,Crystal Springs of Napa Valley,Crystal Springs of Napa Valley,AVA,그리스다ᄅ스브링스나바베ᄅ리,crystal springs of napa valley,27,,auto,
reg00499,region,클라크스버그,클라크스버그,0,Clarksburg,Clarksburg,AVA,그ᄅ라그스버그,clarksburg,13,,auto,
reg00501,region,클레멘츠 힐스,클레멘츠 힐스,0,Clements Hills,Clements Hills,AVA,그ᄅ레메ᄂ즈히ᄅ스,clements hills,15,,auto,
reg00498,region,클레어 밸리,클레어 밸리,0,Clare Valley,Clare Valley,,그ᄅ레ᅥ베ᄅ리,clare valley,11,,manual,
reg00505,region,클로 드 라 로슈,클로 드 라 로슈,0,Clos de la Roche,Clos de la Roche,,그ᄅ로드라로수,clos de la roche,13,,added,
reg00503,region,클로 드 베즈,클로 드 베즈,0,Clos de Beze,Clos de Beze,,그ᄅ로드베즈,clos de beze,11,,added,
reg00504,region,클로 드 부조,클로 드 부조,0,Clos de Vougeot,Clos de Vougeot,,그ᄅ로드부조,clos de vougeot,11,,added,
reg00504,region,끌로 드 부조,클로 드 부조,1,Clos de Vougeot,Clos de Vougeot,,그ᄅ로드부조,clos de vougeot,11,,alias,
reg00502,region,클로 생 드니,클로 생 드니,0,Clos Saint-Denis,Clos Saint-Denis,,그ᄅ로셍드니,clos saintdenis,12,,added,
reg00500,region,클리어 레이크,클리어 레이크,0,Clear Lake,Clear Lake,AVA,그ᄅ리ᅥ레ᅵ그,clear lake,11,,auto,
reg00486,region,키안티,키안티,0,Chianti,Chianti,,기ᅡᄂ디,chianti,6,,manual,
reg00486,region,끼안티,키안티,1,Chianti,Chianti,,기ᅡᄂ디,chianti,6,,alias,
reg00487,region,키안티 클라시코,키안티 클라시코,0,Chianti Classico,Chianti Classico,,기ᅡᄂ디그ᄅ라시고,chianti classico,15,,manual,
reg01142,region,타란토,타란토,0,Taranto,Taranto,,다라ᄂ도,taranto,7,,manual,
reg01157,region,타로스,타로스,0,Tharros,Tharros,,다로스,tharros,6,,manual,
reg01143,region,타르퀴니아,타르퀴니아,0,Tarquinia,Tarquinia,,다르귀니ᅡ,tarquinia,9,,manual,
reg01145,region,타벨,타벨,0,Tavel,Tavel,,다베ᄅ,tavel,5,,added,
reg01184,region,타보라 바로자,타보라 바로자,0,Távora-Varosa,Távora-Varosa,DOC,다보라바로자,tavoravarosa,12,,manual,
reg01141,region,타부르노,타부르노,0,Taburno,Taburno,,다부르노,taburno,8,,manual,
reg01146,region,타비라,타비라,0,Tavira,Tavira,DOC,다비라,tavira,6,,manual,
reg01144,region,타우라시,타우라시,0,Taurasi,Taurasi,,다ᅮ라시,taurasi,7,,added,
reg01183,region,타이거버그,타이거버그,0,Tygerberg,Tygerberg,,다ᅵ거버그,tygerberg,9,,manual,
reg01151,region,테라스 드 시코,테라스 드 시코,0,Terras de Sicó,Terras de Sicó,VR,데라스드시고,terras de sico,12,,manual,
reg01150,region,테라스 마데이렌스스,테라스 마데이렌스스,0,Terras Madeirenses,Terras Madeirenses,VR,데라스마데ᅵ레ᄂ스스,terras madeirenses,18,,manual,
reg01152,region,테레 델 콜레오니,테레 델 콜레오니,0,Terre del Colleoni,Terre del Colleoni,,데레데ᄅ고ᄅ레ᅩ니,terre del colleoni,15,,manual,
reg01148,region,테메큘라 밸리,테메큘라 밸리,0,Temecula Valley,Temecula Valley,AVA,데메구ᄅ라베ᄅ리,temecula valley,14,,auto,
reg01147,region,테주,테주,0,Tejo,Tejo,VR,데주,tejo,4,,manual,
reg01153,region,텍사스 데이비스 마운틴스,텍사스 데이비스 마운틴스,0,Texas Davis Mountains,Texas Davis Mountains,AVA,데ᄀ사스데ᅵ비스마ᅮᄂ디ᄂ스,texas davis mountains,23,,auto,
reg01154,region,텍사스 하이 플레인스,텍사스 하이 플레인스,0,Texas High Plains,Texas High Plains,AVA,데ᄀ사스하ᅵ브ᄅ레ᅵᄂ스,texas high plains,19,,auto,
reg01155,region,텍사스 힐 컨트리,텍사스 힐 컨트리,0,Texas Hill Country,Texas Hill Country,AVA,데ᄀ사스히ᄅ거ᄂ드리,texas hill country,17,,auto,
reg01156,region,텍소마,텍소마,0,Texoma,Texoma,AVA,데ᄀ소마,texoma,7,,auto,
reg01149,region,템플턴 갭,템플턴 갭,0,Templeton Gap District,Templeton Gap District,AVA,데ᄆ브ᄅ더ᄂ게ᄇ,templeton gap district,12,,auto,
reg01172,region,토레스 베드라스,토레스 베드라스,0,Torres Vedras,Torres Vedras,DOC,도레스베드라스,torres vedras,14,,manual,
reg01171,region,토로,토로,0,Toro,Toro,,도로,toro,4,,added,
reg01170,region,토르자노,토르자노,0,Torgiano,Torgiano,,도르자노,torgiano,8,,manual,
reg01169,region,토마르,토마르,0,Tomar,Tomar,DOC,도마르,tomar,6,,manual,
reg01173,region,토스카나,토스카나,0,Toscana,Toscana,,도스가나,toscana,8,,added,
reg01182,region,토스카나,토스카나,0,Tuscany,Tuscany,,도스가나,tuscany,8,,added,
reg01182,region,투스카니,토스카나,1,Tuscany,Tuscany,,두스가니,tuscany,8,,alias,
reg01165,region,토카이,토카이,0,Tokaj,Tokaj,,도가ᅵ,tokaj,5,,manual,
reg01167,region,토카이 아수,토카이 아수,0,Tokaji Aszu,Tokaji Aszu,,도가ᅵᅡ수,tokaji aszu,8,,manual,
reg01167,region,토카이아수,토카이 아수,1,Tokaji Aszu,Tokaji Aszu,,도가ᅵᅡ수,tokaji aszu,8,,alias,
reg01167,region,토카이 아쑤,토카이 아수,1,Tokaji Aszu,Tokaji Aszu,,도가ᅵᅡ수,tokaji aszu,8,,alias,
reg01166,region,토카이 헤저여,토카이 헤저여,0,Tokaj-Hegyalja,Tokaj-Hegyalja,,도가ᅵ헤저ᅥ,tokajhegyalja,10,,manual,
reg01168,region,톨너,톨너,0,Tolna,Tolna,,도ᄅ너,tolna,5,,manual,
reg01180,region,투알라틴 힐스,투알라틴 힐스,0,Tualatin Hills,Tualatin Hills,AVA,두ᅡᄅ라디ᄂ히ᄅ스,tualatin hills,14,,auto,
reg01181,region,툼바룸바,툼바룸바,0,Tumbarumba,Tumbarumba,,두ᄆ바루ᄆ바,tumbarumba,10,,manual,
reg01179,region,트라스 우스 몬트스,트라스 우스 몬트스,0,Trás-os-Montes,Trás-os-Montes,DOC,드라스ᅮ스모ᄂ드스,trasosmontes,16,,manual,
reg01175,region,트레비아노 다브루초,트레비아노 다브루초,0,Trebbiano d'Abruzzo,Trebbiano d'Abruzzo,,드레비ᅡ노다브루조,trebbiano dabruzzo,17,,manual,
reg01175,region,트레비아노 다부르쪼,트레비아노 다브루초,1,Trebbiano d'Abruzzo,Trebbiano d'Abruzzo,,드레비ᅡ노다부르조,trebbiano dabruzzo,17,,alias,
reg01175,region,트레비아노 다부르초,트레비아노 다브루초,1,Trebbiano d'Abruzzo,Trebbiano d'Abruzzo,,드레비ᅡ노다부르조,trebbiano dabruzzo,17,,alias,
reg01174,region,트레이시 힐스,트레이시 힐스,0,Tracy Hills,Tracy Hills,AVA,드레ᅵ시히ᄅ스,tracy hills,12,,auto,
reg01177,region,트렉센타,트렉센타,0,Trexenta,Trexenta,,드레ᄀ세ᄂ다,trexenta,10,,manual,
reg01176,region,트렌티노,트렌티노,0,Trentino,Trentino,,드레ᄂ디노,trentino,9,,manual,
reg01178,region,트리니티 레이크스,트리니티 레이크스,0,Trinity Lakes,Trinity Lakes,AVA,드리니디레ᅵ그스,trinity lakes,15,,auto,
reg01162,region,티에라 델 비노 데 사모라,티에라 델 비노 데 사모라,0,Tierra del Vino de Zamora,Tierra del Vino de Zamora,DO,디ᅦ라데ᄅ비노데사모라,tierra del vino de zamora,20,,manual,
reg01161,region,티치노,티치노,0,Ticino,Ticino,,디지노,ticino,6,,manual,
reg01163,region,틴틸리아 델 몰리세,틴틸리아 델 몰리세,0,Tintilia del Molise,Tintilia del Molise,,디ᄂ디ᄅ리ᅡ데ᄅ모ᄅ리세,tintilia del molise,19,,manual,
reg01164,region,팁 미트,팁 미트,0,Tip of the Mitt,Tip of the Mitt,AVA,디ᄇ미드,tip of the mitt,7,,auto,
reg00928,region,파르테올라,파르테올라,0,Parteolla,Parteolla,,바르데ᅩᄅ라,parteolla,10,,manual,
reg00921,region,파를,파를,0,Paarl,Paarl,,바르ᄅ,paarl,5,,added,
reg00929,region,파소 로블스,파소 로블스,0,Paso Robles,Paso Robles,AVA,바소로브ᄅ스,paso robles,11,,manual,
reg00930,region,파소 로블스 에스트레야,파소 로블스 에스트레야,0,Paso Robles Estrella District,Paso Robles Estrella District,AVA,바소로브ᄅ스ᅦ스드레ᅡ,paso robles estrella district,19,,auto,
reg00933,region,파소 로블스 윌로우 크릭,파소 로블스 윌로우 크릭,0,Paso Robles Willow Creek District,Paso Robles Willow Creek District,AVA,바소로브ᄅ스ᅱᄅ로ᅮ그리ᄀ,paso robles willow creek district,21,,auto,
reg00931,region,파소 로블스 제네세오,파소 로블스 제네세오,0,Paso Robles Geneseo District,Paso Robles Geneseo District,AVA,바소로브ᄅ스제네세ᅩ,paso robles geneseo district,18,,auto,
reg00932,region,파소 로블스 하이랜즈,파소 로블스 하이랜즈,0,Paso Robles Highlands District,Paso Robles Highlands District,AVA,바소로브ᄅ스하ᅵ레ᄂ즈,paso robles highlands district,19,,auto,
reg00639,region,파운틴그로브,파운틴그로브,0,Fountaingrove,Fountaingrove,AVA,바ᅮᄂ디ᄂ그로브,fountaingrove,13,,auto,
reg00640,region,파운틴그로브,파운틴그로브,0,Fountaingrove District,Fountaingrove District,AVA,바ᅮᄂ디ᄂ그로브,fountaingrove district,13,,auto,
reg00924,region,파이시네스,파이시네스,0,Paicines,Paicines,AVA,바ᅵ시네스,paicines,9,,auto,
reg00951,region,파인 마운틴 클로버데일,파인 마운틴 클로버데일,0,Pine Mountain-Cloverdale,Pine Mountain-Cloverdale,AVA,바ᅵᄂ마ᅮᄂ디ᄂ그ᄅ로버데ᅵᄅ,pine mountaincloverdale,22,,auto,
reg00922,region,파체코 패스,파체코 패스,0,Pacheco Pass,Pacheco Pass,AVA,바제고베스,pacheco pass,10,,auto,
reg00927,region,판텔레리아,판텔레리아,0,Pantelleria,Pantelleria,,바ᄂ데ᄅ레리ᅡ,pantelleria,11,,manual,
reg00629,region,팔레르노 델 마시코,팔레르노 델 마시코,0,Falerno del Massico,Falerno del Massico,,바ᄅ레르노데ᄅ마시고,falerno del massico,18,,manual,
reg00926,region,팔멜라,팔멜라,0,Palmela,Palmela,DOC,바ᄅ메ᄅ라,palmela,8,,manual,
reg00925,region,팔츠,팔츠,0,Palatinate,Palatinate,,바ᄅ즈,palatinate,5,,manual,
reg00943,region,팔츠,팔츠,0,Pfalz,Pfalz,,바ᄅ즈,pfalz,5,,added,
reg00923,region,패드서웨이,패드서웨이,0,Padthaway,Padthaway,,베드서ᅰᅵ,padthaway,8,,manual,
reg00936,region,페네데스,페네데스,0,Penedes,Penedes,,베네데스,penedes,8,,added,
reg00937,region,페니솔라 소렌티나,페니솔라 소렌티나,0,Penisola Sorrentina,Penisola Sorrentina,,베니소ᄅ라소레ᄂ디나,penisola sorrentina,18,,manual,
reg00939,region,페닌술라 드 세투발,페닌술라 드 세투발,0,Península de Setúbal,Península de Setúbal,VR,베니ᄂ수ᄅ라드세두바ᄅ,peninsula de setubal,19,,manual,
reg00940,region,페르낭 베르줄레스,페르낭 베르줄레스,0,Pernand-Vergelesses,Pernand-Vergelesses,,베르낭베르주ᄅ레스,pernandvergelesses,18,,added,
reg00941,region,페삭 레오냥,페삭 레오냥,0,Pessac-Leognan,Pessac-Leognan,,베사ᄀ레ᅩ낭,pessacleognan,11,,added,
reg00941,region,빼싹 레오냥,페삭 레오냥,1,Pessac-Leognan,Pessac-Leognan,,베사ᄀ레ᅩ낭,pessacleognan,11,,alias,
reg00628,region,페어 플레이,페어 플레이,0,Fair Play,Fair Play,AVA,베ᅥ브ᄅ레ᅵ,fair play,9,,manual,
reg00942,region,페탈루마 갭,페탈루마 갭,0,Petaluma Gap,Petaluma Gap,AVA,베다ᄅ루마게ᄇ,petaluma gap,12,,auto,
reg00631,region,펜빌,펜빌,0,Fennville,Fennville,AVA,베ᄂ비ᄅ,fennville,6,,auto,
reg00938,region,펜트로 디세르니아,펜트로 디세르니아,0,Pentro d'Isernia,Pentro d'Isernia,,베ᄂ드로디세르니ᅡ,pentro disernia,16,,manual,
reg00962,region,포르나시오,포르나시오,0,Pornassio,Pornassio,,보르나시ᅩ,pornassio,9,,manual,
reg00965,region,포르탈레그르,포르탈레그르,0,Portalegre,Portalegre,DOC,보르다ᄅ레그르,portalegre,13,,manual,
reg00967,region,포르투,포르투,0,Porto,Porto,,보르두,porto,6,,added,
reg00966,region,포르티망,포르티망,0,Portimão,Portimão,DOC,보르디망,portimao,9,,manual,
reg00961,region,포마르,포마르,0,Pommard,Pommard,,보마르,pommard,6,,added,
reg00959,region,포므롤,포므롤,0,Pomerol,Pomerol,,보므로ᄅ,pomerol,7,,added,
reg00959,region,뽀므롤,포므롤,1,Pomerol,Pomerol,,보므로ᄅ,pomerol,7,,alias,
reg00960,region,포미노,포미노,0,Pomino,Pomino,,보미노,pomino,6,,manual,
reg00934,region,포이약,포이약,0,Pauillac,Pauillac,,보ᅵᅡᄀ,pauillac,5,,added,
reg00934,region,뽀이약,포이약,1,Pauillac,Pauillac,,보ᅵᅡᄀ,pauillac,5,,alias,
reg00630,region,포제르,포제르,0,Faugeres,Faugeres,,보제르,faugeres,6,,added,
reg00968,region,포터 밸리,포터 밸리,0,Potter Valley,Potter Valley,AVA,보더베ᄅ리,potter valley,9,,auto,
reg00963,region,포트,포트,0,Port,Port,DOC,보드,port,4,,manual,
reg00638,region,포트 로스 시뷰,포트 로스 시뷰,0,Fort Ross-Seaview,Fort Ross-Seaview,AVA,보드로스시부,fort rossseaview,12,,auto,
reg00964,region,포트 필립,포트 필립,0,Port Phillip,Port Phillip,,보드비ᄅ리ᄇ,port phillip,10,,manual,
reg00958,region,폴리노,폴리노,0,Pollino,Pollino,,보ᄅ리노,pollino,7,,manual,
reg00935,region,폴셀 밸리,폴셀 밸리,0,Paulsell Valley,Paulsell Valley,AVA,보ᄅ세ᄅ베ᄅ리,paulsell valley,11,,auto,
reg00970,region,푸이 퓌메,푸이 퓌메,0,Pouilly-Fume,Pouilly-Fume,,부ᅵ뷔메,pouillyfume,7,,added,
reg00969,region,푸이 퓌세,푸이 퓌세,0,Pouilly-Fuisse,Pouilly-Fuisse,,부ᅵ뷔세,pouillyfuisse,7,,added,
reg00975,region,풀리아,풀리아,0,Puglia,Puglia,,부ᄅ리ᅡ,puglia,6,,added,
reg00976,region,퓔리니 몽라셰,퓔리니 몽라셰,0,Puligny-Montrachet,Puligny-Montrachet,,뷔ᄅ리니몽라세,pulignymontrachet,14,,added,
reg00976,region,퓔리니 몽라쉐,퓔리니 몽라셰,1,Puligny-Montrachet,Puligny-Montrachet,,뷔ᄅ리니몽라쉐,pulignymontrachet,14,,alias,
reg00976,region,퓰리니 몽라셰,퓔리니 몽라셰,1,Puligny-Montrachet,Puligny-Montrachet,,부ᄅ리니몽라세,pulignymontrachet,14,,alias,
reg00974,region,퓨젯 사운드,퓨젯 사운드,0,Puget Sound,Puget Sound,AVA,부제ᄉ사ᅮᄂ드,puget sound,11,,auto,
reg00645,region,프라스카티,프라스카티,0,Frascati,Frascati,,브라스가디,frascati,10,,manual,
reg00644,region,프란슈후크,프란슈후크,0,Franschhoek,Franschhoek,,브라ᄂ수후그,franschhoek,11,,added,
reg00641,region,프란차코르타,프란차코르타,0,Franciacorta,Franciacorta,,브라ᄂ자고르다,franciacorta,13,,manual,
reg00642,region,프랑켄,프랑켄,0,Franconia,Franconia,,브랑게ᄂ,franconia,8,,manual,
reg00643,region,프랑켄,프랑켄,0,Franken,Franken,,브랑게ᄂ,franken,8,,added,
reg00646,region,프레더릭스버그 텍사스 힐 컨트리,프레더릭스버그 텍사스 힐 컨트리,0,Fredericksburg in the Texas Hill Country,Fredericksburg in the Texas Hill Country,AVA,브레더리ᄀ스버그데ᄀ사스히ᄅ거ᄂ드리,fredericksburg in the texas hill country,32,,auto,
reg00973,region,프로방스,프로방스,0,Provence,Provence,,브로방스,provence,9,,added,
reg00972,region,프로세코,프로세코,0,Prosecco,Prosecco,,브로세고,prosecco,8,,added,
reg00654,region,프롱삭,프롱삭,0,Fronsac,Fronsac,,브롱사ᄀ,fronsac,8,,added,
reg00655,region,프롱통,프롱통,0,Fronton,Fronton,AOC,브롱동,fronton,8,,manual,
reg00971,region,프리오라트,프리오라트,0,Priorat,Priorat,,브리ᅩ라드,priorat,9,,manual,
reg00647,region,프리울리,프리울리,0,Friuli,Friuli,,브리ᅮᄅ리,friuli,8,,added,
reg00650,region,프리울리 그라베,프리울리 그라베,0,Friuli Grave,Friuli Grave,,브리ᅮᄅ리그라베,friuli grave,14,,manual,
reg00652,region,프리울리 라티사나,프리울리 라티사나,0,Friuli Latisana,Friuli Latisana,,브리ᅮᄅ리라디사나,friuli latisana,16,,manual,
reg00653,region,프리울리 베네치아 줄리아,프리울리 베네치아 줄리아,0,Friuli-Venezia Giulia,Friuli-Venezia Giulia,,브리ᅮᄅ리베네지ᅡ주ᄅ리ᅡ,friulivenezia giulia,21,,added,
reg00649,region,프리울리 아퀼레이아,프리울리 아퀼레이아,0,Friuli Aquileia,Friuli Aquileia,,브리ᅮᄅ리ᅡ귀ᄅ레ᅵᅡ,friuli aquileia,16,,manual,
reg00648,region,프리울리 안니아,프리울리 안니아,0,Friuli Annia,Friuli Annia,DOC,브리ᅮᄅ리ᅡᄂ니ᅡ,friuli annia,13,,manual,
reg00651,region,프리울리 이손초,프리울리 이손초,0,Friuli Isonzo,Friuli Isonzo,,브리ᅮᄅ리ᅵ소ᄂ조,friuli isonzo,14,,manual,
reg00955,region,플라 데 바제스,플라 데 바제스,0,Pla de Bages,Pla de Bages,,브ᄅ라데바제스,pla de bages,13,,manual,
reg00957,region,플라나르지아,플라나르지아,0,Planargia,Planargia,,브ᄅ라나르지ᅡ,planargia,12,,manual,
reg00956,region,플라날투 미란데스,플라날투 미란데스,0,Planalto Mirandês,Planalto Mirandês,DOC,브ᄅ라나ᄅ두미라ᄂ데스,planalto mirandes,19,,manual,
reg00637,region,플뢰리,플뢰리,0,Fleurie,Fleurie,,브ᄅ뤠리,fleurie,7,,added,
reg00952,region,피네롤레제,피네롤레제,0,Pinerolese,Pinerolese,,비네로ᄅ레제,pinerolese,11,,manual,
reg00633,region,피들타운,피들타운,0,Fiddletown,Fiddletown,AVA,비드ᄅ다ᅮᄂ,fiddletown,9,,auto,
reg00978,region,피레네 오리앙탈,피레네 오리앙탈,0,Pyrénées-Orientales,Pyrénées-Orientales,,비레네ᅩ리ᅡᆼ다ᄅ,pyreneesorientales,14,,manual,
reg00977,region,피레니스,피레니스,0,Pyrenees,Pyrenees,,비레니스,pyrenees,8,,manual,
reg00944,region,피아나 디 시바리,피아나 디 시바리,0,Piana di Sibari,Piana di Sibari,,비ᅡ나디시바리,piana di sibari,13,,manual,
reg00632,region,피아노 디 아벨리노,피아노 디 아벨리노,0,Fiano di Avellino,Fiano di Avellino,,비ᅡ노디ᅡ베ᄅ리노,fiano di avellino,15,,added,
reg00945,region,피아베,피아베,0,Piave,Piave,,비ᅡ베,piave,5,,manual,
reg00949,region,피에몬테,피에몬테,0,Piedmont,Piedmont,,비ᅦ모ᄂ데,piedmont,8,,added,
reg00950,region,피에몬테,피에몬테,0,Piemonte,Piemonte,,비ᅦ모ᄂ데,piemonte,8,,added,
reg01160,region,피에몬테 랑게 로에로 몬페라토,피에몬테 랑게 로에로 몬페라토,0,The Vineyard Landscape of Piedmont: Langhe-Roero and Monferrato,The Vineyard Landscape of Piedmont: Langhe-Roero and Monferrato,,비ᅦ모ᄂ데랑게로ᅦ로모ᄂ베라도,the vineyard landscape of piedmont langheroero and monferrato,27,,manual,
reg00947,region,피카딜리 밸리,피카딜리 밸리,0,Piccadilly Valley,Piccadilly Valley,,비가디ᄅ리베ᄅ리,piccadilly valley,14,,manual,
reg00948,region,피쿠,피쿠,0,Pico,Pico,IPR,비구,pico,4,,manual,
reg00742,region,피쿠 섬,피쿠 섬,0,Landscape of the Pico Island Vineyard Culture – buffer zone,Landscape of the Pico Island Vineyard Culture – buffer zone,,비구서ᄆ,landscape of the pico island vineyard culture buffer zone,7,,manual,
reg00743,region,피쿠 섬,피쿠 섬,0,Landscape of the Pico Island Vineyard Culture – part I,Landscape of the Pico Island Vineyard Culture – part I,,비구서ᄆ,landscape of the pico island vineyard culture part i,7,,manual,
reg00744,region,피쿠 섬,피쿠 섬,0,Landscape of the Pico Island Vineyard Culture – part II,Landscape of the Pico Island Vineyard Culture – part II,,비구서ᄆ,landscape of the pico island vineyard culture part ii,7,,manual,
reg00741,region,피쿠섬의 포도밭 문화 경관,피쿠섬의 포도밭 문화 경관,0,Landscape of the Pico Island Vineyard Culture,Landscape of the Pico Island Vineyard Culture,,비구서믜보도바ᄃ무ᄂ화겅과ᄂ,landscape of the pico island vineyard culture,26,,wikidata,
reg00635,region,피투,피투,0,Fitou,Fitou,AOC,비두,fitou,4,,manual,
reg00954,region,피틸리아노,피틸리아노,0,Pitigliano,Pitigliano,,비디ᄅ리ᅡ노,pitigliano,10,,manual,
reg00946,region,픽 생 루,픽 생 루,0,Pic Saint-Loup,Pic Saint-Loup,,비ᄀ셍루,pic saintloup,8,,added,
reg00636,region,픽생,픽생,0,Fixin,Fixin,,비ᄀ셍,fixin,6,,added,
reg00953,region,핀옐,핀옐,0,Pinhel,Pinhel,DOC,비네ᄅ,pinhel,5,,manual,
reg00634,region,핑거 레이크스,핑거 레이크스,0,Finger Lakes,Finger Lakes,AVA,빙거레ᅵ그스,finger lakes,12,,manual,
reg00701,region,하웰 마운틴,하웰 마운틴,0,Howell Mountain,Howell Mountain,AVA,하ᅰᄅ마ᅮᄂ디ᄂ,howell mountain,11,,manual,
reg00697,region,하이 밸리,하이 밸리,0,High Valley,High Valley,AVA,하ᅵ베ᄅ리,high valley,8,,auto,
reg00685,region,해피 캐니언 산타 바바라,해피 캐니언 산타 바바라,0,Happy Canyon of Santa Barbara,Happy Canyon of Santa Barbara,AVA,헤비게니ᅥᄂ사ᄂ다바바라,happy canyon of santa barbara,21,,auto,
reg01158,region,햄튼스,햄튼스,0,"The Hamptons, Long Island","The Hamptons, Long Island",AVA,헤ᄆ드ᄂ스,the hamptons long island,8,,auto,
reg00699,region,허니오이,허니오이,0,Honeoye,Honeoye,,허니ᅩᅵ,honeoye,6,,manual,
reg00702,region,허드슨 리버,허드슨 리버,0,Hudson River Region,Hudson River Region,AVA,허드스ᄂ리버,hudson river region,11,,auto,
reg00693,region,허먼,허먼,0,Hermann,Hermann,AVA,허머ᄂ,hermann,5,,auto,
reg00683,region,허요시 버여,허요시 버여,0,Hajós-Baja,Hajós-Baja,,허ᅩ시버ᅥ,hajosbaja,8,,manual,
reg00703,region,헌터 밸리,헌터 밸리,0,Hunter Valley,Hunter Valley,,허ᄂ더베ᄅ리,hunter valley,10,,added,
reg00710,region,헤레스,헤레스,0,Jerez,Jerez,,헤레스,jerez,6,,added,
reg00692,region,헤멜 엔 아르드 밸리,헤멜 엔 아르드 밸리,0,Hemel-en-Aarde Valley,Hemel-en-Aarde Valley,,헤메레나르드베ᄅ리,hemelenaarde valley,17,,manual,
reg00695,region,헤시셰 베르크슈트라세,헤시셰 베르크슈트라세,0,Hessische Bergstraße,Hessische Bergstraße,,헤시세베르그수드라세,hessische bergstra e,20,,manual,
reg00684,region,헤임스 밸리,헤임스 밸리,0,Hames Valley,Hames Valley,AVA,헤ᅵᄆ스베ᄅ리,hames valley,11,,auto,
reg00991,region,헤지앙 다 우바 이 비뉴,헤지앙 다 우바 이 비뉴,0,Região da Uva e Vinho,Região da Uva e Vinho,,헤지ᅡᆼ다ᅮ바ᅵ비누,regiao da uva e vinho,16,,manual,
reg00691,region,헬더버그,헬더버그,0,Helderberg,Helderberg,,헤ᄅ더버그,helderberg,9,,manual,
reg00688,region,호 리버 밸리,호 리버 밸리,0,Haw River Valley,Haw River Valley,AVA,호리버베ᄅ리,haw river valley,11,,auto,
reg00700,region,호스 헤븐 힐스,호스 헤븐 힐스,0,Horse Heaven Hills,Horse Heaven Hills,AVA,호스헤브ᄂ히ᄅ스,horse heaven hills,14,,auto,
reg00689,region,호크스 베이,호크스 베이,0,Hawke's Bay,Hawke's Bay,,호그스베ᅵ,hawkes bay,9,,manual,
reg01262,region,화이트 블러프스,화이트 블러프스,0,White Bluffs,White Bluffs,AVA,화ᅵ드브ᄅ러브스,white bluffs,14,,auto,
reg00696,region,회벨란트,회벨란트,0,Heuvelland,Heuvelland,,훼베ᄅ라ᄂ드,heuvelland,10,,manual,
reg00712,region,후미야,후미야,0,Jumilla,Jumilla,,후미ᅡ,jumilla,5,,added,
reg00690,region,히스코트,히스코트,0,Heathcote,Heathcote,,히스고드,heathcote,8,,manual,
reg00698,region,힐탑스,힐탑스,0,Hilltops,Hilltops,,히ᄅ다ᄇ스,hilltops,8,,manual,
